uuid,sex,age,age_group,occupation,district,visit,time_slot
cf84816ec5be445791fce6ceec714021,남자,48,40대,"전직 철도운송 관련 종사원, 현재 구직중",울산-남구,False,
5bd1044aa75f4cfe95d58dd9d760caf9,여자,22,20대,회계 사무원,서울-마포구,True,11-14
7ae97bfbc1eb4609b5b9f0d99975e5b6,여자,51,50대,무직,경기-성남시 분당구,False,
05a816b92bdc45e3907dcd1301efe7c7,남자,72,60대+,무직,인천-계양구,False,
90e2ccf234854c2f9e4f6867aec6c926,여자,43,40대,무직,서울-양천구,False,
01a92b27599c483a9672d1574843b3e5,남자,34,30대,무직,서울-양천구,False,
07500c855484452ebdc78ed1ef5c0432,남자,41,40대,교육 및 훈련 사무원,충청남-홍성군,False,
79862e417a3047c1b695b7cbe5653b90,여자,34,30대,"전직 기업 고위 임원, 현재 구직중",제주-서귀포시,False,
315bc64a01614275be06f4678311e169,남자,40,40대,마케팅 전문가,전라남-광양시,False,
4a81c69dbeed4ddba4d883053f6030a2,여자,78,60대+,건물 청소원,경기-남양주시,False,
7f8d4c4073f64c64afe58afc75b33a30,여자,31,30대,건축시공 기술자,부산-남구,False,
bcdc99a845ec4410b9c52a610c49dd13,남자,40,40대,하역 및 적재 관련 단순 종사원,경기-광주시,False,
c495a6025d774434b239389a090f191e,여자,62,60대+,무직,서울-양천구,False,
eaf38b41946f4473b0106b20a852109a,남자,57,50대,건설 단순 종사원,서울-동작구,False,
c14efc585c46499b85dc81d2e3c544bb,남자,32,30대,자재 관리 사무원,충청북-청주시 흥덕구,False,
fe5cfbfcfe7f4044ae3cb6b0925cdad0,남자,24,20대,무직,충청북-청주시 흥덕구,False,
4c2004e1c424446593add52d85bb4772,여자,76,60대+,건물 청소원,전북-전주시 덕진구,False,
0f586a71782044ffae8faf34766d49bb,남자,59,50대,산업 안전원,인천-미추홀구,False,
5db99407e4914086bdc586ce3af034ad,여자,66,60대+,무직,대전-동구,False,
f8f7c8e04c3743cabee09969b2ea15b4,여자,66,60대+,무직,서울-용산구,False,
8b4b31a6876f4a63b9bfd597d136c541,여자,46,40대,무직,서울-성북구,False,
aee2ab8d43804509b690c79d5eb4edb3,여자,42,40대,음식 서비스 종사원,대구-달성군,False,
c8eebbd44b8446a2aa8f317e92673d0b,여자,24,20대,무직,인천-부평구,False,
3f93ea9aed41470a8d9a04a027f2712b,남자,35,30대,마케팅 전문가,경기-수원시 영통구,False,
a4044a66e84f4b83a86647b521018e99,남자,34,30대,산업 안전원,부산-수영구,False,
eb808759670d475db7e4e9ef3a336394,남자,42,40대,경·소형 화물차 운전원,경기-안산시 단원구,False,
409a149838a342a4923cc5e2f8895a00,남자,29,20대,광고 전문가,충청북-청주시 흥덕구,False,
a6090e0fba6d441a8591c702dd0170a4,여자,30,30대,산업 안전원,인천-서구,False,
21c59424e6534bfbba67eb00fb0f18de,남자,26,20대,무직,울산-중구,False,
54bc6801cd324d2d9aad12d57b534e93,남자,36,30대,무직,서울-관악구,True,14-17
3b3ad8974df847558c1db446243b7588,남자,66,60대+,"전직 경영 기획 사무원, 현재 구직중",서울-동작구,False,
e472e8e0067d4374a8c9a54f202d4bc6,남자,33,30대,자동차 차체 부품 조립원,경기-수원시 권선구,False,
5364e9a824ff437aa47609f97e59ccc3,여자,68,60대+,농학 연구원,경기-부천시 오정구,False,
92abfdff015844808fe11e8ed5b1ecb0,여자,61,60대+,무직,광주-광산구,False,
c0c7a36b83464908892ffde369b059f5,남자,69,60대+,무직,경기-부천시 원미구,False,
1f2bff746a544e40a0791f7f96800384,남자,50,50대,가스 용접원,경기-화성시,False,
d33a9dce79154183a6c698c4c5434683,남자,76,60대+,무직,서울-성북구,False,
f217fa750bd94a2d9510fbe4122493ec,남자,21,20대,전기제품 개발 기술자 및 연구원,경기-용인시 수지구,False,
0782993bb7c04b24b0bca85448d9b294,여자,39,30대,무직,서울-영등포구,False,
de7685e9cb95441ab3a4f4a56e6a261c,남자,59,50대,판금원,경상남-거제시,False,
9a712655d315471289ace698501a6285,여자,62,60대+,일반 비서,부산-사하구,False,
fa04984f14aa4b3596fa8e7ee61db7de,여자,66,60대+,무직,서울-은평구,False,
494dfb6c3ba84892bd31026637f1fcf3,여자,43,40대,경리 사무원,경상북-포항시 북구,False,
b44a9b351721497b8d9b1af0dbe976b6,남자,56,50대,컴퓨터 설치 및 수리원,강원-원주시,False,
4fbe15bac4dc419a93f87d8d20328e5c,남자,84,60대+,무직,전북-익산시,False,
d7ec64747ef1477cb2e85e2d609a5a6a,남자,41,40대,금형원,경상남-창원시 성산구,False,
eeaedeaf280c4883867608b2779f7d48,남자,46,40대,일반 비서,충청북-진천군,False,
cc0150ff6a2a43318ca14f285a8894f9,여자,55,50대,산업용로봇 조작원,서울-송파구,True,14-17
5504d9df440f458fac3aa876c614c269,남자,63,60대+,무직,서울-강남구,False,
7b6b1d99489e46cbbc04c495773b791e,남자,59,50대,경·소형 화물차 운전원,대구-달성군,False,
9bbc884b683f477f930e6e3f0c64cce2,여자,22,20대,관리 비서,울산-동구,True,17-21
5a7a39bfd8444c8cb563c70c13c54cf9,여자,55,50대,한식 조리사,경상북-구미시,False,
6d82b2ac2fc0426ca12b1e35e74a4eed,여자,33,30대,자동차 부품 기술 영업원,부산-사하구,True,11-14
cc370f79f9d844578570eca897e51feb,여자,50,50대,시설 경비원,서울-강북구,False,
c89a8e39b13d409b9391bf47f3861f44,남자,60,60대+,시설 경비원,경상남-양산시,False,
21f8244722a144ed9dd2da3eb437e3e5,여자,57,50대,무직,인천-미추홀구,False,
30e6257ad9b54658b63ba2b8ede7cf34,남자,50,50대,전자제품 개발 기술자 및 연구원,서울-노원구,True,11-14
ae8890f584e24e44b3dbadb83ba54b2f,남자,75,60대+,무직,서울-강서구,False,
15f68575ed614748ae33213d9fe409ea,여자,66,60대+,그 외 기능 관련 종사원,충청남-서산시,False,
d1344d8c3c5948f6b5fb58c5a8ab63a9,여자,45,40대,산후조리 종사원,충청남-천안시 서북구,False,
93c9e5d3f0e74af08f1ffe7a0fcbf1d6,여자,60,60대+,무직,부산-사하구,False,
e43c90d8825545bfb1052a06051310c3,여자,82,60대+,무직,서울-서대문구,False,
378a2fce734c4e7d8ec9b9e2e19b7041,여자,71,60대+,무직,울산-남구,False,
8d4505292f96468a82c7cfc5e9235a51,남자,29,20대,전기 및 전자 제품 생산 관리자,충청남-서산시,False,
249f8893f19445539a3daf20644154a7,남자,27,20대,무직,부산-남구,True,11-14
863a40f6501b4650b1a4ff4aa306d9ad,여자,37,30대,상담 전문가,대구-북구,False,
5ba45b849d324976b133cc150a66261b,남자,53,50대,병무행정 사무원,전라남-목포시,False,
ea63062ddf23417284ba8fc756e52ab6,여자,27,20대,사무 보조원,부산-부산진구,True,17-21
9e39a7d88eaf4bfeb5992f73c0e1ddb1,여자,28,20대,바텐더,서울-관악구,True,17-21
7aeeab80255e4721baa4f04492f487bb,여자,74,60대+,세탁원 및 다림질원,경상북-포항시 북구,False,
787b6dff16d5404bb520cab7c717adb3,남자,26,20대,건물 경비원,전북-김제시,False,
b7b1bc536b7d4f2e91a6b2e14b30a3cd,여자,51,50대,상·하수 배관공,경상북-포항시 북구,True,11-14
2c2738dbae0641019b5de2f21f721e24,여자,49,40대,데이터 관리 및 운영자,서울-강북구,False,
79b885d3349a4a688c1fe5e626825f95,남자,44,40대,무직,제주-제주시,False,
6664fd97b7f04a458ece463af078aa16,남자,55,50대,중식 조리사,경기-양평군,False,
ba2cd5537b3849c3a3ff2d46a0ee4f64,남자,77,60대+,무직,전라남-여수시,False,
be47130c1d814f94b905ec0b5863efe7,여자,52,50대,무직,부산-북구,False,
8aaabc11a6064662b928bf0866d3016e,여자,72,60대+,그 외 하역 및 적재 단순 종사원,인천-미추홀구,False,
e555bd2eb5c045fbbc9be825b277dfc3,남자,76,60대+,무직,대구-남구,False,
6fb9b50a10a14260886b2ba8fb64c7c8,남자,24,20대,승용차 및 승합차 운전원,서울-강서구,True,17-21
2200eeea303c4977ac53716e44219ee4,남자,80,60대+,건물 경비원,경기-시흥시,False,
d7daaaa1aaf64b8688a014c16fea33bf,남자,39,30대,경리 사무원,서울-동작구,False,
12aa168446fd452aba5c45d01411f287,여자,89,60대+,무직,경상남-창원시 의창구,False,
7ebb530f6f8947458b4552d8c42face1,남자,42,40대,무직,서울-은평구,False,
b1826ff65e8a4b8d80283e46bd7c46a7,남자,57,50대,무직,인천-연수구,False,
ad4e0ca0a8a24262a5073a5bf1bd69a0,남자,34,30대,도로운송 사무원,전라남-장성군,False,
b770fbfb84834fea9d2639620f44a0df,남자,67,60대+,무직,부산-기장군,False,
36d10d1e43464624b59bd06b41320dfd,남자,66,60대+,무직,강원-태백시,False,
723eb646f2b94366b48b3536d98630cf,여자,20,20대,건물 청소원,서울-관악구,False,
f4539987b3b14571a0c2216b7191c4d7,여자,33,30대,네트워크 프로그래머,세종-세종시,False,
6602130799f040b5bc835cd9ec47fffc,남자,63,60대+,경영 컨설턴트,세종-세종시,False,
574d1dfe55c74432a69cda0bea69b38c,여자,71,60대+,무직,강원-원주시,False,
90a0067584b84259bc74bcc3f6531708,남자,53,50대,여행 사무원,경기-성남시 분당구,True,11-14
286f39c8785a4c95a2d3cf3dc0ec2a5c,여자,75,60대+,무직,인천-서구,False,
1b6bc2e9e1324782a1df47b6d137594c,여자,61,60대+,무직,부산-강서구,False,
21bd050f00bb4657b976aeec108d6aba,여자,30,30대,일반 비서,경기-광주시,False,
efcf7e3093bf42cbaf84f3b115475cfd,남자,30,30대,가스 점검원,부산-사하구,False,
1befe7e7540a4a09bafacfa75d9b6d37,여자,36,30대,무직,경기-성남시 분당구,False,
f503e0263db84e2781b2cfe8a29ae8a4,남자,56,50대,사무 보조원,경기-광주시,False,
cb72052301f0443b917ee4d24acb3b5b,여자,47,40대,무직,대구-북구,False,
ef993080649a4fb9adbb65b41b6e8a02,여자,58,50대,그 외 전자공학 기술자 및 연구원,인천-서구,False,
0e1bb5270b18418680883041401fb689,남자,28,20대,산업기계공학 기술자 및 연구원,인천-부평구,False,
7b6886a34d94433d88e073f549dcd7c4,남자,53,50대,자재 관리 사무원,인천-서구,False,
bbfa3c3107d04bba866c5089cc643369,여자,66,60대+,무직,충청남-아산시,False,
2c6db209a45741679e0d3f64aa2cb09a,여자,80,60대+,무직,대구-달서구,False,
60a8d8b184da4e6e84e0841d29749440,여자,53,50대,식품 영업원,서울-강남구,True,17-21
360938565d0c49fb8343509fb04c6663,여자,85,60대+,무직,부산-동래구,False,
f8cab7794feb44ce8ce0645ad96da1c2,남자,47,40대,수금원,전북-전주시 덕진구,False,
3a4bd4a5454d46feb030b470dcc73ba9,여자,71,60대+,무직,경상남-합천군,False,
169d4da0c8bc4846acc86098b3b94e4c,여자,21,20대,무직,경기-성남시 분당구,True,14-17
fb942a9472f7424ea31853b688d2a538,남자,46,40대,무직,서울-강동구,False,
efc491eb95974559a2c1b76f1e3621ee,남자,40,40대,그 외 제조 관련 단순 종사원,울산-동구,False,
8b132bd5dcb24dd2923633f4cc85c904,남자,50,50대,무직,충청남-태안군,False,
8fc3f42747164993b2711f098df4098f,남자,22,20대,"전직 그 외 금속·재료 공학 기술자 및 연구원, 현재 구직중",경기-고양시 일산동구,True,14-17
94419a601ef64fb490fd687b1ca05b0f,남자,21,20대,소방 관리자,서울-성북구,True,17-21
70a78d38a1a64f76850a6fc67ca1dbaa,남자,28,20대,영업 관리 사무원,부산-남구,False,
60a22ba641b942c281b777a26734741c,여자,49,40대,자동 조립라인 조작원,울산-북구,False,
9106df488787442d9d8612285e86451c,남자,40,40대,가스 용접원,경기-화성시,False,
5856cf04a6bf4472bc6cb396bebd8169,여자,31,30대,경리 사무원,서울-강서구,False,
d39d54740be84664ae96293fefefb91d,여자,26,20대,일반 간호사,경상남-진주시,False,
b3644526e7ff4d028a5cb1a835f535ec,남자,63,60대+,방문 고객 상담원,경기-성남시 수정구,False,
3f5ddbdd2c2c4841b298efd4741c09b9,남자,47,40대,화학물 여과기 및 분리기 조작원,경기-평택시,False,
75cc6680340742179e111a730678a7cf,남자,51,50대,웹 프로그래머,경기-수원시 팔달구,True,17-21
2eab454bb1444e4081429d14f54d3adf,여자,23,20대,무직,강원-평창군,False,
70d1a5d3045340a983da8eb88f6c89bf,여자,51,50대,무직,인천-부평구,False,
2eac1f4261a44a7fbe87f35361e9c5d8,남자,79,60대+,무직,서울-강북구,False,
ed12e5a48c5b451fb7ec16c303b46614,여자,76,60대+,무직,경상남-창원시 진해구,False,
1b88a89c87f24bbf9144b8f9fad3edaf,남자,62,60대+,무직,경상남-진주시,False,
cc7579728cba44eb92572ed915351ecd,남자,37,30대,영업 관련 관리자,충청북-제천시,False,
7e354bdf7b8d4c35a141d9ccada9a12a,남자,73,60대+,무직,서울-영등포구,False,
fbce57c114314e6abe84a062ac8938ae,남자,40,40대,무직,경기-수원시 팔달구,False,
bee4b9f4d9634d5ebe686c0be8cb9f69,여자,31,30대,직물 패턴사,울산-남구,True,11-14
cad2cf5c25b34cd4b5b0c718dc22ecd5,여자,36,30대,그 외 발전 및 배전장치 조작원,부산-강서구,False,
113d11ded9c243f4848e24b26fdce473,여자,77,60대+,전화 상담원,경기-안양시 만안구,False,
bf829dad7f8a4259bec0d56ae328575c,여자,68,60대+,쓰레기 수거원,충청남-천안시 서북구,False,
622bbaf65bd0408cbea844edc2c75363,남자,31,30대,정보 시스템 운영자,경상남-밀양시,True,11-14
21b1da6fd70e4c0492968b498b2b88ef,여자,87,60대+,무직,충청남-서산시,False,
4ae87ada43234123a0c8429f91574d9f,남자,41,40대,관리 비서,대전-동구,False,
89d696c889cf4c6393eadb7d336038b6,여자,63,60대+,건물 청소원,서울-송파구,False,
b88c60c8168843db8cf9f14fd2062cfe,남자,52,50대,무직,경상북-구미시,False,
30e47ee31e7041c5a351873e9bb46979,남자,80,60대+,무직,대전-중구,False,
d708f9af2c5b46ddba5b6bde96e8208d,남자,46,40대,모바일 애플리케이션 프로그래머,충청북-충주시,True,11-14
bcfd7ebca9574af2bd22b14e38e7630f,여자,42,40대,회계 사무원,부산-해운대구,False,
ad8ca00ed2d3448cb88b7fc15ebae074,남자,29,20대,무직,부산-북구,True,17-21
ef55e450df194f1b8408135c5cacc2c0,남자,26,20대,자재 관리 사무원,경기-성남시 수정구,True,11-14
3e8317a58dcf4a84a45634dbcf6dd965,여자,50,50대,금속 세척기 조작원,경기-군포시,False,
03a5e516c106460cab14ee37f6465f1a,여자,30,30대,사회 교사,경기-평택시,False,
5e80ea99dff447b69550dd58c2226b56,남자,56,50대,우편집배원,대구-북구,False,
fa458c2648bd4b94a32cbe5b7ecff160,여자,57,50대,상담 전문가,인천-서구,False,
4fe02056b361482391722a722b71acba,남자,81,60대+,무직,서울-관악구,False,
cbe41d86cbe44524b3ce2a84282572f9,여자,56,50대,무직,경상북-구미시,False,
351cba4048cf406296aab5a422ad2895,여자,30,30대,"전직 식품공학 기술자 및 연구원, 현재 구직중",충청남-서산시,False,
223156639e0d476c9008b8de1874459f,여자,74,60대+,무직,경상남-창원시 성산구,False,
738ee1e8eea1497da40efaffd0b495c0,남자,65,60대+,무직,경기-남양주시,False,
8b5912a3fd6c43d3893a6057638deff7,여자,65,60대+,무직,강원-속초시,False,
b00b576603ab45c7b9e76266f0b8aaa3,남자,36,30대,수질 환경 기술자 및 연구원,서울-송파구,True,17-21
a87448a73ff14e78a968ac331b0e2d72,여자,65,60대+,시설 경비원,인천-미추홀구,False,
80cc2cffb81146c9937cc83ffd5a0628,남자,40,40대,금속 주입원,서울-동대문구,True,06-11
a4f44e55f3bc4c47ab2552f5b5fbcf2f,남자,54,50대,경리 사무원,경기-수원시 장안구,False,
f0ad17190d324a1484517e84581d8d7e,여자,64,60대+,건물 청소원,전라남-고흥군,False,
7ee0faa953b94fac9cadd6cf4b90c2c1,남자,61,60대+,무직,경기-구리시,False,
49722a98a28b4f02aed3c25711bdd12e,남자,78,60대+,승용차 및 승합차 운전원,경기-안산시 상록구,False,
693d9b5ba73e49eebfcb017e003f42d7,남자,30,30대,영업 관리 사무원,부산-사상구,False,
7e230e2e27c342eaa8f7da1159337e3c,여자,48,40대,상담 전문가,대구-수성구,False,
57d09b52a8e54aeda3497aee2c2a3bcf,남자,70,60대+,무직,경상남-거창군,False,
a1e509ca7afb44858925f8680ea8d250,여자,52,50대,방송장비 설치 및 수리원,인천-미추홀구,False,
59952736388b459c9b51f9f66efa3820,남자,31,30대,화학물 여과기 및 분리기 조작원,세종-세종시,False,
905b1922c69e411e91b738e4c88ae3c4,여자,57,50대,마케팅 전문가,대구-동구,False,
84934918eb61453a82366500914f2e82,여자,19,10대,무직,전북-군산시,False,
4f6f82fc2d834ed4a79cf28c42dc1763,여자,58,50대,"전직 간호조무사, 현재 구직중",경기-수원시 권선구,False,
025dbabbda0544768b70436fcdc8dabf,남자,46,40대,그 외 제조 관련 단순 종사원,대구-달서구,False,
60284eaf0d4c46f194dd184c9c7f5c29,남자,57,50대,건물 경비원,전북-김제시,False,
682d2f48ecd943a19e9539174535ff32,남자,49,40대,조선공학 기술자 및 연구원,서울-강남구,False,
944a80d11305456d86ae350ac2a026d5,남자,38,30대,무직,경상북-경주시,False,
2daefd03390a41088dcb6d93695979d9,여자,60,60대+,무직,경기-이천시,False,
6233057787e34379a851654fb0164740,여자,56,50대,계기 검침원,충청남-부여군,False,
8f0a513230a9412aab602feac903fd24,남자,72,60대+,건물 경비원,서울-성북구,False,
4240f68ff7444e99937d864560a4193e,남자,62,60대+,마케팅 전문가,대구-달서구,False,
0c147f461fb3425084d96324cde2d070,남자,43,40대,무직,부산-부산진구,False,
e345dcdd7e0248db8c85bb159aae1617,여자,40,40대,무직,경상남-거제시,False,
e92818f39daf427fbe59c4dc4c32bebd,여자,47,40대,교육 및 훈련 사무원,서울-노원구,False,
d37e981284074242ae54eebb53baa051,남자,40,40대,지게차 운전원,인천-연수구,False,
e9bb21f6ad4e4bde943a48d8975e5f29,여자,84,60대+,무직,부산-동래구,False,
6f47968a950b4bd3ad58eb6793315253,여자,26,20대,무직,서울-관악구,False,
f0dc3ce67bfc4ae8af9931d266093239,남자,69,60대+,무직,전북-군산시,False,
7efc1ab8056a462bbc687208458ecb94,남자,31,30대,상품 기획자,경상북-영주시,False,
80e39b45442d4c5eb7a8192746ed6485,여자,47,40대,데이터 관리 및 운영자,부산-남구,False,
24db70a3d6144f2db3731d692ab22d6a,남자,28,20대,그 외 자동차 정비원,서울-강남구,True,14-17
d909d7b3d2a54559826040eda656aea2,남자,60,60대+,무직,경기-평택시,False,
39c283ca34884a658df961438f668e3d,남자,43,40대,금형원,경상남-진주시,False,
b416a5dce8f64a4bbd753b04570e2082,여자,48,40대,정보 시스템 운영자,대구-수성구,False,
dee16ab3b9844953a173f7bd9bd24900,여자,40,40대,무직,부산-동구,False,
5ab374374dfb42bb83f32dc84b4ea468,남자,49,40대,그 외 전기공학 기술자 및 연구원,대구-북구,False,
52aa79f33e9a44519d2082ae427d280f,여자,21,20대,그 외 일반 영업원,서울-광진구,True,14-17
8838f4e802bf4543bb56525644b8c380,남자,51,50대,그 외 화학제품 생산기 조작원,경기-시흥시,False,
2441bf2683034a7eadece4089c4497ae,여자,81,60대+,무직,부산-해운대구,False,
ee43f80890b24f28bce490ab9edf8ad3,남자,30,30대,상품 기획자,경기-수원시 팔달구,False,
8f81745baaa94887a28aee26b89fc39c,여자,42,40대,음식 서비스 종사원,전북-군산시,False,
38f70a484448494fa5d2731bd0a9dc0f,남자,66,60대+,교육 및 훈련 사무원,서울-마포구,False,
736dc2ad984d46a894c840f32d84d27c,여자,79,60대+,건물 청소원,경상북-경주시,False,
25f2d65af0bb434686f5e498bd2f3e2b,여자,54,50대,식품 영업원,경기-광주시,False,
65a583c005a34f619122eeaee99b41ec,여자,49,40대,보육교사,서울-송파구,False,
4b124b1c993546e0b42531b1dc8b6dc6,남자,54,50대,무직,경상북-문경시,False,
95e74635617c4cec81ed98fbb559f6b1,여자,69,60대+,그 외 돌봄 및 보건 서비스 종사원,경기-남양주시,False,
18cd6952fafe43d1a3c2d5206ac155bf,여자,26,20대,공공행정 사무원,경기-수원시 권선구,False,
5f114f26fbb84813b11444bc4a525672,여자,49,40대,무직,부산-사하구,False,
1a1b6bcccd0a4520bc0c3e237643ec6c,여자,31,30대,경리 사무원,경상남-창원시 마산회원구,False,
817b577fc6574e88b9f72c219fabb4bb,여자,32,30대,체육 및 그 외 분야 교수,경기-고양시 일산동구,False,
8018edd3080f4b18a5a6912a239acb8d,남자,42,40대,중식 조리사,경기-안산시 단원구,False,
d5891f29c6ac45e1884136f7ebaa179f,여자,48,40대,회계 사무원,서울-송파구,False,
bd048c25c33044c7b25063f5d778ff7e,여자,45,40대,영업 관련 관리자,경기-안양시 만안구,False,
4ed6f768b5324ada9a4eb34ce2245040,남자,28,20대,생산관리 사무원,서울-종로구,True,17-21
a3118ff663544c28803bce7950351ede,남자,43,40대,경영 기획 사무원,서울-성동구,True,17-21
b2963e70a6814db6bbc9a79d1c82cded,여자,38,30대,무직,경상남-김해시,False,
31b08f0679994f489b4cc313ec8adf9b,남자,66,60대+,그 외 서비스 관련 단순 종사원,대전-서구,False,
f7bf65266efd4a079cca6d49b834f8ac,여자,39,30대,산업 안전원,경기-하남시,False,
4448711ba9a44fa0a288b34ad6798c06,여자,78,60대+,무직,전북-김제시,False,
5e1de2bb0eb44569ab60429b341ea061,여자,84,60대+,무직,경기-성남시 수정구,False,
47ce994ce8f8437694033622b0adc66f,남자,48,40대,그 외 일반 영업원,경기-안성시,False,
94d58a762af743fb916e7d233bbf2027,여자,62,60대+,무직,강원-강릉시,False,
a5df7d6a5bff47cf8fca8ea04b009724,여자,26,20대,마케팅 관리자,경기-수원시 장안구,False,
346b0b91c5434d9ba0f95c9eac8a2212,남자,32,30대,위험 관리원,충청남-홍성군,False,
e7620dbc75ed4642a01409204d50f29e,여자,36,30대,그 외 조리사,서울-동대문구,True,17-21
c345f2918f074d2b9583cdd116a3993e,여자,30,30대,유치원 교사,부산-영도구,False,
00b02aeb941346958e14ffb544b8703b,여자,44,40대,산업 안전원,경기-고양시 일산서구,False,
0c0fcbc2661c4d87984052e3a38dd244,남자,46,40대,총무 및 인사 관리자,세종-세종시,False,
7bec5bbf398842cf90a6df0e4e60c41b,남자,70,60대+,공연·영화 및 음반 기획자,대구-서구,False,
60919884c5b8489baad10da1d16bba9e,남자,27,20대,일반 비서,경기-부천시 원미구,False,
6dfd052b3f8d42738ff271b1def57ecd,남자,70,60대+,무직,경기-양주시,False,
ecac2c6fbd6f4a61afc086decd73bb49,남자,65,60대+,부동산 중개사,전라남-여수시,False,
6a0fcdd1c8be4030820998c3663a27d7,여자,49,40대,노점 및 이동 판매원,서울-강북구,False,
07e5d4d40c7a46e5b40b0b1a2e124ba4,남자,54,50대,기업 고위 임원,충청남-천안시 동남구,False,
49e69085c46843508568aa9c600c24cd,여자,32,30대,국가행정 사무원,대전-서구,False,
38e2f5679e084fa0b2a335562e535996,남자,37,30대,정보 보안 전문가,서울-용산구,False,
8203175add444e9cadfb4e168e8a46c2,남자,25,20대,목형원,인천-미추홀구,False,
3ee1d81574104f8fa35a584a5f5291d7,남자,54,50대,강구조물 건립원,충청북-제천시,False,
9601a662dbff403db0056adc48a283cd,여자,77,60대+,무직,경상남-창원시 진해구,False,
969c966ea4da4879b6c26ed690b1c26c,남자,53,50대,마케팅 전문가,대구-남구,False,
79772ebb825042db891f66e776216595,여자,30,30대,보험 관리자,경상북-경주시,False,
d62bb237130b4f87a1d40d3457343932,여자,29,20대,그 외 물품 이동 장비 조작원,경기-안산시 단원구,False,
b67fc927087a4d8abdca455799e414ba,여자,30,30대,산업 안전원,서울-송파구,False,
9954ab2a6cb5435abe3b0c4fc61328d0,여자,55,50대,노점 및 이동 판매원,경기-의정부시,False,
4fae29b0e2f24d64b2f5a40bff00d977,남자,32,30대,가구 도장기 조작원,경기-의왕시,False,
bded35e32ebb4feaa1c4901224fd1cda,여자,54,50대,무직,인천-연수구,False,
139464100cc6424cb227b29d5460895c,여자,45,40대,무직,대전-중구,False,
76520e4d5eee435d9e76834044d7e700,남자,37,30대,품질 관리 사무원,서울-강남구,False,
24fcc0b343b34468b3a11b158cb3ca5f,남자,22,20대,하역 및 적재 관련 단순 종사원,경기-의정부시,False,
adc16ff6bf914ed6a936d8aab08b5478,여자,44,40대,바텐더,전라남-목포시,False,
8bae62780f584e6cbc0356a09cabd5b5,남자,63,60대+,기업 고위 임원,경기-구리시,False,
aff9838c9dfb474a9c6c0401e8e27568,여자,82,60대+,무직,경상북-안동시,False,
45735759fac94274864e0f4d4d5e64ae,여자,40,40대,무직,경기-수원시 장안구,False,
e8b37175534549f5a45bc8bab4289ae5,여자,34,30대,마케팅 전문가,경기-광주시,True,17-21
895937bd59fd4baba8e4bbd655a09033,여자,37,30대,주방 보조원,충청남-아산시,False,
9c0315d03d634b1581d07a6b285457ff,남자,41,40대,품질 관리 사무원,대구-동구,False,
e801fb6dff8c4df59fe757974c5afbfe,여자,29,20대,무직,경상남-창원시 마산회원구,False,
0d6a5121a88f4248b0d4c47ef1db478a,여자,32,30대,여행 사무원,서울-관악구,True,11-14
753f4c1ea46b492c9be74ffd8b5613e4,여자,52,50대,상담 전문가,충청남-천안시 서북구,False,
6f94353af64b474bb3d23972556e7ffd,남자,50,50대,무직,경기-부천시 소사구,False,
0704ed5ed35c488da6d95c287cf67d84,여자,56,50대,무직,충청북-충주시,False,
7e77240e6cd44f63beef994f4f0dd61f,남자,53,50대,무직,서울-은평구,False,
6d49ebd54c91458eabf6b0d9298a404b,여자,44,40대,무직,경기-남양주시,False,
a33d6db4a0e44ed18745b3524e680648,남자,44,40대,엘리베이터 설치 및 정비원,경기-안양시 만안구,False,
2ea36f8cfa684364baaa7b1160695358,여자,68,60대+,무직,서울-강서구,False,
af9d27d5d3274bf78e7c871c830c36f1,여자,36,30대,공공행정 전문가,경기-수원시 영통구,False,
de7812a56ad245afb2dea6ac30fde2e6,여자,64,60대+,무직,경상남-창원시 의창구,False,
c7d1cc63c7c3412795e3756ee081b7e2,여자,88,60대+,무직,경기-남양주시,False,
5cc1bf7859614965b8d035bfefa8996c,여자,62,60대+,무직,경기-평택시,False,
c6816a2421b14f3b8600047a4f62c226,여자,51,50대,스포츠 매니저,서울-노원구,True,11-14
8a85660b2691414ca5e5ea561e709bec,남자,55,50대,그 외 화물차 및 특수차 운전원,울산-울주군,False,
a171b8b7186d467e8377aa1e86ff9f6e,여자,36,30대,무직,서울-은평구,False,
733af93109314cf08cfbd2b5a844580a,남자,48,40대,총무 사무원,세종-세종시,False,
6e12260d03424e36b1cc5674c1fa7f98,남자,28,20대,"전직 네트워크 시스템 개발자, 현재 구직중",전북-전주시 덕진구,False,
b32f62002ad24cc59522ec20b3e47b4f,남자,36,30대,택시 운전원,부산-금정구,True,17-21
ee5d01c2409a4766b8fe8def2f7bb436,여자,76,60대+,무직,경상남-하동군,False,
fed6feec3abd49f7ac6ec21591842a1a,여자,71,60대+,주방 보조원,전라남-목포시,False,
bdcb3d2543a84840a4c1062cb9ba7057,남자,22,20대,중식 조리사,전라남-함평군,False,
ac26303c9d0d4811ae913094fcf592df,남자,34,30대,그 외 금속 및 재료 공학 시험원,서울-강서구,False,
6aaba6200a7542bea8e5c263dee34493,남자,72,60대+,그 외 서비스 관련 단순 종사원,경기-성남시 수정구,False,
7812aac2e4444d48aaa6d28ac610c15f,남자,43,40대,사무 보조원,대전-대덕구,False,
e429b2f85011488e8b73dc20d584665a,남자,62,60대+,무직,경기-안양시 만안구,False,
aca36863fe234f6d849b5321aedb546e,여자,52,50대,무직,서울-노원구,False,
d847ef7390c543c9966c0accbbf06606,여자,32,30대,"전직 매장 계산원, 현재 구직중",제주-제주시,False,
ca515997152a41528685fddf4f83097d,남자,28,20대,실업 교사,서울-송파구,False,
a875d769b535475fa1c2cbcf0aada5e1,여자,63,60대+,무직,경상북-울진군,False,
092f4b4c4c4b47789d29054eb3ee5b2c,여자,52,50대,광고 전문가,강원-강릉시,False,
be7c5b30d72346ae8cdbd1992d456180,남자,68,60대+,무직,인천-남동구,False,
2d005f8da570419e95e823b0ad624723,여자,28,20대,광고 전문가,부산-동래구,False,
0434fc952f4d458d8b064f784d430af4,여자,35,30대,토목 제도사,경상북-청도군,False,
9b790f9495114bc9a102dd5a5f86f2e4,여자,43,40대,무직,경기-광주시,False,
d720949ee3c4437d8c7f2b0074a130ff,남자,30,30대,총무 사무원,인천-미추홀구,False,
233b96d682714eb2899848df139a7a09,여자,41,40대,그 외 화학제품 생산기 조작원,전북-군산시,False,
5842cc932cf84d72838bec7c1c49a269,여자,33,30대,농약·비료 기술자 및 연구원,경기-김포시,False,
f9ea2736628441628e6faa8262caf4dd,여자,59,50대,그 외 판매 관련 단순 종사원,전북-순창군,False,
8d90a7dfea5d4bd09d2980d72b3bb3f4,남자,60,60대+,이삿짐 운반원,경기-파주시,False,
9c7f97b57dc949dcbd958ddcb254c85a,남자,60,60대+,무직,부산-금정구,False,
585b539e65894fe09da0a403c7c0bc2c,여자,45,40대,무직,충청남-아산시,False,
8ee6a81fa66d4d17b5c9f5626b695ba6,남자,27,20대,무직,부산-금정구,False,
59beebeca0884700948d876923c158bc,남자,28,20대,일반 간호사,서울-강서구,False,
795cd49dc70849358b6cd0a148448fce,여자,52,50대,보육 관련 시설 서비스 종사원,서울-서초구,False,
ffb998a848804dacb051750e09376b77,여자,48,40대,건물 경비원,경상북-포항시 남구,False,
d40c97b578d946c5a40ae4fafe5c4f7b,여자,58,50대,한식 조리사,서울-양천구,False,
745767565c4f47db926d3dd42ae3e681,여자,62,60대+,사서,서울-서초구,False,
c3abbe2fb0b5459d9a4a4d880001d236,남자,24,20대,중식 조리사,경기-성남시 분당구,True,17-21
128d17975c534a19aca6003d52ef5bf9,남자,65,60대+,기업 고위 임원,경기-이천시,False,
2cca99321fab41859edc822427c4c8f9,여자,73,60대+,무직,서울-성북구,False,
0c843cfaa3d64f15a116d401761877b9,여자,53,50대,그 외 상점 판매원,경기-용인시 수지구,False,
75f4fb136f714d8894c2a0566764fe18,남자,74,60대+,무직,전북-군산시,False,
e53a3893e2cd48ec8854fd136c7cb4d4,여자,47,40대,철도 기관사,충청북-청주시 흥덕구,False,
9be03cc7d8c54823a8f27ef1bd237b54,남자,22,20대,무직,대전-유성구,True,11-14
7fb361c7e2774514b1776c379b564e69,남자,24,20대,토목 제도사,강원-강릉시,False,
4136c2ebde5442c995673e93d3f07576,여자,52,50대,통계 사무원,부산-해운대구,False,
80a4ecde400b4ed782b6223e2bf8ff77,여자,74,60대+,무직,대전-중구,False,
6b65c86ed0b741d1b3126a9868634743,남자,68,60대+,무직,경상남-양산시,False,
6860f6aaa4c44f5aa6e8e22a6291b99e,남자,39,30대,전기 및 전자 장비 제도사,부산-사상구,False,
0909be37323342b88024fd7baf02293b,남자,27,20대,경영 기획 사무원,경상북-포항시 북구,False,
c90ad13b7fd94b48a26a6cfe69ed8997,남자,22,20대,무직,서울-관악구,True,14-17
e0ddcfce20154b89abb825dadb93b25e,남자,52,50대,중식 조리사,세종-세종시,False,
44be12e123c14f02b62db6e5f3f8d891,남자,65,60대+,토목 제도사,강원-원주시,False,
71d917b12db24142a6a15022fd3a2445,여자,69,60대+,음식 서비스 종사원,경기-김포시,False,
b98af072b9364c9f9c10c39a1fbd1403,남자,43,40대,일반 비서,충청남-천안시 서북구,False,
5355e1a7575c46139921f06a2b1af655,여자,73,60대+,무직,광주-서구,False,
af14a5c9604146b8920ae87677fe5784,남자,50,50대,전기 용접원,경기-광주시,False,
9526255e0e42410fbab6ab9c4e811e80,남자,77,60대+,그 외 버스 운전원,서울-서대문구,False,
9a35553cb21e43d285eb97749af32d2a,여자,63,60대+,무직,세종-세종시,False,
655cb4e16bc44608b1a374cc386a3110,여자,79,60대+,무직,경기-수원시 영통구,False,
a6659eb648c14d5b99be42f08e89d2d9,남자,58,50대,건물 경비원,경기-부천시 소사구,False,
fad66d3d267245e6ad9093b87aa8f31c,남자,36,30대,특허 사무원,서울-양천구,False,
f9718a44b7854b9881162817f4b68bce,여자,99,60대+,무직,경기-가평군,False,
baee4463a45048d194b6a7129b725c35,남자,51,50대,무직,대전-서구,False,
0f1315933a5a4f7a8d807648378c37a2,여자,78,60대+,무직,경기-하남시,False,
03799ff965064a34840e2c2d2f95202f,여자,52,50대,무직,부산-해운대구,False,
0ff7c4577be9409aa9f2c07693469837,남자,19,10대,무직,부산-해운대구,False,
939515c9f24b4f94869c7192f41cd6e8,여자,61,60대+,무직,서울-영등포구,False,
fe58fb2e1d284caf9ac357f9927d1a2b,여자,29,20대,공군 부사관,경기-용인시 처인구,False,
75c886aa6adb4b9588b3f4eeb0d7aae4,여자,41,40대,무직,경기-광명시,False,
b4d917cca63540438326a24482ded822,남자,62,60대+,그 외 자동차 부품 조립원,충청남-당진시,False,
79a7347fbd0d43ea97a636838f4f2399,여자,68,60대+,무직,충청남-천안시 동남구,False,
2a66573ef1b445709dcfc41894b37df3,여자,31,30대,무직,충청남-아산시,False,
d46e9bb1eaaf4a3698ea89e06db27a76,여자,65,60대+,무직,울산-중구,False,
fb442430c73f491392f78a5de73b318f,여자,69,60대+,무직,울산-남구,False,
468652ecb05044b7813fb38ee2a8267a,남자,58,50대,식품공학 기술자 및 연구원,경상북-구미시,False,
05ae185d81284837b30bafa511b084bb,남자,25,20대,기계제품 생산 관리자,인천-부평구,False,
22edbd7fd64647d19048a0ea6ef8df1d,남자,26,20대,병무행정 사무원,경기-광명시,False,
16c49dad01664ace86ff2a1e3b34dc16,여자,20,20대,주방 보조원,경상남-김해시,False,
ec294ea3ee5d4ca5b96978b84f7037f7,여자,38,30대,지방의회 의원 및 교육 의원,경기-김포시,False,
9d134e86255d450885a55f351d717559,남자,43,40대,산업 안전원,경기-용인시 수지구,False,
33355de6d474482d87e890e5b3bb87bc,남자,69,60대+,무직,경상남-남해군,False,
6c5939b5b2314dfeb3f282447ae24781,남자,58,50대,무직,강원-삼척시,False,
d9ead63f7e6c4663a6bf9b3b03b6f9e6,여자,32,30대,그 외 생명과학 시험원,인천-계양구,False,
40ff021de9ef48e09bc69e39d437c9a5,여자,34,30대,보육 관련 시설 서비스 종사원,인천-서구,False,
714a396fa206463ebd06c64e7587b122,남자,71,60대+,무직,경기-광명시,False,
6d786da36bd040c99ae20645cf238b58,여자,61,60대+,무직,경상북-김천시,False,
d7d7cb19af974e9d92745e15766e86d8,남자,30,30대,시설 경비원,충청남-공주시,False,
0a2bd7dbc09b4d82a965424a8d0802a8,여자,85,60대+,무직,광주-광산구,False,
596d5bc255fe4b2f8a0ad7499c86256b,여자,84,60대+,무직,경상북-경주시,False,
56cdc159adce4224a021a77175acb4b5,여자,49,40대,그 외 법률 관련 사무원,울산-동구,False,
63db600c6bec4ebd923f8d313c969f3c,남자,56,50대,대형 화물차 운전원,충청북-청주시 흥덕구,False,
6072bbdcdd854c9c9822056eb4bfa390,남자,42,40대,유통 및 매장 감시원,경기-부천시 소사구,False,
9de32547771148788314c2f5158cc33d,남자,55,50대,사무 보조원,경기-시흥시,False,
dac4681737e846f6b2520cae60236d98,여자,25,20대,무직,제주-서귀포시,False,
340c3bc9e9dd4427a11441301332b771,여자,58,50대,경리 사무원,전북-전주시 완산구,False,
2391f7a67ee7432783c9165280221ff1,여자,47,40대,무직,강원-강릉시,False,
a21fccca18cd48b6b1ca26b3371f54e0,남자,23,20대,그 외 용접원,경상북-포항시 남구,False,
88409546f5714c1d887fd338588a4e98,여자,74,60대+,무직,경상남-사천시,False,
c92cec8b0b764b43b524e2c00d441c56,여자,69,60대+,무직,인천-서구,False,
921bca5c58da4dbd9c0235f5b3531383,여자,38,30대,일반 비서,서울-동작구,True,17-21
17e80f0a15b94474af67122a11d24845,여자,24,20대,바텐더,서울-용산구,True,17-21
8b1894d970454de99a10464a7851f151,여자,48,40대,보육교사,제주-제주시,False,
1f5f0feebf544c0290cfdd75d9ff73fa,여자,50,50대,식품 영업원,서울-송파구,True,17-21
6544a13ab3af496492d3e20051090423,여자,51,50대,정육가공원,부산-사상구,True,17-21
aad3ca5f9c3e45e8aeacd291456d1ac0,여자,74,60대+,무직,제주-제주시,False,
6064ba347e91496aab016e2640497455,남자,32,30대,금형원,충청남-아산시,False,
14b6fec9ef864118b4e1c1e8e3218c0b,여자,67,60대+,무직,경기-이천시,False,
b3836beaa38d4b2fac7afadc4c8c4b47,여자,56,50대,무직,충청남-아산시,False,
b8578d3a521e48edba3c7fec67ccbe9f,여자,52,50대,무직,전라남-무안군,False,
71425d820a5742fe885c1479330c3d2e,여자,63,60대+,무직,전라남-순천시,False,
975043955fda40ff8fb7546ac062e474,여자,39,30대,정보 시스템 운영자,울산-남구,False,
0bf5607b88ce4a6bbd58407febc0cacd,남자,48,40대,그 외 일반 영업원,대구-달서구,True,17-21
902e9b78d600475788ebb17bd404729c,남자,45,40대,그 외 일반 영업원,서울-금천구,True,17-21
103fcf7806b441089ef5edd6f31644e7,여자,78,60대+,무직,충청남-논산시,False,
8a3e280d8bf54523b89f0b2f5114a795,남자,32,30대,산업 안전원,경기-군포시,False,
1e09865d5a1c4f2d888020fb3af61318,여자,58,50대,"전직 관광버스 운전원, 현재 구직중",전라남-무안군,False,
8886e502d3464b96a5e568bf22a5014d,여자,69,60대+,무직,경상북-포항시 북구,False,
9b55d4e119be4cffb998da46aba55216,여자,36,30대,무직,경기-성남시 분당구,False,
418c4bdccd2e4cef9b07c428b4755620,남자,30,30대,경리 사무원,서울-용산구,True,17-21
0d6c3ed26a644065856468efdedfa5f7,여자,19,10대,무직,강원-화천군,False,
93f9460dcf894f908891c2acaef311b4,남자,50,50대,무직,충청남-천안시 동남구,False,
398440a2a01049d596881d93f2a89230,남자,58,50대,회계 사무원,경기-화성시,False,
b659efec87a1470dad3fe306f9cdf4c6,남자,27,20대,무직,경기-군포시,False,
1e19f577f62748ec8d17e26c3270e116,여자,63,60대+,화장품 판매원,서울-송파구,True,17-21
a2ce45713daf4160a775894d3f8cc295,여자,61,60대+,시설 경비원,서울-성북구,False,
f3a946b4cfa648c586a16b31af660c57,여자,30,30대,그 외 화학공학 기술자 및 연구원,인천-부평구,False,
ae69601138a84e5dbcba314345a4820f,여자,48,40대,영업 관리 사무원,대전-중구,True,17-21
dc812a1a85b24469afe4d75b2cd6d046,남자,23,20대,무직,경기-고양시 일산서구,False,
9aca323f4b8942d09009e92db3dfded2,남자,48,40대,무직,부산-해운대구,False,
cb6df69753ba4cfcad89e7564b7dbd84,남자,64,60대+,무직,전북-군산시,False,
0f6d40fa8ddb465a98e22a4b87be9875,여자,24,20대,무직,경기-고양시 일산동구,False,
49aff7092f414a46b9c6e5279809145c,남자,54,50대,일반 경찰관 및 수사관,서울-중랑구,False,
e431c6b9dea44564abcd8bf7c5da30de,남자,45,40대,우편집배원,인천-남동구,False,
24ad2e7ae33d483398c749c40cba07d5,남자,69,60대+,무직,대구-달서구,False,
4866618ebcdd4ddea994695d7b67aaa3,여자,68,60대+,무직,부산-북구,False,
f5f3231088034ee28096b842b2a91d5d,여자,54,50대,무직,경기-안산시 단원구,False,
0b5838b1e47248279e1d4277928db476,남자,38,30대,철도운송 관련 종사원,제주-제주시,False,
a6f2290d3de84d7292be3ce974fd7b78,여자,50,50대,무직,경기-부천시 오정구,False,
2695275bac3b45eea28499516fc22df9,여자,33,30대,경영 컨설턴트,경상남-창원시 마산회원구,True,11-14
7c59cea157194a6888ac14239b9d2b4b,남자,26,20대,기계제품 생산 관리자,경기-남양주시,False,
e590b1b245b7455ba90ff4a94d3c4c83,여자,37,30대,일반 간호사,서울-도봉구,False,
0773796fafca45a194379be0663c6281,남자,54,50대,그 외 건설 및 채굴기계 운전원,서울-양천구,False,
492119d84ffb4a34b5f968d2d31013b5,남자,24,20대,그 외 물품 이동 장비 조작원,부산-사하구,False,
c7a8c936042a4b00b935664ca117c328,남자,50,50대,무직,인천-중구,False,
02aa61fc02c64db1b1c4b829cf43e326,여자,22,20대,무직,대구-수성구,False,
48ab1460c6a94b93a3fdcf4a5c6ef29a,남자,48,40대,경량 철골공,충청남-천안시 서북구,False,
283443efa76f4b57821eadce26853222,남자,66,60대+,토목시공 기술자,서울-송파구,False,
13a634d030f44d7db68a4a7ec1586504,남자,45,40대,위험 관리원,대구-남구,False,
31f69cbe15254a5597dc1539b52b6f63,여자,52,50대,떡 제조원,서울-도봉구,False,
93402fe41d584d90bfcf4b0304de9c19,여자,31,30대,무직,대구-남구,False,
63411fe2ce52418a942ef97c7b3e3cd8,남자,55,50대,그 외 기능 관련 종사원,서울-구로구,False,
ee575a2cecc140b4b1efdcf27707c141,여자,84,60대+,무직,대구-북구,False,
cc40c74b557d4d5397466fedc0c42230,남자,58,50대,그 외 화물차 및 특수차 운전원,인천-계양구,False,
64e83a1e9eeb4db7b5ee82478959fb58,여자,61,60대+,무직,인천-서구,False,
b49f130d19ba4b7da2ff85ac8f5d234e,여자,73,60대+,무직,전북-군산시,False,
051cb8262bcf4adb87b0cf3ac58c0442,남자,77,60대+,예약 및 접수 사무원,서울-노원구,False,
8a9be3aa623d4c1286d5ab2453d7835d,남자,33,30대,무직,경기-하남시,False,
e8dbe58d8c414682b0c11bcb28c27c17,여자,30,30대,무직,부산-영도구,False,
05f7b82216f54212afaa45685379b924,남자,61,60대+,무직,전라남-여수시,False,
1bec27ace93c4926906a73a71eba1c7c,여자,32,30대,관리 비서,경기-용인시 처인구,False,
1262fdf0459f45f4aaf2dbd4e1565ba1,여자,20,20대,무직,서울-성북구,True,14-17
29de0d3028ca46e6b5db5af487dcd725,여자,36,30대,무직,부산-강서구,False,
a9962c839df24f9a9724681629f259b2,남자,52,50대,무직,경기-김포시,False,
7d34087c408b43e78a91df1fc39a4d88,여자,51,50대,가사 도우미,광주-남구,False,
93c27ffbd18448538bcf7556da5f7461,여자,56,50대,무직,충청북-음성군,False,
7f6e0f5e70aa4fbda1a9b6974328f418,남자,54,50대,시설 경비원,부산-북구,False,
ed41612e946c4ee2a9310cedbd36cb3f,여자,63,60대+,무직,서울-금천구,False,
aaa7de0ac41f4952aff009773f2ef763,여자,36,30대,유치원 교사,서울-동작구,False,
5cfe4aa68cbb424f8506aa8f896d9a9a,여자,84,60대+,무직,경상북-포항시 북구,False,
a66a74bfa3a44eeabe0b1485af170db4,여자,21,20대,소규모 상점 일선 관리 종사원,서울-강동구,True,17-21
b981a4b4115d4590a405bcd40b2b71b0,남자,41,40대,공군 부사관,세종-세종시,False,
f9053e88e9254dcda5ef80b3e92d88a5,여자,61,60대+,무직,대구-달성군,False,
b44dfe41e11e4f119385908486e01646,남자,63,60대+,그 외 택배원,서울-강북구,False,
ce7289393c2647229defd9f4cebea2a7,여자,57,50대,금속제품 도장기 조작원,경기-오산시,False,
33ef29e54573450db4f06f86c60315ee,남자,61,60대+,무직,경기-여주시,False,
d83813d01de64c25a9256e8c1f3c176f,남자,49,40대,무직,서울-동작구,False,
6d7c5ef60dfc4051ac41c989e12f9b60,여자,64,60대+,무직,서울-관악구,False,
24dc692f71784e959efdf6aecc70b9ed,남자,21,20대,사무 보조원,전북-전주시 덕진구,True,14-17
60e8ff3627a94de08d0c8ba2f452fc70,남자,31,30대,기업 대표이사,서울-양천구,False,
8eb36a3347794f4c9072be1b812001df,여자,82,60대+,무직,대구-동구,False,
287274842a4247a2a47776275bc106fc,여자,78,60대+,상표 부착기 조작원,강원-강릉시,False,
2a6b0488cff24b9baf4589dac713372d,남자,70,60대+,무직,경상남-창원시 성산구,False,
27ab542882fc4fc9aaa64aa1d337ef67,여자,58,50대,그 외 서비스 관련 단순 종사원,경기-하남시,False,
0ebbc1bcc7d54dc29316329b31b60064,여자,65,60대+,무직,대구-중구,False,
45332b1fa1ed4999b2bf7d52fbc236d4,여자,89,60대+,무직,전라남-무안군,False,
5faaa3e53fa947529e1b832c6dc21123,남자,57,50대,건물 내 전기 설치 및 정비원,강원-원주시,False,
32f381487b0f4837a812331cb6a297d5,여자,80,60대+,무직,경상남-창원시 성산구,False,
926a73a5cb3643bab4f1e2eadde3c59a,여자,28,20대,무직,충청북-진천군,False,
4363f53f71b341d5a4b3ca9367ee6fb5,남자,80,60대+,무직,서울-성북구,False,
aea2bd33624f43339652e8e66660441e,남자,53,50대,그 외 법률 관련 사무원,충청북-청주시 흥덕구,False,
bb547ed7f50745599e3be85bf010d757,여자,28,20대,웹 운영자,부산-부산진구,True,17-21
740a1c3855e34a0dbddc3b33e06a0383,남자,27,20대,무직,경기-이천시,False,
722cb2178ff24b7f8e4cb556d8b10409,남자,78,60대+,건물 경비원,제주-서귀포시,False,
7e705a7f4b624a8abb15ac7416d726a6,여자,67,60대+,무직,서울-강동구,False,
380830fea1904f148f29fdd3d0487b9e,여자,44,40대,무직,서울-송파구,False,
238dec575b4447f7bb8c25566165aee5,여자,51,50대,노점 및 이동 판매원,충청북-음성군,True,11-14
19d08062dd9642ae8a7c76c1b3e4666a,남자,64,60대+,무직,충청남-보령시,False,
ec554ea3886545d3bb030ee63c7a42ba,남자,45,40대,일반 비서,광주-광산구,False,
76f0acf8f7c345408bd0beae6f7691e1,여자,65,60대+,무직,전북-군산시,False,
b0970b8fcb8b43429aeec6edf48d9999,여자,60,60대+,그 외 자동차 운전원,대구-북구,False,
122f7b98f19d42088bb05c89f54bc26c,남자,33,30대,기업 고위 임원,대전-유성구,False,
80e3af5869af4870952cc98990b606d2,여자,19,10대,무직,인천-부평구,False,
d54b3e7dcd5a43a2aa4f8fc8010b81b8,남자,37,30대,관세행정 사무원,경상남-진주시,False,
6fa868e7495c43aead861800fc303575,여자,83,60대+,무직,경기-수원시 영통구,False,
4d2020f7b57c447a8331a062167e9644,여자,47,40대,119 구조대원,강원-철원군,False,
98121f8c16594656ae909f8ac417c60b,남자,66,60대+,농업 단순 종사원,전북-익산시,False,
8afa4d34359447db85ef8a0dfc0de3cb,여자,47,40대,주방 보조원,경기-부천시 소사구,False,
60cbe969a90e49deb885f5c0223fe4b7,남자,31,30대,무직,서울-서초구,False,
704a250d69c0477d98ceec238933a708,남자,60,60대+,무직,경기-고양시 일산서구,False,
c4a511938c164191aa28afaca100d138,여자,81,60대+,무직,강원-동해시,False,
7f892005db8f4d36b1209c3b84884576,남자,45,40대,지게차 운전원,충청북-청주시 상당구,False,
e7ba7783f1aa46068cfa82b9146082e7,남자,40,40대,영업 관리 사무원,부산-해운대구,False,
d96a18a2ff00429897cb5f1664e89592,남자,28,20대,플랜트공학 기술자 및 연구원,경기-구리시,False,
26ee30c863fc4fb5a1d62c5191a2233d,여자,33,30대,무직,경기-수원시 영통구,False,
7bd879a2962f4b96906d8ed03922dca9,남자,80,60대+,무직,경기-용인시 기흥구,False,
1ff2d078c99a47688fb646458aa5db41,남자,62,60대+,재활용품 수거원,서울-노원구,False,
b110f8723fe6483b831c40dcae993f8a,여자,66,60대+,무직,인천-남동구,False,
2e7c893f27bc4b86814264c2739ca17e,남자,52,50대,철로 설치원,경기-고양시 덕양구,False,
9edd216b5e3844d2b9c12389db9c5b68,남자,48,40대,무직,충청북-청주시 흥덕구,False,
45ba29f649944b2e946b783fc18b6a64,여자,27,20대,무직,서울-동작구,False,
c070369f9a5c4f52bf5aa20416b88c66,남자,23,20대,자동차 부품 기술 영업원,대전-중구,True,14-17
a9207313ae1d40d3b53723aacc66e562,남자,66,60대+,무직,제주-제주시,False,
5803045c84674e0fae119f7f4a640698,남자,49,40대,전기제품 개발 기술자 및 연구원,경상북-경산시,False,
c93309db288a46cf9056fa29cf17f1e3,남자,19,10대,조세행정 사무원,서울-중구,True,17-21
6c72cb2b627c41e48670c4eb4e2be621,남자,50,50대,건물 경비원,부산-부산진구,False,
25115230cfa74a41a3c7897921efb7b2,남자,25,20대,판금원,경기-화성시,False,
a09ce207d039430f8f3f112e862abfd4,남자,49,40대,산업 안전원,서울-강남구,False,
38ef2d062a7f42e0ad7aa5a14cc03e37,여자,45,40대,시내버스 운전원,경기-남양주시,False,
c1347efd2d7b4a76ba5b24f678501be2,여자,20,20대,무직,경기-광명시,False,
1e43d2df157d4c0d84b53e23ebc7e80b,여자,88,60대+,무직,제주-제주시,False,
13be01cf891c4490b700abbd679430f9,여자,21,20대,무직,경기-파주시,False,
91f7312f77ef45f78b516f6bfedac68c,남자,58,50대,출판물 기획자,서울-강남구,False,
becd23d97d444c399a43c2f551a054fa,남자,72,60대+,무직,경기-김포시,False,
4f931223201643cd8945a1c253d91c73,여자,33,30대,무직,경기-의정부시,False,
be7be630c3db4d74b105f96f838d6bff,남자,33,30대,세무사,인천-중구,True,11-14
4f74c9486d1f44609f8fbe2066f3021a,여자,67,60대+,무직,부산-사상구,False,
00bd595dbdbb4f4b8ee6d40423e914b8,남자,50,50대,병무행정 사무원,대전-서구,False,
743188e0b7214efaae50dd09d24a2ed3,남자,60,60대+,건물 경비원,대전-유성구,False,
a7d80ca29b62443786eacc21f08cddc6,남자,54,50대,가스 점검원,서울-강동구,True,17-21
af62aca74fc443d596137054f3569797,남자,73,60대+,건물 경비원,강원-철원군,False,
0edcff71d09547559322e3d583529e48,남자,59,50대,택배원,인천-미추홀구,True,17-21
fb06444a709f4b63a87a173157816476,남자,58,50대,해군 장교,제주-제주시,False,
6a49f0d881724c9881dff6b60cdc4d8c,여자,62,60대+,무직,대구-북구,False,
3b8b5ed2a58f41fb9261e54b96101dd7,여자,21,20대,판매 사무원,광주-서구,True,14-17
0b3b9844938a46cbbc083a7a5f625557,남자,71,60대+,엘리베이터 설치 및 정비원,울산-남구,False,
ebf8092822b54377a82f93ef5ab66421,남자,46,40대,무직,서울-성동구,False,
e5738ef8bd4c448480678f01cb6a2bc9,남자,63,60대+,상·하수 배관공,서울-광진구,True,11-14
75a081aefa3c47fb9a193a9e71991884,남자,65,60대+,건물 경비원,서울-서대문구,False,
4c7ab64e594d40b3b4bbef416faee662,여자,56,50대,사무 보조원,경기-안산시 상록구,False,
46d796f706b141f19c61dd153585b7d1,여자,69,60대+,무직,서울-동작구,False,
6a2af5e7370544a3a39a2cbd7ce2db07,남자,82,60대+,무직,충청북-단양군,False,
d0b7322631e34fcc95954d5e4bc03186,남자,36,30대,조사 전문가,경기-용인시 처인구,False,
eac72e0e7a55409a9e60266c47309618,남자,19,10대,무직,경기-부천시 소사구,False,
6e1dcdc4909047bfb877388a39dae574,여자,28,20대,무직,부산-북구,False,
9ad6c926b8c642bd9e1fa2fd1b1c9bf2,여자,70,60대+,무직,전북-익산시,False,
1e2b3283204d456a87b65c19ebc92e97,남자,32,30대,경리 사무원,전라남-해남군,False,
28775d457ed1444d9e3ea4521b8f9584,남자,65,60대+,그 외 기능 관련 종사원,경상북-포항시 남구,False,
5943b0d2182b4478b6d8dcd5d888ce6d,남자,28,20대,시스템 소프트웨어 프로그래머,부산-해운대구,False,
c74e42f5211d4b739f2fc9d0c6bdc3cf,여자,88,60대+,무직,경기-파주시,False,
7723deb4451a43468bdbb2de50882652,여자,41,40대,무직,경상남-김해시,False,
2b092028931d4ad5b9922a164b5e448c,남자,56,50대,사진작가,서울-강남구,False,
c900c249d1344ec88e0095d0a913a5a3,남자,71,60대+,무직,경상북-고령군,False,
957073bc4cb449508cdd6c93b18dca60,여자,53,50대,수동 포장원,서울-강서구,False,
763afa3f90394c5bba352bb0901b8bd3,남자,90,60대+,무직,충청남-태안군,False,
e3c3f44d27d24c66a4407343011fe14c,남자,53,50대,농수산물 중개인 및 경매사,전북-익산시,True,11-14
aee89748cbf9493f8c82ff98c70805b6,여자,61,60대+,커피 조리사,인천-계양구,False,
4649fcd82ade430b8d85ffbddefd08b0,여자,59,50대,모바일 애플리케이션 프로그래머,경기-화성시,False,
348da20bd7e449a0aa8a0d117acf9c73,남자,23,20대,그 외 상점 판매원,경기-성남시 분당구,True,17-21
f238947e350c40d6b826d6074e4f62e7,여자,70,60대+,무직,대구-달서구,False,
2b54a89600034c93a5e5a90d6b113494,남자,35,30대,품질 관리 사무원,경기-고양시 덕양구,False,
5ae327f591de4ffd9ed318528530d9de,여자,61,60대+,그 외 제조 관련 단순 종사원,경상북-봉화군,False,
f82d3748b80244858a576c44b8d5c2cd,여자,41,40대,무직,광주-서구,False,
2c809bdd31084e58911887119c77cea3,남자,50,50대,그 외 서비스 관련 단순 종사원,서울-강북구,False,
bc0804e0a5fa41d7b333b8a2dae25ca0,여자,52,50대,사무 보조원,경상남-창원시 성산구,False,
752417a474ab4c9983443d3c573b5310,여자,68,60대+,무직,서울-강서구,False,
08982ba13ebf4af4ae0a8acbc2cfb8cb,남자,48,40대,시설 경비원,전북-임실군,False,
7244b7fefae546559db60d7f975a8fad,남자,40,40대,건축감리 기술자,경기-하남시,False,
dbdefd43d6964414b126f69e6d16ef72,남자,59,50대,무직,서울-용산구,False,
5434df84a70d4c5c8be441c35639a599,여자,71,60대+,무직,경상남-통영시,False,
173d088927af41cdb8a6712e78a65567,남자,43,40대,컴퓨터 소프트웨어 개발 관리자,부산-동래구,False,
9fea6b3547854a249e9f25ed7ea45af3,남자,27,20대,위험 관리원,대구-남구,False,
f6c42e1ab4934826b332e7569555f6b2,여자,31,30대,회계 사무원,경기-수원시 팔달구,False,
e7838f1c90b54c1fb5b9817aaef1d59f,남자,58,50대,그 외 판매 관련 단순 종사원,경상남-고성군,False,
8ff4bec8e6e34a2da42281f704468dbb,남자,47,40대,그 외 법률 관련 사무원,제주-제주시,False,
df61d1da7be141f59a4d56570e15ca7e,남자,42,40대,단말기 및 통신 서비스 판매원,경상북-칠곡군,False,
b3096a5ca78349d8abc65ad5879585cf,여자,26,20대,무직,서울-구로구,False,
3122993e63704e5a9642c06fc2e0c2a8,여자,63,60대+,무직,부산-사상구,False,
27168b124f8340ac8d97a81d2fa20f0c,남자,59,50대,변호사,경기-용인시 기흥구,False,
97a341d9cdaa40e58ec22b4c7432bcac,여자,52,50대,유치원 교사,서울-강동구,False,
e356dd4482714975898c2cd99da0b1b3,남자,25,20대,"전직 머시닝센터 조작원, 현재 구직중",충청남-천안시 서북구,False,
c5f040db90794dfa802cad69cda66796,남자,34,30대,철로 설치원,경기-오산시,False,
a5fb8fca9dbf4861a841b1e10b1f3c50,남자,75,60대+,무직,충청북-청주시 흥덕구,False,
495409a0a3354e30b65a2d9228e25446,여자,33,30대,프레스기 및 절단기 조작원,경상북-포항시 남구,False,
290830d23ba24434849c4d5ba06359bb,남자,67,60대+,"전직 용접기 조작원, 현재 구직중",충청북-청주시 청원구,False,
cccac4b9155549f4822d90c921e3e2c6,남자,80,60대+,무직,광주-남구,False,
2f4ffdd69a964c4d9eb17616e2cf1f4a,여자,59,50대,마케팅 전문가,경상남-진주시,False,
9faefbdc83e94aad90957656b324f75c,남자,47,40대,무직,경상남-양산시,False,
014fbc344f1f49938ccda1e062b43739,여자,37,30대,무직,경기-화성시,False,
d47356b23169457d91867dedd20db71e,남자,44,40대,건물 경비원,강원-춘천시,False,
f54d2f886bc548ad99fa2693e18b1d12,여자,32,30대,유치원 교사,경기-화성시,False,
d7f60b5430784985bad31ab654aa21ef,여자,56,50대,건물 청소원,광주-북구,False,
0671fa17be454fa5b9e964f24fbb186c,남자,77,60대+,무직,충청남-태안군,False,
92eb84bcde3840b1bb4a9b3490595773,여자,55,50대,보육교사,부산-해운대구,False,
aa394b43f17a4dadbe94923f019bb371,남자,61,60대+,선반기 조작원,경기-안양시 동안구,False,
aec4af3bf48e432e97913796acad6a9a,남자,38,30대,소규모 상점 경영자,경기-고양시 일산동구,False,
b9ffdc328e5c47439e0a5e6a38c8717b,여자,24,20대,무직,경기-군포시,False,
239dc84af5724961bd683145064ae013,여자,28,20대,마케팅 전문가,경기-용인시 기흥구,False,
f76fd8be95fb4788b08e540aef4f3d8b,남자,21,20대,육군 병사,경기-광명시,False,
49c29f537ba7430e88a8d1906504db6f,여자,73,60대+,무직,전북-고창군,False,
3e14f885853c4d09ba9fbdfb292a3f52,남자,29,20대,수동 포장원,대전-동구,False,
af1bf5c17afa45e68a98818c93441b97,남자,54,50대,무직,충청북-진천군,False,
7f2282773ac54c0a8d752c79c96fb663,여자,65,60대+,조세행정 사무원,충청남-계룡시,False,
9330f4e27c7a496e9194cc3ec36c18f6,여자,80,60대+,무직,부산-해운대구,False,
4e8deef5744f45118af6d37648fad9e9,여자,59,50대,농수산물 중개인 및 경매사,부산-동구,False,
5922e0b5893648439ae278ad82d9e7a0,남자,40,40대,교육 및 훈련 사무원,강원-춘천시,False,
e7848ff807184fb1965de71a45bdbba0,여자,81,60대+,무직,전북-김제시,False,
d0f4c19003204f2a882d9b733255b43b,남자,50,50대,자동 재단기 조작원,인천-부평구,False,
31a96f0729204f88879a427c5bba315f,여자,20,20대,무직,경기-오산시,False,
ac4524648f9f4a45aea1c99c3248bbc5,여자,46,40대,그 외 판매 및 고객 서비스 관리자,부산-연제구,False,
44741511628b4e728d84634017d1fc9f,여자,65,60대+,무직,경상남-진주시,False,
7ecd01e564f74022a71a7159cadb6ae7,여자,47,40대,무직,경기-수원시 팔달구,False,
233bb26a431a4c70bd19df5ebdc89c45,여자,29,20대,양장 제조원,서울-구로구,True,17-21
c472fca3529f4a1b96524a92c3dbe56c,남자,64,60대+,무직,대전-서구,False,
f9973445a1f14e5b8aaeadc5cc6f9f3f,여자,26,20대,"전직 염색기 조작원, 현재 구직중",대구-동구,True,11-14
45f42347b120403aa28f66e039b0ef8a,남자,63,60대+,무직,강원-강릉시,False,
3e09abd2b95b4987a16a5f1ebaeff76f,여자,39,30대,"전직 석유화학 시험원, 현재 구직중",경기-안양시 만안구,True,17-21
c7bbae0e5c5646e1870fe97bab8ae2b0,여자,28,20대,화장품 판매원,서울-송파구,True,17-21
3a4d8dbb06d04d9fade03fd64e9a1aab,여자,66,60대+,무직,경기-안양시 동안구,False,
351252f0adda40ea942a3bfbe0b4ef63,남자,83,60대+,무직,경기-고양시 덕양구,False,
befdc057b96b4acdac01d6919641a101,남자,51,50대,크레인 운전원,경상남-창원시 마산회원구,False,
d1cf919d97d54f4cae2c3464b5ed182a,여자,24,20대,무직,세종-세종시,False,
f319ebc36f5a4f48823b7038a86da8e2,여자,60,60대+,무직,광주-광산구,False,
bb35a9a55647481eada4bf3bae20e4c3,여자,68,60대+,무직,부산-남구,False,
98235bf45ba3442884fb6696310ceebf,여자,79,60대+,그 외 돌봄 및 보건 서비스 종사원,대구-달서구,False,
c9a8f0ab289c4cc5872a298c33f61910,남자,70,60대+,위험 관리원,경상북-구미시,False,
d9b899090fee41d996755757bb76f585,여자,79,60대+,무직,경기-광명시,False,
85b0c84be8d048b98b9a4efecc90725a,남자,39,30대,사무 보조원,경상남-함양군,False,
6880c19aad5d45e892a3da64b1fcfd5c,남자,60,60대+,그 외 하역 및 적재 단순 종사원,대구-달서구,False,
f114a2fe3f104d17a3a1c7c1973d265f,남자,69,60대+,무직,울산-울주군,False,
91c826a1efc8493d988ed1e1f5173cd7,여자,61,60대+,무직,경기-파주시,False,
c0487775a795412bb35277479cfab840,여자,46,40대,일반 간호사,제주-제주시,False,
8313f052586b470eb78944842d58ffe2,여자,64,60대+,일반 비서,부산-서구,False,
aa139212127b4a26a8d0c8cd85359e7a,여자,28,20대,컴퓨터 설치 및 수리원,서울-강동구,True,17-21
106b435b8e6f45c0a268fc24552d4fbd,여자,45,40대,그 외 데이터 및 네트워크 관련 전문가,대구-북구,False,
d4323b45348048bd9e06692960bbbda5,여자,57,50대,무직,부산-기장군,False,
4654c1c83260443ab3caf4c85513b9f1,남자,81,60대+,그 외 인사 및 노사 관련 전문가,서울-노원구,False,
ff029969147642db941cb5dd97536b79,남자,39,30대,그 외 제품 디자이너,경기-양주시,False,
d75488a8a3f14c1ebf9ce495e81f1688,남자,27,20대,"전직 전기 및 전자 제품 생산 관리자, 현재 구직중",광주-북구,False,
b069a5fc0865452c92ef5bde512a8141,여자,34,30대,무직,경상북-경산시,False,
60f17427e1d04b2fb889902c4437a61e,여자,53,50대,건물 경비원,경기-광주시,False,
72a7fc204dc2420ea5503ea4e20f6756,남자,42,40대,무직,울산-북구,False,
67fe99203af14b25897a1352c32b02c3,남자,67,60대+,하역 및 적재 관련 단순 종사원,경기-수원시 장안구,False,
f129dd30520b4207a84ba559e2cb4b95,여자,74,60대+,"전직 건물 청소원, 현재 구직중",인천-서구,False,
c62c1e2ad0ce4eda9e73f381594275f2,여자,68,60대+,무직,광주-서구,False,
0c3c1979b5b6460c84af663e3c4252f0,여자,55,50대,일식 조리사,서울-광진구,False,
92e73a9cd2e14ea3bcc79b0209d2cf59,여자,58,50대,무직,경상북-포항시 남구,False,
b8a8b1aa9ab2434cb06b10bfe2a02f68,남자,67,60대+,그 외 서비스 관련 단순 종사원,강원-춘천시,False,
0871a156679e4d6cb94bde483dd07d14,여자,39,30대,카지노 딜러,경기-용인시 기흥구,False,
6def94436f334f228b2392c97b9ef153,여자,50,50대,승용차 및 승합차 운전원,부산-부산진구,False,
a06171bc2ebe49028bb11b3765726916,여자,58,50대,무직,광주-북구,False,
43b4283053794b6fad65851db0c4fe83,남자,39,30대,"전직 건물 경비원, 현재 구직중",대전-중구,False,
c1df3f55155140138cbe6cc5d611ae8e,남자,21,20대,산업 안전원,광주-서구,False,
e5fc5df83dfe43d4b80287a6ab18628c,여자,56,50대,건물 경비원,전라남-목포시,False,
1da82c4a5ee9425d94388ccfeb7e0a4f,여자,44,40대,그 외 도장기 조작원,경상남-창원시 의창구,False,
a170bab01ec6471dab29b982a7b339b3,여자,67,60대+,무직,부산-북구,False,
7152d7181f3d4e9caea1d17a1b250659,남자,31,30대,무직,충청북-청주시 청원구,False,
b90d7ea355584f8d96c3fb62da71e0ef,여자,50,50대,정보 시스템 운영자,경상남-거제시,False,
eafbaf057c44448db65a31e684ff6f08,남자,87,60대+,무직,대구-동구,False,
cf67934b55894b38996279a508dcc6a5,남자,65,60대+,무직,경상북-영천시,False,
54354ea511204dfcbfcab0d462e8486f,여자,72,60대+,무직,서울-강동구,False,
0e9fd6b28a8b4a55a8e2dc180efd3565,여자,31,30대,산업 안전원,부산-사상구,False,
d1e7593fb70346e8bccf269aa279bfc6,여자,34,30대,은행 사무원,경기-안양시 동안구,False,
3bfa3d205df34020ba62384c425b63c0,여자,34,30대,육군 장교,경상남-밀양시,False,
fa755bcac2664e0a877341f780974c35,여자,55,50대,한식 조리사,경상남-양산시,False,
41d69399f841492b8fd30f447216a49c,남자,70,60대+,건물 경비원,전북-전주시 완산구,False,
1ccfbc53fc7340d99c4646cb81f4373b,남자,68,60대+,건물 경비원,충청남-부여군,False,
0600c0944f244328aa0afc8048dbcdd3,여자,27,20대,무직,세종-세종시,False,
b1a90860333b4e0e82d5cee71432900b,남자,62,60대+,경리 사무원,충청남-천안시 서북구,False,
dc6d00a345954aa28d8039c8f86ea3ee,여자,64,60대+,무직,대전-중구,False,
dda739e22827406981b458b1a785cdf1,남자,49,40대,무직,서울-영등포구,False,
3980dba34a2f4cd29519e749a9246377,남자,53,50대,시설 경비원,대구-북구,False,
af82646699c44738be5d2107b3fbc854,여자,37,30대,공학·제조 및 건설 분야 교수,세종-세종시,False,
41de9cf8f97842d692451b3776a6f201,남자,21,20대,무직,울산-중구,False,
67da3f36aba0415a85179dca0ddf13e3,남자,42,40대,중식 조리사,전라남-광양시,False,
73dfd4b045ce41ff83cb2554e1d1dffa,여자,83,60대+,건물 청소원,전라남-신안군,False,
26c1603421c34ba8aad769dfad9967ee,여자,62,60대+,무직,대전-중구,False,
d0691121ae4742ebb37dfa7073aeea36,남자,66,60대+,무직,경상남-합천군,False,
76ef72a166b4411a8a359040cd3d36ce,남자,32,30대,조사 전문가,경기-고양시 일산동구,False,
1ac479e67e734733885ecf164e47e535,여자,44,40대,무직,경기-남양주시,False,
d5df9656612444dca79dd50ef243fa7c,여자,31,30대,일반 비서,전라남-순천시,False,
916aa826b0ef47c69286a8c8a841a2b2,여자,21,20대,무직,강원-춘천시,False,
c36eb6979cc840a4a0c56ade871c1e7a,남자,53,50대,투자 권유 대행인,대전-대덕구,False,
33004cf7d485428f880770cebbd49322,여자,34,30대,모바일 애플리케이션 프로그래머,대전-동구,False,
b9c521507ee843f0a731e10e85d9b6f5,여자,62,60대+,무직,충청남-천안시 동남구,False,
1dd7ba4da38b45e8ba3de6098d1462f1,남자,39,30대,무직,경기-의정부시,False,
fa89444631cd47f89dcd2ec134488931,남자,32,30대,전자제품 제조 기계 조작원,인천-서구,False,
84048937397646d0af4d34fc65b557e1,여자,27,20대,회계 사무원,부산-사하구,False,
bd35fde411f644a2a4f9dfc39b40979e,남자,60,60대+,무직,서울-강북구,True,14-17
db2d3194f2dc4001bcce9b7915266dba,여자,69,60대+,한식 조리사,경상북-포항시 북구,False,
fb1d40c41636495094adef6d4198c8a2,남자,63,60대+,무직,강원-춘천시,False,
ef19cf5faaec487fbfddc58dd629f7bb,남자,61,60대+,"전직 총무 사무원, 현재 구직중",서울-노원구,True,14-17
169a465573d843ce8f0201b0856c7949,여자,71,60대+,무직,서울-마포구,False,
9acd8c8453424595bc09f1b6a1ab24cb,남자,22,20대,무직,서울-관악구,True,17-21
a29a8c8770a1446a8ce64b762e3847f3,여자,59,50대,노점 및 이동 판매원,경기-부천시 오정구,True,14-17
339b4f1122f74747af36cc1c755769fc,남자,35,30대,산업 안전원,인천-서구,False,
f737e859c97b4fd1939eda71de6a9871,남자,47,40대,무직,서울-성동구,True,17-21
26ec83c2945b4716881f41b7aae6060b,남자,57,50대,유리 관련 기능 종사원,충청북-청주시 청원구,False,
47682f6c622b4411b95a09db7dd6f809,여자,66,60대+,무직,강원-속초시,False,
a34f4d7dc1974bd887bc34feb7c1cb77,여자,26,20대,무직,부산-수영구,False,
0e79360b35c34e83bbdceacf5701ddd2,여자,54,50대,그 외 서비스 관련 단순 종사원,세종-세종시,False,
d091211a922f4a5fbbadb00bc58d0226,여자,57,50대,그 외 금속·재료 공학 기술자 및 연구원,경기-평택시,False,
de8fe71cde54445faee86e4a6c3ab19e,여자,22,20대,마케팅 전문가,경기-안성시,False,
013c922d1cdd43dcabe455f285ab12cb,남자,21,20대,"전직 금속 분무기 조작원, 현재 구직중",대전-서구,False,
6de060bdad3e42048be6805f58815bb8,여자,26,20대,그 외 시각 디자이너,경기-과천시,False,
528e7d8c5afc475e87f2be263899b949,여자,69,60대+,무직,서울-송파구,True,14-17
5c54eb89a1824c6091bd814411d3a1ce,여자,54,50대,무직,경기-고양시 일산동구,False,
37a83bcce51a42ea8fb3705f5bf716ec,여자,28,20대,무직,대구-북구,False,
d0e2c3d6328546f08fe22e8ebc51fbe9,여자,50,50대,승용차 및 승합차 운전원,경기-양주시,False,
48cfd963786945fa9b6f3549a42771ce,여자,24,20대,전화 상담원,경상남-창원시 의창구,False,
d22310df306643089663c55e8b6bb006,남자,29,20대,관세행정 사무원,경상남-창원시 마산회원구,True,17-21
56f2d294f5f742b3938bce9803f4d1b9,남자,72,60대+,무직,서울-용산구,True,11-14
2c994d04f2ab4c08831150861aa6566f,여자,40,40대,무직,경상남-창원시 진해구,False,
314a638d940a49b48debf3c1abe87e3b,여자,33,30대,그 외 상점 판매원,경기-안산시 상록구,False,
0fc669a5bd5b4b43a6d455c14522afed,남자,34,30대,소규모 상점 경영자,경기-시흥시,True,17-21
67cbe121b64d4dab869f9a44579020d2,남자,34,30대,음식 배달원,전북-전주시 완산구,False,
f78b1e9b32704c2d8b28442679832e3b,여자,34,30대,범용 소프트웨어 프로그래머,제주-제주시,False,
34e7c087861041cc8789e9ea2339c8a2,여자,63,60대+,무직,경상북-경산시,False,
37f59e2c0d2f49cc8d711f26f2f26138,여자,76,60대+,무직,대전-서구,False,
2795e53b75354abcbb812bb08f1a8599,남자,78,60대+,산업용로봇 조작원,경기-하남시,False,
e2b597435abb49e9b9acf5367d37f042,여자,43,40대,온라인 쇼핑 판매원,부산-북구,False,
5bf8434b46aa404ea819c3a35bdb1cce,여자,43,40대,마케팅 전문가,부산-동래구,False,
c2944196fcf84442a0ff3918ccd9d069,남자,22,20대,"전직 생산관리 사무원, 현재 구직중",경기-평택시,False,
8705031a45984a2cb777c372bcf9650d,남자,38,30대,무직,경기-구리시,False,
c0178fd38b6e4a5397672e4c8f225fc0,남자,67,60대+,무직,충청북-청주시 흥덕구,False,
f382b640788f4d17955663f3e8c7a21d,남자,48,40대,하역 및 적재 관련 단순 종사원,경기-평택시,True,00-06
f04fd1b74ec841acb8724bb7515bbf2d,남자,66,60대+,무직,경기-의왕시,False,
b097751a9ec043cab7e9d695b93197e8,남자,73,60대+,무직,대구-동구,False,
b438ee284ddc4a309355bec208910693,남자,55,50대,전화 상담원,대전-대덕구,False,
b846e924f245460aa356c29dcb46e2b0,여자,23,20대,무직,서울-동작구,True,14-17
99a800fabe744283909120bf8c410fae,남자,22,20대,무직,경기-안양시 동안구,True,14-17
26e1dc6231544d56ac79ee85d78f2fca,여자,49,40대,육군 장교,충청북-충주시,False,
ad6e8c56d5af4ea79691618927123467,남자,42,40대,그 외 금융 사무원,경기-수원시 영통구,False,
9ed7edf8e660440e9ca2a9ccbc556f5b,남자,50,50대,지게차 운전원,충청남-천안시 서북구,True,00-06
f6cb99b8c10d473eb211c97cd0004cc8,남자,38,30대,무직,서울-송파구,True,14-17
6e0126ca5417474ca78c9cd0781facaf,남자,67,60대+,그 외 택배원,충청남-아산시,False,
5ccd75f992274100b91dec3b29bef0cd,남자,58,50대,교육 및 훈련 사무원,서울-성동구,True,11-14
0cc6673554604ef98a6408223370847d,남자,33,30대,조사 전문가,경기-양주시,False,
753c318be7454f27ac0eb3adaf69b6a2,여자,49,40대,간호조무사,서울-노원구,True,17-21
d447d7c9bfc54ed59552fbe318c7a422,남자,56,50대,건설 단순 종사원,충청북-옥천군,False,
8cb0029e6df044e8a10e23fda5db495e,여자,46,40대,온라인 쇼핑 판매원,전북-익산시,True,17-21
03859c076dd44375b8daeb045da2a778,남자,75,60대+,무직,서울-관악구,False,
8ae9d349820e4ab59dc3c589b3cee42b,남자,73,60대+,무직,전북-전주시 완산구,False,
94ba34d74a90416c906b9f2b876af738,남자,20,20대,신차 영업원,충청남-서산시,True,17-21
d9edcbfb9ec741e69dffdd0728abd528,여자,65,60대+,무직,서울-송파구,False,
7f247293f2f64b149037f22753099b6b,여자,24,20대,무직,전라남-영암군,False,
8981ec2de25f458e8ebad44728d5e683,남자,41,40대,품질 관리 사무원,대구-달성군,False,
75d800e1610c4b4f964d419cacc05427,여자,58,50대,한식 조리사,전라남-목포시,False,
fa9577acddf54a5796cb387d03f77918,여자,79,60대+,무직,인천-계양구,False,
3fb075c0e26945d68212554613d22737,여자,30,30대,무직,경기-군포시,True,14-17
a0ec0abac0c94dcf900af8cdc851b333,남자,40,40대,펌프 장치 조작원,인천-서구,False,
7a3319cadd2c43a39c79e6c088797bc7,여자,77,60대+,무직,경기-평택시,False,
82ea8c01ffe84e1a9972096f166c4d48,남자,36,30대,일식 조리사,부산-남구,False,
45e6ee3bc5ae4f69bb4d2211e3e197fd,여자,37,30대,부동산 중개사,경기-고양시 덕양구,False,
d1e11285de5649a490bbff510a1d701d,여자,31,30대,사회복지사,경기-화성시,False,
bbefb16f2abf467c87a115ec888c32b8,남자,65,60대+,무직,경기-시흥시,False,
baa5e3c9987d47b5b4cb7aed5faa072a,남자,74,60대+,치과기공사,서울-강동구,False,
e49efc9bfc684dbe89735841a89e76fb,남자,69,60대+,무직,경기-부천시 원미구,False,
611311d86e0842f3a54950d374f2cd00,남자,62,60대+,가스 배관공,울산-남구,False,
9967dcc38ab141f8a514b9a1386360a0,남자,89,60대+,무직,서울-노원구,False,
166b46d9281c49fbb63042e087b0aa63,남자,42,40대,단말기 및 통신 서비스 판매원,서울-강동구,True,17-21
54b765d213454c288ae02c31246b22c6,남자,42,40대,소방시설 공사 기술자 및 연구원,경상남-양산시,False,
3de45b11c81643f88f9c2a3c3485250e,여자,66,60대+,그 외 상점 판매원,서울-광진구,True,11-14
24a353c1c0db4c61805e8c356fb04389,여자,82,60대+,건물 청소원,전북-순창군,False,
824a23f52fa94d26b75f75fa35f4515f,남자,41,40대,경리 사무원,인천-남동구,False,
02dd5fc4dbe0422eb02dfb3ddd121a7b,여자,41,40대,마케팅 전문가,경기-하남시,False,
2f54d3ca39984fefabb80fd05d8680ff,여자,84,60대+,무직,대구-동구,False,
b354559750584460a224e30d2133b5a2,여자,65,60대+,"전직 그 외 서비스 관련 단순 종사원, 현재 구직중",인천-미추홀구,False,
5049d9703c614ef982619af330058953,여자,67,60대+,사무 보조원,인천-남동구,False,
04d0f38784b443b7ac0dd9fe2d173ac7,남자,41,40대,그 외 법률 관련 사무원,경기-화성시,False,
eacf12f90eb049268b730e1cfa7ac685,여자,83,60대+,무직,경기-고양시 덕양구,False,
6a8775622b27449cb0c31616e020a50b,여자,50,50대,경리 사무원,전북-전주시 완산구,False,
0933113ed2a54cb8b361fda9e4b23c4c,여자,60,60대+,음식료품 판매원,대구-북구,False,
ea611e4664c84dc1b952c6e953b90d18,남자,39,30대,그 외 법률 관련 사무원,경기-김포시,False,
53dad379022a4a4ba8894b3381d0cef3,남자,82,60대+,무직,경상남-김해시,False,
a601987ae9d64844b231e27d0e83b1bc,여자,27,20대,"전직 출납 창구 사무원, 현재 구직중",경상남-창원시 마산회원구,False,
2d51d47e41704cd5a52cbd2946ff1d23,여자,41,40대,배전반 조작원,경상남-거제시,False,
7c2d8f9558a84b7db81833be9575594b,여자,54,50대,사무 보조원,경상남-진주시,False,
3fad6235eb0b4475a113db669229aa91,여자,34,30대,치과기공사,경기-하남시,False,
2268957db280442f9ca4660cb9c477cc,남자,31,30대,산업 안전원,경기-성남시 분당구,False,
d18c3f35af9f427091924f9da8f4df14,여자,20,20대,일반 간호사,광주-남구,False,
a63256090e014c798ebc1c93ab187ed1,남자,65,60대+,무직,경기-김포시,False,
5567911ee10b4c8daf3812ea61c3cfc2,남자,33,30대,자재 관리 사무원,서울-강남구,True,14-17
b82736d4bd554338ab1889bbeb735e99,남자,61,60대+,전화 상담원,강원-춘천시,False,
bca72e3dc28e45a1aaf98bd9b1b86c15,남자,19,10대,그 외 상점 판매원,충청북-청주시 청원구,True,11-14
3677fc56ed944faabeb811a77925ff9c,여자,44,40대,사진작가,경기-성남시 분당구,True,14-17
5e73bbe1e5a845538e8ecec2a70d00d3,여자,31,30대,총무 사무원,경기-안산시 상록구,False,
449b4fe95e9148e7aa0ca4c4c983a370,남자,58,50대,철도운송 관련 종사원,전라남-광양시,False,
de6df92cf5124d12b505cae23e4a2803,남자,62,60대+,"전직 상·하수 배관공, 현재 구직중",경기-수원시 팔달구,False,
03764eb3867a4ac89946473340a16aa0,남자,30,30대,전화 상담원,서울-영등포구,True,17-21
1e6cb46099ab44ab943b51007ca8b519,남자,27,20대,무직,인천-서구,False,
5ae55d917f2d4e4e84517d896322becb,여자,69,60대+,무직,대구-달서구,False,
c6096eea78e04294897cd20f1c0b53d0,남자,43,40대,무직,인천-연수구,False,
b68c7da31c2e4f6dbd7c8ebccaac3aa5,여자,30,30대,경리 사무원,강원-강릉시,False,
8c528b80d64d4366872dfafca678c48b,여자,44,40대,데이터 분석가,서울-구로구,True,14-17
4d023603c2a44fd0b2c9bd9d15410263,남자,22,20대,회계 사무원,인천-연수구,False,
f8b12f1ebf7f46269a429a89bfd92c8b,남자,38,30대,품질 관리 사무원,대전-서구,False,
ae0bb4c81ab44dfd8237c7b493e3c070,여자,82,60대+,농업 단순 종사원,경상북-문경시,False,
f3e69eb743504fcb9a55ee1f0db1ed95,여자,74,60대+,무직,서울-서대문구,False,
16ec5fcbae6b45cc983df3c99ef17f3c,여자,66,60대+,데스크 안내원,서울-마포구,False,
830e8fb61fb74105bfc4d67608273687,남자,80,60대+,무직,경기-안산시 상록구,False,
a0b2cc904b7341b48999361c4342bbae,남자,51,50대,건물 경비원,경기-부천시 오정구,False,
06bbff5457d84196a5c623a4d0029514,남자,57,50대,외환 딜러,서울-금천구,True,21-24
bcbfbe2f89e44233a8e1abd194009139,남자,55,50대,판금원,충청남-천안시 서북구,False,
f4bde00abb3b4aad92a9bd116d44857c,남자,38,30대,보험 심사원,전라남-여수시,False,
80e6f9628dbe41dd81f244ad177fa5df,여자,19,10대,무직,경기-김포시,False,
c3684cab3bed46dcb420184658fbd1a4,남자,32,30대,정보 보안 전문가,경기-오산시,False,
9fc399b77829451db5c04a02e32f60fd,여자,66,60대+,무직,경상북-김천시,False,
96287d1dd18c4349ad82fbf6275c1615,남자,31,30대,화학물 증류기 및 반응기 조작원,충청남-서산시,False,
d1d874c837e647669d367e9e97f57c7e,남자,47,40대,기업 고위 임원,서울-양천구,False,
56a7c90801d74787962a463cc0c29611,남자,83,60대+,무직,경상남-창원시 마산회원구,False,
58e5b9b24e16436db3e4b4a6efdbd91f,남자,45,40대,금속절곡기 조작원,경상북-포항시 남구,False,
d8afcfeb3ca2408b9c7754670603f539,남자,49,40대,모바일 애플리케이션 프로그래머,인천-연수구,False,
a1d4aba63a4b4e688a0ad69aa5de06a0,여자,40,40대,보육교사,경상남-창원시 성산구,False,
7f8bfaffe3fe4ecdadff2c273d67901d,남자,41,40대,설탕 제조 관련 기계 조작원,경상북-안동시,False,
99a946b81eb14682acc28fb07aa20ace,여자,93,60대+,무직,전북-익산시,False,
8f2cbad7f5c84154ac430b2c4efbfdab,남자,47,40대,보험 심사원,대구-수성구,False,
85de5e11120f48efa5488837c512cc51,남자,61,60대+,무직,인천-동구,False,
5e1df55383a4463d876cceac361e0f87,남자,21,20대,"전직 사무 보조원, 현재 구직중",울산-남구,False,
268b2d57dc1442af99ca32fc8b667a7c,여자,47,40대,그 외 화학제품 생산기 조작원,경기-시흥시,False,
07fa18ebf71e4b61b3856570e79a9e63,남자,33,30대,금속공학 기술자 및 연구원,대구-달성군,False,
3730849769f14f4eae13c3517d9bda50,여자,19,10대,무직,대구-수성구,False,
3f4dfe0038ef4af8b751c0b8956656cc,남자,48,40대,약사,부산-연제구,False,
dec7920cc267427c8174f57ba28fee3a,남자,89,60대+,하역 및 적재 관련 단순 종사원,충청북-영동군,False,
0b63e6f50a93460e96694d3a249d2eaf,여자,69,60대+,무직,부산-북구,False,
7295cc1d86e147a491207151c4783cad,여자,66,60대+,가사 도우미,경기-수원시 권선구,False,
b3a5d478d20c49b3b0951755439af411,남자,69,60대+,무직,서울-금천구,False,
64a89972960b4229b10b9bae0eb17ac8,여자,36,30대,실업 교사,경기-화성시,False,
4345a2b11a8849d68ec0dbd5d85d6db7,남자,33,30대,철도운송 관련 종사원,경기-수원시 권선구,True,11-14
55fd2bff16a4466e9d9c2d2d53d41f74,남자,39,30대,일반 비서,충청남-아산시,False,
fb9afa0b383f47a7a61a8160f9f30bfd,남자,46,40대,철도운송 관련 종사원,인천-서구,True,11-14
5cf6eb3b79d74b41923b6f0f996d23d5,여자,51,50대,보육교사,대전-유성구,False,
7c631d6f5a61412facceaa2af99824f1,여자,26,20대,무직,부산-서구,False,
f89c74ca8b0e4a3f8550a071860598d7,여자,50,50대,경리 사무원,서울-강동구,False,
ba599568fe9546ffae660a26d9a8e091,여자,83,60대+,무직,충청남-예산군,False,
bde76256219447dfbbf70b993dbe20f7,남자,26,20대,경리 사무원,경기-용인시 처인구,False,
ad1719af9b104b79845d6125c132d397,여자,44,40대,무직,충청남-아산시,False,
e49dfe43ee854ab08cd15862d1c95c67,남자,27,20대,관리 비서,경상남-창원시 의창구,False,
25cca576e3ab43729143067764c858b3,남자,53,50대,대출 모집인,울산-동구,False,
7bad4a0fbadf4ad0b71306b82fa27cdb,남자,66,60대+,무직,전라남-보성군,False,
3297f81661824e9f8bdf24bbc1e4186b,남자,26,20대,미디어 콘텐츠 창작자,서울-노원구,True,14-17
b74278ffe57c414398141e69448c39fb,남자,38,30대,무직,서울-송파구,False,
e9c57d7a82be4a73b8a85d3eb0b4dbaf,남자,34,30대,고속철 기관사,경상남-김해시,True,11-14
e47dcafede5a4a74a36d3898a4eb9366,여자,30,30대,무직,강원-춘천시,False,
10e15753eedb47e29d874b7af8784c2e,남자,27,20대,무직,서울-은평구,False,
18c0b5e36b454ff1b14fc13f3ea54201,남자,73,60대+,무직,경기-고양시 일산서구,False,
81ac22d280f24cca81b08292fd944f8f,남자,49,40대,그 외 금속가공 기계 조작원,경상남-함안군,False,
b6719772495c4883ab8387f4b7443395,남자,75,60대+,무직,전북-고창군,False,
660d09476510420f94d85d07aca9a92c,남자,53,50대,건설 단순 종사원,서울-영등포구,False,
f359db17d38144de94ba6e192b2a5ef2,남자,51,50대,그 외 법률 관련 사무원,강원-원주시,False,
25f717ddc8db49a9bf6ec6742be68d08,남자,70,60대+,마케팅 전문가,서울-구로구,False,
bef44ab4cd22480691873d956272afa8,여자,41,40대,무직,충청북-청주시 청원구,False,
1b816bf655d94b24bb636afb6258ea96,남자,67,60대+,무직,서울-중랑구,False,
8ef04715fd374ea3922b26194d256e5b,남자,38,30대,사무 보조원,서울-영등포구,False,
c35547df494e4239a1fdc585498ccd38,남자,60,60대+,무직,경기-포천시,False,
52001f8c6272490c9cbb36df5aae7e4c,여자,55,50대,무직,경상북-구미시,False,
3b5739c799c6466b814ec3fae7927608,남자,74,60대+,무직,서울-성동구,False,
3b6d60e616694300a5c1ae66f0a0932c,남자,59,50대,무직,대구-수성구,False,
da5c51b1cff540b0b0e11917d6f82d5f,남자,69,60대+,무직,서울-중랑구,False,
b059cac9e2c841aa97fa22263ec55560,여자,74,60대+,무직,경기-양평군,False,
f2f36ca314964678ada44c7f755ee3cb,남자,22,20대,학습지 방문강사,전라남-광양시,False,
2acd8e81df954f4995f50ec560634aab,여자,19,10대,무직,부산-북구,False,
a9525640903a4d7784da1e23f30d6d8a,여자,57,50대,의상 디자이너,대전-유성구,True,17-21
6b088a0647bf4076b7bee1d49c27a366,남자,61,60대+,무직,인천-남동구,False,
e267ff771d4a49eca16e329da4572b45,여자,71,60대+,무직,부산-부산진구,False,
b994f553c1e04c4db068fb28e710b98b,남자,30,30대,무직,경상북-구미시,False,
8161743c5ed34ba8abfaf1cfe44f4fd3,여자,38,30대,공공행정 사무원,인천-중구,False,
2e53432aa80f4300a002b8b3bb7165cc,남자,48,40대,해군 장교,충청남-당진시,False,
297686666c1743ce8dc3cc7f7ddcbe1f,남자,79,60대+,하역 및 적재 관련 단순 종사원,경상남-밀양시,False,
c2d535fe57544a5c85f51720faa8a14f,여자,52,50대,무직,서울-양천구,False,
c921c19803194268aa27872827a66981,남자,27,20대,식품 영업원,서울-송파구,True,17-21
b817e9add5c54240b48b3a1c34d38fc2,여자,26,20대,무직,경기-성남시 분당구,False,
52dea69632a8438ea9925ff270adc7cc,남자,38,30대,조사 전문가,경기-의정부시,False,
99bcf490b5a249cf8432a1531ba6d991,남자,58,50대,운송장비 청소원,경상남-통영시,False,
a40fdab2eefe4d29ad4f404e413a1dd4,남자,33,30대,전자제품 제조 기계 조작원,충청북-충주시,False,
fc896cae48174ca792fb4eb304e5e5c7,여자,90,60대+,무직,대구-동구,False,
1ee0c5a6a2ef4d6db0c39e1af2ca4c0f,여자,47,40대,무직,강원-영월군,False,
5b048378d6ce4715bc6f628847b1bb3a,여자,71,60대+,무직,경상남-양산시,False,
75ca231086c1457cb54c75e9981de38c,남자,51,50대,그 외 건축 마감 관련 기능 종사원,경기-광명시,True,17-21
fa29b822ad804e8d8c6ed6ef46ebde76,여자,36,30대,음료 서비스 종사원,경기-성남시 수정구,True,17-21
f21ded7d33a04e8487eeda5d78d610d9,남자,55,50대,화학물 증류기 및 반응기 조작원,경기-부천시 소사구,True,17-21
5d103dbcc38c474192a9991853063549,남자,26,20대,무직,충청남-아산시,False,
59a0f1fdde66424f9bc73fd771c3fc9f,여자,84,60대+,무직,대구-동구,False,
f83d2d6d8fe043e0b18e513ef0393a62,남자,38,30대,크레인 운전원,경기-오산시,True,17-21
1eb1d5c170194653bf099b56eaf27c6f,남자,49,40대,그 외 전기공학 기술자 및 연구원,대전-유성구,True,17-21
099c2c23b8d048499fe9276530b5b810,여자,68,60대+,무직,경상남-밀양시,False,
4ab7b815531b46ef822a1e0e253a0eee,여자,36,30대,경영 기획 사무원,대구-동구,True,17-21
a1d9b773a3bd402eb99a340f19d80cd7,여자,59,50대,건물 청소원,부산-부산진구,False,
f5d7c93533a5450d846fecd1cb11c5fc,남자,80,60대+,무직,인천-연수구,False,
864414bb62d14427ab8e1573e6fff111,여자,68,60대+,무직,인천-서구,False,
459041b7dc714405a61f857d660dd674,남자,44,40대,무직,인천-중구,True,11-14
aae178bed4274bf6881948b518c04ab2,여자,54,50대,그 외 일반 영업원,경기-용인시 기흥구,True,17-21
6d21e84f78cb483f8bd629ee5c6a53a7,여자,67,60대+,무직,대구-수성구,False,
55fba828bd204413b271e6e9bd404e14,남자,74,60대+,무직,서울-강동구,False,
296cd06393b3495fbd361f17c992c0ca,남자,39,30대,영상·전자음향기기 설치 및 수리원,경기-남양주시,True,17-21
2bf4cb6e9e81461fb93fc88af3338dc3,남자,57,50대,육군 장교,경기-고양시 일산서구,False,
2f42126004ce47c2ba56df3b5d7be28c,남자,48,40대,무직,광주-남구,False,
968cf75c21604d45a31d27c9141e4c41,여자,46,40대,무직,경상남-함안군,False,
e079e6b6ca9b4dac8d28ccb72611687a,남자,44,40대,가전제품 판매원,강원-춘천시,True,11-14
c058cd9daffd46c79336fe310c67f821,여자,51,50대,지게차 운전원,인천-서구,True,17-21
ab28507267cc40da9b2e5051a768fe20,남자,52,50대,철도운송 관련 종사원,경기-안산시 상록구,False,
bc8f1c9f429344bc8ec5dc288d7d52ec,남자,32,30대,철도운송 사무원,경기-연천군,False,
ec6e15ae8cce4d8fa63ddcd5f958c7f6,여자,38,30대,데이터 분석가,인천-서구,True,17-21
ba446b89bb8641c5b9fe09c381d3b5e3,남자,45,40대,무직,인천-연수구,False,
dad63df9bce642acb4d31afe146aa60d,남자,25,20대,생산관리 사무원,울산-중구,False,
c03992831cc446f085b398eee2c45bf1,여자,65,60대+,보육교사,서울-중랑구,False,
33e21768d6fe4d0a93d982cbc7a76973,여자,23,20대,그 외 돌봄 및 보건 서비스 종사원,전라남-강진군,False,
19f6afe0dbdc4c968c462dfbaf18afa5,남자,31,30대,품질 관리 사무원,서울-동작구,True,17-21
cc2a3b2e3e95472682ebb75f4d18c748,여자,40,40대,전화 상담원,서울-노원구,False,
d7a650a7d80641ddaf7384f3b485c0a0,남자,57,50대,하역 및 적재 관련 단순 종사원,서울-강북구,False,
49457afb974e414ea0bce68c387947de,여자,23,20대,무직,강원-원주시,False,
b5bcec69579443179456f964bbdefabc,여자,44,40대,그 외 판매 관련 단순 종사원,세종-세종시,False,
87fcb92af15b4d41849147b33006d7b3,여자,55,50대,유치원 교사,서울-노원구,False,
0dd43b31788f4d3bb5b47ed27946066a,여자,60,60대+,전기 및 전자 장비 제도사,경상남-진주시,False,
0aa0fd11b4d247878afbddb0ebf74968,여자,59,50대,수의사,전라남-순천시,False,
79485ba747d84797a2c703d04eadeba6,여자,32,30대,무직,서울-영등포구,False,
ebacb482643b41eeb3aa6d27e3d651c7,여자,50,50대,무직,강원-춘천시,False,
e72947f6b286473abd77d024d4f530f0,여자,24,20대,무직,서울-동작구,False,
91906cadf47f4a95a629e0164a1c2269,남자,75,60대+,무직,충청남-아산시,False,
ac7b5d615ee44763a27237332cb29ef5,남자,60,60대+,무직,서울-금천구,False,
a45d3a77f41f43bb9c60b66556e0a518,여자,81,60대+,무직,경기-광주시,False,
20bead3b5d2d4b98aa13457b24fb2d9e,남자,56,50대,그 외 일반 영업원,강원-동해시,False,
95e306596731495ca674de2753d38d06,여자,84,60대+,무직,울산-중구,False,
cc02e763404d41d39729b5c86892f8fc,여자,75,60대+,노점 및 이동 판매원,부산-해운대구,False,
e0d4dc635ff04cc6aaca44bd6146ebc6,남자,70,60대+,승용차 및 승합차 운전원,충청남-태안군,False,
56275f08128b4ba281a8eceb6411bab5,남자,25,20대,무직,전북-군산시,False,
7bf80107dd1246fabd433a524d1b97d8,남자,88,60대+,무직,경기-수원시 권선구,False,
07d0b4fccd8747779cff205a4e2d6c1e,남자,67,60대+,건물 경비원,제주-제주시,False,
5a8c3239cc0444f3a1fb814fc591368f,남자,33,30대,프레스기 및 절단기 조작원,경상북-구미시,False,
db24d40cbbf841d3bc391a714db417b2,여자,71,60대+,무직,울산-동구,False,
a9e667c76855400899fa2e9c20f9ae11,여자,27,20대,무직,대구-서구,True,14-17
59c42d02448f4362853b41979c482f09,남자,62,60대+,무직,인천-남동구,False,
57968ca5e397462f9d025e8d1d6fe75a,여자,74,60대+,무직,울산-중구,False,
9d5bb7dbf4ef4a9f940f7ee2fc615dfa,여자,69,60대+,의류 판매원,경상남-양산시,True,11-14
b64f4794be9242378b399428df91df19,남자,22,20대,산업 안전원,전북-전주시 덕진구,True,17-21
5497b986baef47cf848a06dfb9d0d3ab,남자,34,30대,무직,경기-수원시 영통구,False,
0373ca8010bd4f48be9c51ab6ae34bf4,여자,27,20대,무직,경기-수원시 영통구,True,14-17
04b838ec5dda459aa94a113b92b9468a,남자,30,30대,관리 비서,충청북-영동군,False,
ccf34e5d20ac4233a5e2516d67fc9b5c,남자,23,20대,선박교통 관제사,대구-달성군,False,
9859f2e077f149ea86d7acdedf04d3e4,남자,22,20대,노점 및 이동 판매원,경기-화성시,True,17-21
1042d80c625c461f90144f7888638f7f,남자,24,20대,그 외 물품 이동 장비 조작원,경상남-창원시 마산합포구,False,
ba5da9e3ca9d4c2095b7181bb55241ea,여자,26,20대,무직,경기-수원시 영통구,True,14-17
5f4bbe6b3c154162888c4da407ff33cb,남자,43,40대,화학 시험원,대구-남구,False,
90d830cd9efb453ca44fca2a2eadd5c9,여자,42,40대,경리 사무원,충청남-천안시 동남구,False,
33afab7828d54e458dca5cce81fbac74,남자,44,40대,그 외 자동차 운전원,전북-순창군,False,
583f763799314d2586e730af7f78730d,여자,37,30대,경리 사무원,부산-부산진구,False,
6cd0b453b7044a3eb02f1b2b6f08ae1f,여자,79,60대+,냉난방·공조공학 기술자 및 연구원,서울-구로구,False,
a5b5c62cb32147ca92aaa5bae17cce49,여자,61,60대+,무직,서울-강서구,False,
48601ed7c1594dd783e5d9ea1478ac1a,여자,69,60대+,무직,부산-중구,False,
f4bf75eabb604a3e9f49d97d53e72d69,여자,25,20대,무직,경기-광주시,True,14-17
124d66e578824434a8fa10d619fa0675,남자,45,40대,무직,경기-화성시,False,
7820b272b3324159bf673b59593b3933,남자,61,60대+,무직,서울-구로구,False,
a8eeac0760e34c75b12bf53f0f0ffe86,여자,29,20대,보육교사,광주-북구,False,
657940acd7c945528fe5ac193ce6f008,남자,41,40대,법무 사무원,부산-강서구,False,
84e5c39e52c447b799a9c42159434219,여자,88,60대+,무직,서울-구로구,False,
c3c7787c602c417ebeb687445aa88a3e,여자,57,50대,일반영양사,서울-용산구,False,
63a3b258f9ed4656b7e36d2a5235fa2a,남자,58,50대,건물 경비원,전북-정읍시,False,
4dd5bf762da243449e908ca7c0ec9090,여자,62,60대+,"전직 건물 청소원, 현재 구직중",울산-동구,False,
cd404c931e1749a588380b396d058c19,여자,63,60대+,총무 사무원,충청남-아산시,False,
0c5f905e293641fea559a56f3f915139,여자,72,60대+,건물 청소원,경기-오산시,False,
3cda27fc4d2c458b83c11b57b7b5ebfb,남자,44,40대,경영 기획 사무원,경기-안성시,False,
7f14fbe36f354cc9a5df6ebc03af9ee4,남자,49,40대,도축원,제주-제주시,False,
222e05725c9d4232bca65fc929f4799c,여자,50,50대,그 외 법률 관련 사무원,서울-강북구,False,
9072e575c0b44c1d8077760f73255ede,여자,28,20대,일반 비서,서울-관악구,False,
8745392b16af40b794ed7d0ba7c9c175,남자,56,50대,무직,대구-달성군,False,
dc0672bc7804423a93b23df8781976d9,남자,54,50대,그 외 일반 영업원,경기-평택시,False,
1b43c95b601445688fd0266dd58d8dec,남자,60,60대+,무직,충청남-아산시,False,
fa6ff8edd99d4497a396d39b368564fc,남자,54,50대,그 외 일반 영업원,전북-군산시,False,
cb2082413b974488a5f70e137c0e76c6,남자,55,50대,무직,서울-강서구,False,
84a028ee309c45dc96d1224a157266cd,여자,78,60대+,무직,부산-사상구,False,
212500cd4d0348369b1c7e84dce46086,남자,34,30대,무직,광주-서구,False,
5c773ba6d05d48e09812992daa1fccc4,남자,29,20대,무직,경기-김포시,False,
31bc98bab7bd477d9ab8e94d2cf48b7c,여자,30,30대,국가행정 사무원,서울-동대문구,True,17-21
27e2b563915a43ae9bb2a472596ae41a,남자,46,40대,건물 경비원,경기-여주시,False,
f6535705fa544461b6b01909468f2ded,여자,30,30대,무직,충청북-청주시 상당구,False,
567cfba5500040b7a0de69ca0aa4b139,남자,76,60대+,하역 및 적재 관련 단순 종사원,광주-광산구,False,
cbd20beef07b46468f3b798d205499de,여자,26,20대,무직,경기-수원시 권선구,True,14-17
e35a11444a744a4cb8d0f0f3f1b83618,남자,26,20대,로봇공학 기술자 및 연구원,경기-부천시 원미구,True,11-14
92800e9d6f784809a41693ce2ff9075c,여자,47,40대,직업상담사,대구-북구,False,
5e1701a4de31470490882a7246091edc,여자,32,30대,단말기 및 통신 서비스 판매원,경기-광주시,True,17-21
5a7b8c530f8d4a7aab2a49dc7b8fb5b1,여자,31,30대,무직,경기-성남시 수정구,True,14-17
db9b141df25d4e34813a2ccf3259f5ec,여자,48,40대,지방행정 사무원,경기-의왕시,False,
25a28cd034644752aba5360c53278c80,남자,46,40대,상담 전문가,경상남-창원시 마산합포구,True,17-21
3491d0e167a14da894789c140653d551,남자,83,60대+,무직,대전-유성구,False,
c6b7222382e74dc2b7278a8efc2b8fb6,여자,25,20대,무직,서울-은평구,True,14-17
8e52bcc32b9847fdaa04f98dddc82b18,여자,28,20대,"전직 일반영양사, 현재 구직중",경기-화성시,True,14-17
97ba977afcc44524b51f90d446490da3,여자,81,60대+,무직,전북-전주시 완산구,False,
8c02474cf5e6460fb5b0b3e853108143,남자,60,60대+,방수공,전북-무주군,False,
fc7a12b484084cda8d1e49155e54ccc8,여자,65,60대+,무직,대전-동구,False,
99e683a5cacf45ceba142fc626705e33,여자,60,60대+,무직,충청남-보령시,False,
63f3d6d26db44739a29548a1a97ebcc9,여자,53,50대,무직,경기-구리시,False,
adc01fafd6994d1e9354bf6029e68d8f,여자,55,50대,건물 청소원,울산-중구,False,
c17ead732aba4a689d720a500b90d37a,여자,49,40대,육군 장교,서울-강동구,False,
acbeeb4ee72041a4b2a20d39aa7c4b9e,여자,42,40대,그 외 일반 영업원,울산-울주군,False,
d2d6e10905bf49db9119ca3ec16c3030,남자,68,60대+,무직,경상남-하동군,False,
d9c59c304271445bab1d7761bc928bc3,남자,36,30대,총무 및 인사 관리자,경기-수원시 권선구,False,
b1e68b36e7354721969a5075a79290f7,여자,34,30대,무직,경기-성남시 분당구,True,14-17
ec551af5e771468da8f9e5256ddfb2fa,여자,83,60대+,무직,전북-전주시 덕진구,False,
5bbcc0855fb1412d878ad20335a25f44,여자,42,40대,시각장애인 특수교육 교사,경상남-함양군,False,
b2a86e0cc8ca40148776b41e956de376,남자,70,60대+,전화 상담원,경상남-김해시,False,
b91f391c0e034a99bebd99704220f0ea,남자,35,30대,무직,경기-파주시,False,
1d0ff2d2f8594bc689bb4abcb675d5b6,남자,52,50대,승용차 및 승합차 운전원,충청남-천안시 동남구,False,
3268c759879d44e98a1663d46db1ded0,남자,69,60대+,무직,경기-수원시 팔달구,False,
fbb75606e135407a816c7c2593e1b9ca,남자,21,20대,품질 관리 사무원,전라남-나주시,False,
e17cf7b717064e11b27db4c113d53c94,남자,89,60대+,무직,전라남-목포시,False,
ed8dd33319d3432780f2f71e44d21a4a,남자,21,20대,무직,충청남-당진시,False,
063c3f2e667648f0b8b1d26bb4b61206,남자,58,50대,디지털인쇄기 조작원,서울-성동구,True,17-21
2fc6f16ecabd4733a0a96057d7c1e4fa,여자,54,50대,출판 및 자료편집 사무원,부산-동래구,False,
eba8dd72f61e44a7a25c3049d7d8e60d,남자,23,20대,음식 서비스 종사원,충청남-당진시,False,
8099b72e57f14bc1955193ca1d761cde,여자,25,20대,경리 사무원,전라남-여수시,False,
1d5cc26a2e3e4732bddbf84f9087fcea,여자,37,30대,교육 및 훈련 사무원,대구-북구,False,
90546b48b3f94a32aa1321aa346ed399,여자,38,30대,건물 경비원,강원-철원군,False,
b88b4855a4714d5da2b97bb4f3da7e51,여자,20,20대,전기장비 조립원,강원-춘천시,False,
ccf018faba604b56abdd14cfdcd1f9ba,남자,66,60대+,무직,서울-동대문구,True,11-14
99547c956d124f9e8de8637ef90d0348,남자,52,50대,방송 및 시나리오 작가,경기-성남시 분당구,False,
c434fc0f8ec042d4ab3762444a021ce0,여자,61,60대+,"전직 건물 청소원, 현재 구직중",경기-고양시 덕양구,False,
1e837b7c4f3d4879a61c13bbd0083b64,남자,55,50대,생산관리 사무원,경기-남양주시,False,
d305dfa1649741bc8bd4b17f2a6fefc2,남자,34,30대,건물 경비원,대전-동구,False,
f2184abed0b9482ab161f24d86029b84,남자,67,60대+,전자제품 개발 기술자 및 연구원,경기-부천시 오정구,False,
8862a88799374ebba522712f7b13f9ae,여자,61,60대+,농업 단순 종사원,충청남-태안군,False,
701250f0eec34a12af29ccc8deda1ea7,남자,44,40대,그 외 전기·전자기기 설치 및 수리원,경기-평택시,False,
42d66237a2124b3f8870a942d2bb70ec,남자,60,60대+,무직,충청남-부여군,False,
7218bef80659404db6630283ef7c54e3,여자,67,60대+,건물 청소원,대구-북구,False,
f6dbb07bbb6d4b8ab925a65cf5b176cb,남자,28,20대,산업 안전원,세종-세종시,False,
e39879d1745949069fbef524f7c41106,여자,58,50대,유치원 교사,울산-북구,False,
45d76ddab0cc4bb5a71917b01e604a3e,여자,76,60대+,건물 청소원,대구-북구,False,
be3e402a5bc841669a65542adf4b9a6c,여자,60,60대+,무직,서울-강동구,False,
0c69bffa9ab64c07a17ba8cbe06a5739,남자,33,30대,섬유 공정 개발 기술자 및 연구원,서울-강남구,True,17-21
060ffeac91944b7ea2823f950c4ede8c,여자,85,60대+,무직,강원-홍천군,False,
af9cdb323c6144d3a18963a44df706c9,남자,21,20대,건물 내 전기 설치 및 정비원,서울-도봉구,True,17-21
ccf269874ecc4beaa78c76fe0db2c230,여자,21,20대,무직,서울-관악구,False,
f01889d0c07b48368c070cb2512cc739,남자,82,60대+,그 외 기능 관련 종사원,서울-서대문구,False,
00d297365bd34bc39526b20ee3af903d,여자,61,60대+,건물 청소원,경기-화성시,False,
57d1658ce567453b860af1b12252f17b,남자,67,60대+,무직,강원-춘천시,False,
3fa22bfc83a0428cbf59a6372a235b75,여자,70,60대+,건물 청소원,대구-북구,False,
906f136b2f16469a8fb2d1ec4497f36f,남자,60,60대+,그 외 물품 이동 장비 조작원,충청북-청주시 청원구,True,11-14
25ab4058624c48fd90a49995ab517715,남자,30,30대,품질 관리 사무원,서울-은평구,True,17-21
d971eccc16e244a78aa2a81a0494f9a7,여자,27,20대,무직,서울-강서구,False,
eabae0f87a5b4d119dcd04e43b528815,남자,65,60대+,무직,경기-수원시 장안구,False,
2737303f919b44f4b38f05a819a755e0,여자,62,60대+,무직,부산-수영구,False,
05d0880af9274994869d4b3ac84d6233,남자,28,20대,그 외 경영 지원 관리자,경기-용인시 처인구,False,
60836cdd6c04437994e0cef4b0cad325,남자,35,30대,119 구조대원,경상남-진주시,False,
b782dc8823384da8ac995541d8b6657a,여자,64,60대+,무직,경기-용인시 기흥구,False,
ae9df74eedb146718136533e9e177641,여자,62,60대+,무직,경상남-통영시,False,
e47d1efd663546878d9722c2d11456a4,여자,54,50대,무직,경기-평택시,False,
3f9821fd3fb04bf4ada10f266b933076,여자,60,60대+,무직,서울-은평구,False,
9e8592413f4e4a2f8d54e28186979630,남자,41,40대,무직,경기-용인시 처인구,False,
9d4e34429e2f49499b1c2a4f27e8c8be,남자,66,60대+,시설 경비원,경기-성남시 분당구,False,
a08b4faee5e34a38bb2b81b4d39af1db,남자,61,60대+,철도운송 관련 종사원,경상북-구미시,False,
d89c2299fe22423d956b62f0a40d9697,여자,62,60대+,용접기 조작원,경기-성남시 분당구,False,
f8edd873e1c34e7fa3cdedc5993e4abe,여자,36,30대,그 외 직물·신발 관련 기계 조작원 및 조립원,경상남-진주시,False,
056ff46bf94d4c5bb8c210c46df9e6d9,남자,64,60대+,주방 보조원,경상남-거제시,False,
8d90aee289ec40e7a7ac677da9ee97ac,남자,34,30대,경영 기획 사무원,경기-용인시 기흥구,False,
ae7bcad376ee4302a7b088846ee8f841,여자,24,20대,건물 청소원,경기-양주시,False,
081e329374344581a4fdc551a38268fd,남자,69,60대+,하역 및 적재 관련 단순 종사원,제주-제주시,False,
4664f07d5f354fae95d8aa11951deb8b,남자,50,50대,특허 사무원,서울-서대문구,True,11-14
c1292632cc674c38afa20f142cfa5b73,남자,35,30대,기계제품 생산 관리자,대구-수성구,False,
2bc52fb0e5f342f6a561eca247d715be,남자,56,50대,무직,인천-서구,False,
603d983fd3fa4260830fdc06b931b7b7,여자,62,60대+,무직,경기-파주시,False,
d0148b122e1f4a0f8d8696f4bf7799b3,남자,42,40대,무직,경기-부천시 원미구,False,
5b4d5cb1b9fd4a49a6036764399bd762,여자,32,30대,무직,서울-동작구,False,
89e61820da97462f8974f08d5a607748,남자,56,50대,경·소형 화물차 운전원,전라남-여수시,False,
94230c86a0fc4f438bdb369b4d5ee0dc,남자,58,50대,회계 사무원,서울-성동구,True,11-14
e66c175e83814fc9ad5ed0673214617e,여자,64,60대+,무직,경기-남양주시,False,
4823d82526874ea2b9eced6a1f01b645,남자,60,60대+,건물용 보일러 설치 및 정비원,충청북-청주시 청원구,False,
cf9efdc54f854ddeb13e57fe5a7fa5ab,여자,33,30대,회계 사무원,경상북-안동시,False,
ca61ad8072474066bc869ce061c79a10,여자,57,50대,제빵사 및 제과원,경기-시흥시,False,
f7f8448682c349468bc2ae052f10e9e3,여자,68,60대+,무직,서울-동대문구,True,14-17
94ca0e84df2e481ba14c781ac1762ce1,남자,60,60대+,무직,경기-평택시,False,
1f6641686bfb47df97721d4d43d5a2cc,남자,57,50대,총무 사무원,경기-군포시,False,
1a8cdf8c318f48cabe4181de831b8b07,여자,43,40대,여행 사무원,경기-성남시 중원구,True,17-21
22e55284900244c5bf5b6793fa117b39,여자,64,60대+,무직,부산-사하구,False,
25e7d558cb804bf0a66b3c14ed6fdcae,남자,64,60대+,화학제품 생산 관리자,경상남-양산시,False,
5bbd1ea7784045999d8f52ce974a98cc,남자,37,30대,거리 미화원,대구-달서구,False,
99b3793ff13f438794d7e9b8fcbcda5e,남자,32,30대,데이터 설계 및 프로그래머,경기-오산시,False,
c6758b5af2d846ba9029aa14f5949610,남자,19,10대,무직,경기-수원시 영통구,False,
c029f61346b3425785c4867ff4bb0886,남자,53,50대,플랜트공학 기술자 및 연구원,경기-화성시,True,11-14
0d78f056543241a29a22acc4ab97af97,남자,42,40대,정보 시스템 운영자,경기-용인시 처인구,False,
e8bc31523470462e990691075d41ec52,여자,52,50대,직업상담사,부산-사상구,False,
16e47ada0f134d719902e94a8c29467b,남자,40,40대,화장품 판매원,경상남-양산시,True,11-14
1ef3e35cb5e5444bbb0ba77e95f554ad,남자,69,60대+,무직,서울-동작구,False,
34929bfa948c4705be8a473035376ab0,여자,82,60대+,음식 서비스 종사원,대구-북구,False,
bacb1e2ec4694775878f805b3aa8f87d,남자,56,50대,식품 영업원,인천-연수구,True,11-14
8242fb2d426a4ee3917f1ad419383d76,여자,79,60대+,무직,서울-강동구,False,
f6c96702a5334760a57a66d958678ad7,남자,60,60대+,무직,광주-남구,False,
0ae251a478584a82ad9992fe97f65c4d,남자,27,20대,무직,울산-중구,True,14-17
db2412ad8e9d4d0a8899ac94da900c1b,남자,30,30대,그 외 산업 안전 및 위험 관리원,경기-의정부시,False,
43242a67b95746ccbcf13279e8b54775,여자,53,50대,시설 경비원,대전-서구,False,
e68f14e6d1344834af834ef17903f2ab,남자,28,20대,육군 병사,충청북-증평군,False,
bd93ff4b512d4b85af60a8418a60bc58,여자,71,60대+,무직,인천-강화군,False,
6d3e59d13826493f9c2575c83192556f,여자,64,60대+,건물 청소원,광주-광산구,False,
7852b9587bdd4203a9d0ee2e3a302bce,남자,20,20대,금속 열처리로 조작원,인천-미추홀구,False,
04ba7a1b291c454bbe1079ddce7ca120,남자,73,60대+,무직,부산-연제구,False,
d545acf391024b5088c5bd12d447652f,여자,60,60대+,무직,충청남-천안시 동남구,False,
e05c07e423d745068f285e4cb516b522,여자,58,50대,무직,경기-군포시,False,
560a7b21201b4483863d7cdc0526f3e9,여자,53,50대,상담 전문가,경기-화성시,False,
9ccdb623d2df4423bcf448817baad913,여자,68,60대+,무직,서울-성동구,False,
3535171f49bb4b77a18dd8bc69f42687,남자,25,20대,무직,서울-도봉구,False,
f99d9779063c4935a11f1db01156263e,여자,52,50대,무직,광주-북구,False,
262496874edd4ff086f0da3331541a5e,여자,29,20대,무직,대전-서구,False,
c23c6e4c1d4a4ffbb1424321cafed4e7,남자,53,50대,경리 사무원,대구-수성구,False,
c9b699f10d9b49179d028062c2dc2492,여자,58,50대,철도 기관사,제주-제주시,False,
6a63021a43f749959a939a8bc6f4342b,남자,66,60대+,철도운송 관련 종사원,경상북-상주시,False,
3b0c59a893d04297aacaa078411f7295,남자,61,60대+,하역 및 적재 관련 단순 종사원,부산-영도구,False,
d41fdc43031a401db13d10bcd824621d,남자,56,50대,보험 중개인,경기-오산시,False,
2e21859e055b407c8a7bde75c65fdcf7,남자,31,30대,음식 배달원,충청북-청주시 상당구,True,17-21
319ae5a98a854538b11b7bf18e7bb4f1,여자,26,20대,"전직 건축시공 기술자, 현재 구직중",부산-서구,False,
3850ff1854d0430dbe882df52339dc12,여자,72,60대+,무직,서울-노원구,False,
17f940cabe3f429797ffa9fda11e91d3,남자,35,30대,강구조물 건립원,인천-부평구,False,
e88c5f188a034c739d7a490c8217d4f1,여자,68,60대+,"전직 건물 청소원, 현재 구직중",서울-강서구,False,
a9259ac41deb4b1d8a6746c507d76531,여자,48,40대,사무 보조원,인천-부평구,False,
cb40e83e06514dd9b85d30b148da2f3b,남자,69,60대+,단말기 및 통신 서비스 판매원,서울-노원구,False,
08d986e9e3634a268f0e7b80699f9c25,여자,76,60대+,무직,전라남-신안군,False,
9965ff1eadc74dffbf444852a8a2ce82,남자,59,50대,무직,부산-사하구,False,
8820147402d34d7e9a16d9bb3fc14c4c,여자,39,30대,무직,경기-성남시 수정구,False,
8aaeb2d25b2e45d1800b770ab2ad7dd8,여자,53,50대,무직,경기-안산시 단원구,False,
6854fa7eb3a842949ae4daa53fc8eeb8,여자,64,60대+,무직,강원-인제군,False,
beab6c42e2a148e8b6a841921f34d481,여자,25,20대,무직,서울-서초구,True,14-17
217d840b786d43eca2d7519774cc83ac,여자,54,50대,그 외 법률 관련 사무원,대구-달서구,False,
a7b539f621184ffdbdc38779fae4c0ed,남자,37,30대,연삭기 및 연마기 조작원,인천-중구,False,
4c68957a4eee478aa1d696eea696265d,남자,23,20대,무직,경상남-창원시 의창구,False,
573998a0248c41c8b895187f3e8dcef5,여자,33,30대,요양 보호사,경기-평택시,False,
fc8bca8e14b74e8ea64d8a63bc90250d,남자,22,20대,무직,경기-양주시,False,
d46f4f6f1efe40c885365c5d8c693f6a,남자,77,60대+,무직,부산-해운대구,False,
73a94e0d6b934ab6bffdd0fe81b8d197,여자,59,50대,건물 청소원,광주-광산구,False,
f72b08906d444752ae838ca63a4eedfd,여자,49,40대,무직,경기-평택시,False,
c15a0607557a432cb1e9f51a45e2e830,남자,89,60대+,무직,제주-서귀포시,False,
cd9db2b61a1547b18d1d9ece08f35363,남자,60,60대+,건물 청소원,경상남-통영시,False,
6203e6ac7d934337a80713235b6046aa,남자,27,20대,무직,전북-임실군,False,
dd6f528bba904a9baae4da989d2cbf9a,남자,35,30대,회계 사무원,경기-수원시 영통구,False,
9e5da90535d146218572ea73417680ab,여자,21,20대,무직,부산-서구,True,17-21
852c5a28543d4a2f9f028749878ff290,여자,23,20대,보육교사,세종-세종시,False,
9c6494cdb85140e4b13c3868846fdc22,여자,46,40대,데이터 분석가,인천-부평구,False,
c7b2a14e63d642ffaa472ca2306c7694,여자,29,20대,"전직 위험 관리원, 현재 구직중",부산-기장군,True,17-21
b9481cc1259f4d9f8f19aaa6719e05af,여자,31,30대,요양 보호사,광주-서구,False,
7633a5a02431421580091a1415702f1f,남자,33,30대,고무·플라스틱 기술자 및 연구원,인천-부평구,False,
77dc4537a8cc493b9defc63c04559627,남자,62,60대+,무직,부산-서구,False,
ddba1df838de4c299f1f3e78ff315b8c,여자,46,40대,무직,경기-김포시,False,
f4bbe3b869e744078e5209f7cf5e8fc1,여자,68,60대+,무직,서울-관악구,False,
10570259825147b7bd542d3102e98635,여자,56,50대,배전반 조작원,경기-이천시,False,
dd80fa80faed4b9a9d6a3043d6dd1a71,남자,73,60대+,전화 상담원,서울-종로구,True,11-14
4316b83897d54103b7cab1423af5c440,남자,38,30대,자재 관리 사무원,경기-용인시 기흥구,False,
6537cd7d12e042758de892053e90f615,여자,81,60대+,무직,충청북-음성군,False,
4e7484a641eb4144b8e9acfac1a5fd43,여자,61,60대+,무직,서울-용산구,False,
e17ff1e4246140d9b8163d53c81efecb,남자,54,50대,양복 제조원,대구-서구,True,17-21
9b4a02f1ebd04a35a562650a653407e0,여자,48,40대,무직,경기-시흥시,False,
0b70855ea16f4c70a4b4e65ca3907034,남자,45,40대,회계 사무원,부산-사상구,False,
bc4a66e6915a4bad90397113d120ddb2,여자,69,60대+,한식 조리사,대구-북구,False,
611a9b57a28f45c497fdd22ec2610fa5,남자,38,30대,육군 장교,대구-동구,False,
8ba6bf01716849f59311690ebf080432,여자,51,50대,주방 보조원,서울-강남구,False,
2a12c892f8754f008ead4c582d9a1c5b,여자,52,50대,상담 전문가,강원-강릉시,False,
4e321dba50cf47c6a855e114e420caf9,여자,72,60대+,음식 서비스 종사원,경기-파주시,False,
8f60419f1d364635baceb5253d42d4f1,여자,67,60대+,무직,대구-동구,False,
cca190e9ac214a83a9ed49389af7fc32,남자,44,40대,무직,울산-울주군,False,
ebfc0aa2c5704e778c356675681347dc,남자,46,40대,그 외 일반 영업원,경기-화성시,False,
fefe7b869f9a41f9a049e1ca08258b25,여자,66,60대+,주방 보조원,전라남-함평군,False,
1bbdf1eedde04f118f6c601173ef6474,남자,40,40대,기업 대표이사,서울-강서구,True,14-17
62a1f8166bf545dda0ab2c307ff964b3,여자,56,50대,회계 사무원,경기-김포시,False,
f644ff11703c41a6afab79f9ee256a86,여자,54,50대,열차 객실 승무원,경기-김포시,True,14-17
3d2689d4299945969c3d960a9d55b190,남자,66,60대+,자동차 전기 및 전자 정비원,서울-동작구,False,
601197c76dc54c878e31a43d3b11224b,여자,32,30대,무직,서울-강남구,False,
d1d91b4fcd074de4a43aaae249b2b32a,여자,58,50대,무직,울산-울주군,False,
3179bc4edd164ef5a60bcdbe7054cbdf,남자,62,60대+,무직,경상북-포항시 남구,False,
93d391ea997a4990bedf5421d3f4ab4e,여자,58,50대,치과 일반 의사,경상북-경산시,False,
f5623bfef1174a4f8bc38843c1ed39e2,남자,69,60대+,무직,경기-군포시,False,
3f1a4d4e64fd41f9b6c715da90d767bb,여자,36,30대,건축 제도사,부산-동래구,False,
25f638c111584217a6b28415eea557ec,남자,67,60대+,무직,경기-하남시,False,
49bc1303d71845e1871220fcf4c833dd,여자,38,30대,전화 상담원,경기-광주시,False,
e4186174f94c448aa059a4c100b20e58,여자,76,60대+,무직,인천-미추홀구,False,
100efce78e2a4967912f6c2d16f6b1f0,여자,76,60대+,무직,서울-강남구,False,
a18beac2de134d22b84022c52335ba8d,여자,20,20대,경리 사무원,부산-부산진구,False,
5356695f0f014c7c909c9822b40955d9,남자,24,20대,통신장비 기사,경상북-구미시,False,
2c6a3089ca92470b8fe670e3e480f38a,남자,27,20대,"전직 전화 상담원, 현재 구직중",부산-사상구,False,
3b16f208577c441f86e0d3a729e2f3f3,남자,58,50대,상·하수 배관공,경상북-포항시 남구,False,
5a1116d00c43463cb9209f10d9c5800b,여자,53,50대,신차 영업원,경기-화성시,False,
ebf8e5abc6fb476b9c223cd43a71dba6,남자,49,40대,그 외 타이어 및 고무제품 생산기 조작원,경기-시흥시,False,
be2cdec0d66e4020bd9fce552832024b,남자,34,30대,마케팅 전문가,경기-평택시,True,17-21
62110995b81143fb9a22b711dec69e8c,여자,49,40대,그 외 버스 운전원,전라남-고흥군,False,
bf959a1db2334e21a19f4c7cd2e6293a,여자,31,30대,무직,부산-북구,False,
a7f110ad030845bfb73d3081f7f14c3f,여자,31,30대,광고 및 홍보 사무원,서울-서초구,True,17-21
81e1ed2f54f4434fa6204365a7ad3e0f,여자,24,20대,무직,강원-강릉시,False,
b4c68d0c2e064fac843ccd2ed91ce5bd,여자,35,30대,무직,부산-사상구,False,
41c1d0355e8d413fba0f5efc35696ca3,남자,29,20대,무직,경기-용인시 수지구,False,
8de33b1b4f544f29a28183b0dd20d102,여자,27,20대,초등학교 교사,전북-전주시 완산구,False,
dc40d89d119c4a56b4c31e6a62a5853b,여자,36,30대,유치원 교사,서울-중랑구,True,17-21
6ea1d773d3664b819ed410536f892cbc,여자,66,60대+,무직,경상북-포항시 남구,False,
75088a7df92e4ec086f5809e60e9705c,남자,21,20대,경영 기획 사무원,경기-고양시 일산서구,True,17-21
8ee25c693bb2468bafb9f2246867c5ad,남자,68,60대+,무직,경기-포천시,False,
c8ca258a1e244fa9b1ab7de9b68daf49,남자,31,30대,산업 안전원,대전-서구,False,
3257f44e456e4fd78e8092c4c32a31b7,여자,70,60대+,무직,서울-노원구,False,
b8049ed7e5f443ad9fab95f2cc6c231c,남자,64,60대+,무직,서울-은평구,False,
8d26094e5e2f4eceaaece0bd7126f48c,남자,64,60대+,무직,경기-성남시 수정구,False,
8068bbc31f9246f8804918fc69f5ce42,남자,61,60대+,무직,대전-서구,False,
30fc394d5a2a4118be1191b062b876a2,여자,67,60대+,무직,부산-사상구,False,
3509f47fc19b421683cc17674bf0d685,남자,31,30대,"전직 승용차 및 승합차 운전원, 현재 구직중",서울-중랑구,False,
00771955daa147569cff8ed6069a9207,남자,40,40대,시설 경비원,경상북-안동시,False,
dbc0026cbbd6489690c5e02916c5b5a8,여자,32,30대,보육교사,강원-영월군,False,
92850f8bd4284035adacd4d842b448b6,여자,61,60대+,무직,경기-수원시 영통구,False,
9d4470e9d6ff4d1b958950e4cf4c4130,여자,77,60대+,무직,전북-군산시,False,
18843621f2f94564902830f7e305d5f0,여자,60,60대+,무직,서울-노원구,False,
3fd6cadf13be4b6e8797661bb022d821,남자,59,50대,비계공,경상북-의성군,False,
1dd394a5bd89431b97e35040217f66c5,남자,78,60대+,"전직 그 외 서비스 관련 단순 종사원, 현재 구직중",전라남-목포시,False,
8a11ddd3a35f40a6ae8df7345c79a913,여자,74,60대+,무직,경기-시흥시,False,
60ae1077e4954feda682e0a5137302fb,여자,41,40대,영상 및 음향장비 조립원,인천-연수구,False,
d5afbbecf2e242abbbc49c28836e5212,남자,35,30대,교육 및 훈련 사무원,경상북-포항시 북구,False,
c9db7f8f18a246e4a32ed3deb2c2ff37,여자,43,40대,공공행정 사무원,경기-화성시,False,
c7d83ebde8274bdeab6bc0b485f9289b,남자,44,40대,경리 사무원,제주-서귀포시,False,
603d5e671f7d4345b433e3e5a0aeabf6,여자,74,60대+,무직,인천-계양구,False,
2474269ecd07457197aefa34699b484c,여자,79,60대+,무직,광주-북구,False,
7722397c7faf4829a785922f66b0d655,여자,68,60대+,"전직 그 외 음료 조리사, 현재 구직중",충청남-서천군,False,
216e436908b74b70995dca0840997f2f,여자,22,20대,일반 비서,서울-관악구,True,17-21
c27911d18df14e8d88906e240943e17d,여자,41,40대,전화 상담원,경기-광주시,False,
e51f2c8127b74be7a8d3063078cc18c5,여자,49,40대,자동 조립라인 조작원,전북-전주시 덕진구,False,
92744388cf5e4df8b1085430f84d5b49,여자,69,60대+,무직,경상남-창원시 마산합포구,False,
72b65cc738bf41b9a1230868f2d9c1a4,남자,36,30대,염색기 조작원,경상남-김해시,False,
5d72302a8733493dadf27a5aa332ef68,남자,30,30대,무직,대전-서구,False,
66328b2a6eb441848bf940b1dee3836e,여자,60,60대+,치과위생사,인천-남동구,False,
76f90a3ff33e4b53bc0028f4adf0b5c0,여자,52,50대,전문 간호사,경기-부천시 오정구,False,
5dbd6ddbdc2d4a03803d3e65b2392e8c,남자,26,20대,무직,대구-남구,False,
30029fc41e2f4b459347ba5ffe2c0e96,여자,63,60대+,무직,전북-군산시,False,
2011856d05cc4d3bb94cb97704d9ed39,여자,66,60대+,무직,경기-파주시,False,
33e1019cbc7144f38f20eeb316ca85d1,남자,48,40대,무직,경기-평택시,False,
a0cf9b885a8b4c2986896f826cb03aaa,여자,68,60대+,무직,광주-북구,False,
f208062d1b594f4eb017fc0dcc7243ea,남자,40,40대,출판 및 자료편집 사무원,경기-안양시 동안구,False,
26e14e34ea98448e9ca7945fe8f12e76,남자,54,50대,그 외 화학공학 기술자 및 연구원,충청북-청주시 흥덕구,False,
00fd536f59734f8fa0667045fa4c927a,남자,47,40대,정육가공원,전라남-완도군,False,
60da21f305d5499e9adfb872fef95189,남자,51,50대,경리 사무원,충청남-천안시 서북구,False,
13049caf66ca4e21a9a06ee50928880f,남자,63,60대+,무직,경상남-창원시 의창구,False,
60f3b02830c649cab75f8685fcf8dace,여자,33,30대,무직,경기-고양시 덕양구,False,
eba4488bb6c84c4ca817ac5997a6a862,남자,76,60대+,신용 추심원,대구-중구,False,
b64d1ca1f08345d2b7893a5bbd4c5e73,남자,22,20대,무직,서울-노원구,True,17-21
080c49e8d5554f77a84509bb659337bc,남자,84,60대+,무직,경기-수원시 팔달구,False,
e5449f4479ea440c8f6c335020c7a88a,남자,60,60대+,무직,인천-서구,False,
87cd0e667c98497597d77eb90e7a66e5,남자,27,20대,용융 도금기 조작원,경기-안성시,False,
6a0d206814b74554ae398ca290a5b759,남자,75,60대+,무직,대구-북구,False,
66427665501740d398d0445a1248f6c0,남자,40,40대,총무 및 인사 관리자,서울-종로구,True,11-14
e8bb852bc71b44559c413f6021887ff9,남자,29,20대,무직,서울-강서구,False,
5524fa0b99bc4788a355cfdbba2d05a5,남자,38,30대,특허 사무원,울산-울주군,False,
af7ecb0d3a31445199a73ae4774dd5a0,남자,63,60대+,판금원,광주-서구,False,
8b107b4ff8814a5d97167eb7ba16242a,남자,37,30대,보안 관제원,서울-서초구,False,
80058c8c298d44ecbd8b8934274a2f58,남자,83,60대+,무직,충청남-서천군,False,
e81146598ea343998b4275db3f6c47de,여자,32,30대,정보 보안 전문가,서울-중랑구,False,
6006d8d93c1b4f5697dbc6624fa9b279,남자,40,40대,경영 컨설턴트,서울-강남구,False,
b35be1f22fce4631a1b6ed931790c66b,여자,60,60대+,무직,충청북-보은군,False,
7fe203e09bdd4a519b229354acb0574c,남자,44,40대,경리 사무원,경상남-김해시,False,
28b21e4021304638b21210cf945ee39a,여자,59,50대,무직,경기-수원시 권선구,False,
a1d078cec5654ce79f9cd6fb3378beb4,여자,56,50대,무직,경기-안양시 만안구,False,
2ee36eb1488640f4bbe92eb31b245f47,남자,73,60대+,국수 및 면류 제품 기계 조작원,세종-세종시,False,
0d1334ef702349df96d0caacf122972b,여자,52,50대,무직,서울-강남구,False,
727b7f7cbaa94576b53ebf489e82e242,남자,45,40대,범용 소프트웨어 프로그래머,강원-속초시,False,
c09515f7dc44441092566e4225e586e5,남자,30,30대,인조석 설치원,강원-속초시,False,
5fadf17b880e46c3875df532b5b0a93a,여자,66,60대+,주류 서비스 종사원,부산-중구,False,
7cfd2788954e4c51900ae7ae2a71df2d,남자,32,30대,게임 그래픽 디자이너,인천-부평구,True,17-21
4b929ff78ef446359ef1295f3c7dd8e1,여자,58,50대,그 외 기계공학 기술자 및 연구원,서울-동작구,True,11-14
fc45e1cf2a7541d4826f5c1b0d11315b,여자,19,10대,무직,전라남-강진군,False,
7acf0e4000b543ca813107fa70c61dc0,여자,73,60대+,무직,울산-남구,False,
fe74fa12c9d34f2f91129799ee073d1d,여자,51,50대,무직,서울-송파구,True,14-17
b50a9d254a504a74b7ff363af68d57ae,여자,33,30대,무직,서울-중랑구,False,
57d949fa0eb44e76b849c779e79a6b1a,여자,50,50대,무직,전라남-나주시,False,
6d7d99de855640439ec1c51223be4c82,남자,52,50대,투자 권유 대행인,인천-연수구,False,
ae349cbe0fad498d97b0f1511010a664,남자,70,60대+,지게차 운전원,경기-부천시 오정구,False,
f9cce6565ac84e0887edaa16e63d901a,여자,42,40대,건물 청소원,인천-남동구,False,
8bf358e40ae34667b119865b41b34883,남자,51,50대,정보 통신 컨설턴트,서울-서초구,True,14-17
30871d4bd8604dfd8141e50581331e72,여자,54,50대,자동차 차체 부품 조립원,부산-북구,False,
a72a380f4f1b4c178efc53cd8a188770,여자,47,40대,전기제어장치 설치 및 정비원,경기-파주시,False,
83b504a0c4094c8a8b451009952bdaa6,여자,49,40대,골프장 캐디,전북-익산시,False,
30fb46d300854b70b73c7f6f405362dd,여자,33,30대,관리 비서,경상남-양산시,False,
8ea6a8a1f417405e974bd2d4618e8813,여자,41,40대,건축자재 영업원,대구-서구,True,17-21
05c04ddb5b9c40ad9a466d2323a5c4ec,여자,40,40대,통신 관리자,서울-강서구,True,17-21
661a7eaf92e4495aa54f1eca739768ca,남자,48,40대,해외 영업원,경기-수원시 권선구,False,
a671ff0517da4c8d855357f99aa4c77e,남자,64,60대+,무직,경기-화성시,False,
c7ff4e13a03e41dbbd24e8975af02266,여자,42,40대,산업 안전원,인천-동구,False,
101c51385dae4b0ba84c418f9ecc6807,여자,52,50대,산업 특화 소프트웨어 프로그래머,경기-성남시 분당구,True,11-14
ba3ca74328b3413fa74992b870465e80,여자,60,60대+,무직,부산-기장군,False,
55c0bcda21e945398f06947857bebd0e,남자,63,60대+,무직,경기-의정부시,False,
63577b5e09f44349a10ac35d12a9a0d6,여자,43,40대,보육 관련 시설 서비스 종사원,서울-마포구,False,
7df18951f49048ca81c0ff4f9544efb3,여자,44,40대,간호조무사,경기-고양시 덕양구,False,
1258360854974d9d8493b612cdeb0a68,남자,71,60대+,대형 화물차 운전원,경상남-창원시 마산합포구,True,00-06
4da9c69708344b7595db246eba264298,여자,38,30대,정보 시스템 운영자,경기-용인시 기흥구,False,
89ba0fef5a13432fbbfba38975c9c43a,남자,26,20대,하역 및 적재 관련 단순 종사원,충청북-청주시 서원구,True,21-24
1f12912e6faa4f849ca1a7045afbf90c,남자,76,60대+,무직,서울-성동구,False,
c723f5f4d5904a8f982090474a23a1b5,남자,61,60대+,무직,부산-북구,False,
3d5b6c95acc744c1ac511ac3a48c3017,남자,79,60대+,건물 경비원,경상남-통영시,False,
90081dbca4234297aefbeaae84f8d634,여자,67,60대+,경·소형 화물차 운전원,경기-남양주시,False,
4996e1167abd416db2b23681af90e0e3,여자,67,60대+,시설 경비원,전라남-순천시,False,
ca6892357c8b48e0a3a1837c1a4916e1,여자,64,60대+,그 외 돌봄 및 보건 서비스 종사원,경기-부천시 원미구,False,
8d9ff24045984d50a11b688f27d70d97,남자,54,50대,무직,광주-광산구,False,
aa7b816bfd3546bf94d6726f479db988,남자,24,20대,무직,서울-성동구,True,14-17
244a58b9aad845c2bfa73d5db0215d48,여자,50,50대,사무 보조원,경상남-진주시,False,
d8939dfc108c4e1b9dac9f0716758db3,여자,47,40대,무직,경기-파주시,False,
a61e608a01ee4f91af116fee2d619bbc,남자,23,20대,무직,대구-수성구,False,
5d52a1e4da7b4f18b554ac9e338654c9,여자,62,60대+,무직,서울-강남구,True,11-14
35c6f8e700774778a1df1cd4049ec3b6,여자,49,40대,부동산 감정 전문가,서울-광진구,True,17-21
cc3164382a7d4873b5a0e506ea6f68fb,남자,50,50대,금속공학 기술자 및 연구원,경기-안양시 동안구,False,
1045b36edcb14b71ad2cac93f20cc591,남자,84,60대+,그 외 하역 및 적재 단순 종사원,경기-부천시 원미구,False,
97339d4382324300b5ca16e376f1aeb7,남자,41,40대,환경 검사원,경상남-양산시,False,
cb9042970dbe47f98cf6c06253b17cef,여자,41,40대,사무용 전자기기 설치 및 수리원,경상남-하동군,False,
16fe22cf396a45f7a6ed60837830160f,남자,35,30대,가스 점검원,강원-춘천시,False,
a41a9abd1c9e458581306f98ea4eb76d,여자,28,20대,무직,서울-서초구,False,
8be30e7f0cbd40009230f735fe650f1e,여자,52,50대,산후조리 종사원,경기-남양주시,False,
277dfb675c684d1bbaeae0edd6911702,여자,77,60대+,가사 도우미,울산-중구,False,
b1875311cb2c4f0da63f8ae49388c521,남자,55,50대,자재 관리 사무원,부산-남구,False,
1b7bcee83bad4a4398785263235ba2ea,남자,75,60대+,무직,충청북-단양군,False,
e397caedab2143d18983827edbef3fb4,남자,58,50대,미디어 콘텐츠 창작자,경기-고양시 덕양구,True,11-14
74eced19932845a39f5dec1c9ccf9f07,여자,61,60대+,무직,경기-평택시,False,
b16c0c5c8e624994ba50aa03d7616f7d,여자,47,40대,무직,경기-남양주시,False,
e943029ee0bd49018d3fe3cc29dbbf85,여자,58,50대,건물 경비원,경기-안양시 만안구,False,
2f33ce14b4184ffb9d2ee71c7285b8da,여자,19,10대,무직,충청북-청주시 상당구,False,
8cb2250e7e684ae0b20213bd9c778e6d,남자,60,60대+,무직,경기-성남시 중원구,False,
87670452979748d4a4c587f18d52c7c2,여자,25,20대,무직,부산-해운대구,False,
17ecd7591c174318b0f0b7e185e9c99f,남자,62,60대+,"전직 유치원 교사, 현재 구직중",경기-수원시 권선구,False,
58f3b417f7b64971819915badaa7a469,여자,27,20대,"전직 회계 사무원, 현재 구직중",서울-은평구,True,11-14
755accdabd2d4f71aef3809e82dfa641,남자,37,30대,손해 사정사,서울-송파구,False,
2ef7707a8186483f9dfb3755dbe19257,여자,26,20대,컴퓨터 설치 및 수리원,경기-화성시,False,
2096d01306a141c7a6f5765e54180e03,남자,38,30대,농업용 기계장비 기술 영업원,전북-익산시,False,
d43f35b37e9b44da843dceb13e7df682,남자,80,60대+,무직,광주-북구,False,
16496aa03dce4e4ea0082e0185113389,남자,60,60대+,무직,대구-달성군,False,
790ac0ad78534f3c85a182ebd966dafe,남자,60,60대+,연예인 매니저,서울-금천구,False,
0a046062d3874436a3a20e8d64b58b57,여자,29,20대,경리 사무원,경기-용인시 기흥구,False,
68f686427c88409db00a49e222993dd0,남자,35,30대,산업 안전원,경기-고양시 덕양구,False,
0f0d57c58beb43c78dc07e9bb26185be,여자,55,50대,무직,경상남-진주시,False,
caa673bcadd149db81f662520c591a34,여자,30,30대,경리 사무원,부산-중구,True,17-21
5b20f49d03ad43458dc2efcf598478d0,남자,49,40대,사무 보조원,부산-부산진구,False,
39cc8c120e174af491ba19fe819bf063,남자,62,60대+,무직,대구-달서구,False,
0961202cbe894dd48c681c31d3b61b51,여자,68,60대+,농업 단순 종사원,충청남-홍성군,False,
0ca02aff564e4c439a391806b2261499,여자,71,60대+,그 외 기계 조작원,인천-미추홀구,False,
6fe0be7ba78647898bdea09cb5485149,여자,53,50대,무직,대전-서구,False,
ef00a5c63eef44a4b9e4bdd1ad4feee1,남자,54,50대,중형 화물차 운전원,경기-동두천시,False,
0bbb1799681d4c18a0fb5b6ca68c0d48,남자,55,50대,자재 관리 사무원,부산-부산진구,True,17-21
89681a8a268246ad9cfdbc4a5d847406,여자,43,40대,무직,경기-남양주시,False,
08da176b75054a14b653a203660e4405,여자,28,20대,무직,대전-유성구,True,14-17
c387eeb04d2d41e1a23952e94bc7a086,여자,57,50대,판금원,울산-북구,False,
068ac8df899c4773a4db1838f04c14d3,남자,42,40대,지게차 운전원,경기-화성시,False,
bc35e9cecc084c37bd188124ce76959b,남자,55,50대,무직,전라남-보성군,False,
a59c7d9788454df18f5cfcc9cbcc6ddc,남자,57,50대,소규모 상점 경영자,부산-동래구,True,14-17
cb9fb3763d2940b98fbd3d6c8572e60e,남자,50,50대,무직,서울-송파구,True,11-14
3a21502a6c88410f8ae0a3d8e40b6d77,남자,54,50대,하역 및 적재 관련 단순 종사원,경기-고양시 덕양구,False,
db39248cd4a8464596e6785c5eb0092b,여자,69,60대+,자동 재봉설비 조작원,경상북-포항시 남구,False,
90ab6361db1f4ab9b41d529b8d8110d5,여자,35,30대,판사,전북-남원시,False,
79f7bba8dc06481f91c3332c1b65eea9,남자,31,30대,무직,경상북-고령군,False,
ee7eb5de2c494302b2e3db63d3338100,남자,61,60대+,그 외 서비스 관련 단순 종사원,강원-속초시,False,
95b90fbf408a49189fa4eac1a10e16b6,남자,45,40대,철도운송 관련 종사원,부산-남구,False,
ec36b7d9a0c14640bb5657294b68b394,남자,42,40대,무직,경상남-진주시,False,
a12dcf6ee0a14565a808c8aacc2cd31e,여자,54,50대,건물 청소원,서울-구로구,True,11-14
27036b680772479b84ae58e92f016f00,여자,35,30대,경영 기획 사무원,경기-의정부시,False,
0122627a4fc143da82765b28c546f37f,여자,77,60대+,무직,서울-강남구,False,
e717ef59358d4799b1c5ab9d6760c95a,남자,24,20대,무직,서울-은평구,False,
fc1f3095945349daa7946183db02fc60,남자,46,40대,무직,경기-화성시,False,
949c8612c45e42a1a2dbcbcb58bfe490,여자,60,60대+,음식 서비스 종사원,서울-동대문구,True,21-24
09594b05d49c4a3f902a95f561181dde,남자,69,60대+,무직,충청남-홍성군,False,
69d440026a6347dea28fa6df11a3fbc2,여자,44,40대,무직,울산-북구,False,
732a4ee825a6433bb60923ad537c11ba,여자,26,20대,사회복지사,대구-달서구,False,
8bc8c9e95ea348a388d216f7e41a7855,남자,38,30대,건물 경비원,경상북-의성군,False,
7a706910e25646f08a56ba169c0064f9,남자,21,20대,바텐더,충청북-청주시 상당구,True,21-24
3d07726f9dcb4b9ca56a7d03b1aa6f39,남자,32,30대,번역가,경기-의왕시,False,
0255ce252bcd47a5ac737f00ca4aa5c6,남자,43,40대,회원 단체 관련 관리자,대전-유성구,True,11-14
48d6acfc5b624f478d7dee28959bc20e,남자,64,60대+,경영 컨설턴트,경기-고양시 덕양구,False,
0c841b2c65f84801b798f5bbbca5168d,남자,78,60대+,전기 용접원,전북-전주시 덕진구,False,
9e40aa678d464baba42d2a859b4ba694,남자,71,60대+,그 외 하역 및 적재 단순 종사원,전라남-영광군,False,
4c994876b11c41e695ea5f1a3c353f78,남자,63,60대+,그 외 택배원,강원-원주시,False,
62afd701a0eb420aa0d7aa44e9ab18df,남자,58,50대,전기 관련 관리자,충청북-청주시 청원구,False,
4715cd753f324d26bff7bcfa5015c0b8,여자,44,40대,무직,충청북-청주시 서원구,False,
7cab392a192943ac90d19bdd00e275b4,남자,56,50대,화학물 가열 처리 장치 조작원,충청남-예산군,False,
5d0de4bbacac44f28ecc0bceba3d03eb,여자,25,20대,무직,인천-중구,True,11-14
270f2af3fb374763b5fca032e456fb43,남자,74,60대+,무직,서울-용산구,False,
10d2171d547a4458bab2457a655a5fd5,여자,41,40대,간호조무사,경상북-경산시,False,
a1180a1ed7d24f028aaf311e01758ca6,여자,82,60대+,무직,대구-수성구,False,
e8dcc59b7d9040bda6b851e7f2c1b6d2,여자,84,60대+,그 외 서비스 관련 단순 종사원,서울-은평구,False,
c4438ba9ae17482b8ffbb62438373f1d,남자,52,50대,소규모 상점 경영자,강원-속초시,False,
40be115439f14f9fbc917cb12c80dca3,여자,68,60대+,지방행정 사무원,전라남-영암군,False,
2a1c3c1aa6724f11a1ed5efbf10d9c16,남자,22,20대,일반 비서,경기-포천시,False,
d7ffcd73388f4fa0990dcfe663da184f,여자,57,50대,무직,경상북-경산시,False,
5bd4604bde8d4d039436542c511b66e2,남자,49,40대,가스 점검원,인천-연수구,False,
b91878bcdb9547e6a1c3c16b184134ad,여자,76,60대+,무직,대구-동구,False,
8908ce08a27c4147a02c5e3f265a2c9e,여자,85,60대+,무직,부산-중구,False,
ef0f1efd0f6e4dc386a1cda972aac03b,여자,45,40대,가스 및 에너지 시험원,충청북-진천군,False,
f50b25fb1c86484391874eb0e8d99376,여자,49,40대,밑반찬 제조 종사원,서울-송파구,False,
985c2608ed224962a68368445c2a6983,남자,19,10대,무직,경기-이천시,False,
624135d77a91435da2d9dbb2cf01339c,여자,30,30대,치과위생사,충청남-천안시 서북구,False,
d926000a89dd4de6b8805aed4aa10b2e,남자,24,20대,"전직 건축감리 기술자, 현재 구직중",서울-강동구,True,14-17
c2c8d1b268d44a27b8a55cd35f7f7db4,여자,51,50대,방문 고객 상담원,대구-북구,False,
7f5b7d2693214bdb912b119f2839930f,여자,68,60대+,무직,충청북-음성군,False,
9e6dffd00fc24c59bd908e267aa753f7,여자,41,40대,무직,인천-부평구,False,
bd852d08d8674daaae2bf62048734b6d,여자,69,60대+,무직,경기-화성시,False,
887465106e6d4fbca46af7f4332171b2,남자,42,40대,품질 관리 사무원,경기-용인시 기흥구,False,
4bdf61a9dc5645db9e7eca430574646d,여자,54,50대,그 외 기계 조작원,대구-달성군,False,
f984e1f78bd24bf19a784baeb223d9b0,남자,31,30대,전기 용접원,전라남-여수시,False,
dc65dfa9c7ed4221ad57266de107a4ff,여자,58,50대,음식 배달원,대전-동구,False,
b819646c60ee48119c3bc0efa1b54557,여자,64,60대+,무직,경기-화성시,False,
79cf69e8510348a7b0efb39972d41c63,여자,74,60대+,무직,전북-정읍시,False,
7e60c3af0dd54dceb56581e00bd549ee,남자,53,50대,중식 조리사,전북-전주시 완산구,True,11-14
e851b593e88644599ac98e192ed8a621,여자,31,30대,온라인 쇼핑 판매원,경상북-김천시,True,14-17
46f80acf876f45a0bda26e725f9b4992,여자,59,50대,그 외 돌봄 및 보건 서비스 종사원,대구-동구,False,
560e70c517d6410fa859eaf36eaf944f,남자,72,60대+,무직,서울-송파구,False,
ea82e1145ef943878c97d6ba6f9cce54,남자,75,60대+,가스 배관공,경상남-김해시,False,
57cc344357d54b338ba1e7e9f3fd9049,여자,51,50대,무직,인천-중구,False,
79e742ec6a824a52b4362420aa0f52c7,여자,60,60대+,무직,대전-중구,False,
214af53a47164b26828278435f6ff065,남자,64,60대+,크레인 운전원,경기-성남시 중원구,False,
4b72ad0870014e27a10a385e463b757c,남자,32,30대,식품 영업원,경기-성남시 중원구,True,11-14
f80a2a6841664f969901f9d4fa81c9e3,여자,55,50대,건물 청소원,경기-의정부시,False,
a2454db592394ccb87ef827f5f6e3a02,남자,39,30대,컴퓨터 시스템 설계 및 분석가,서울-강서구,False,
feb64b60469b47d3bc22d81726e2e70b,여자,43,40대,광고 전문가,대구-북구,False,
46e25d041f784c368195a610bfa9994b,여자,47,40대,무직,인천-서구,False,
8cc7e928c6e94f31b9bc5492cacf091c,여자,49,40대,웨딩플래너,대전-대덕구,False,
a7cd2d7380ed4d36a218e14fba793a89,여자,47,40대,양식 조리사,전라남-목포시,False,
7bca4b5f28274831ad02aa7b3c90d1e5,남자,32,30대,유치원 교사,대전-유성구,False,
cfa11bb1dff2477a8dfba48f6dc87211,남자,72,60대+,무직,부산-기장군,False,
d00159b055314464b19d8b9ec5ea9b54,여자,66,60대+,소규모 상점 일선 관리 종사원,서울-성북구,True,11-14
99173b656f034d949a4572063903a07d,남자,72,60대+,무직,경상남-김해시,False,
ad9cdb7fd27e43df9b0be9ca3f3cc707,여자,63,60대+,무직,서울-서대문구,False,
6e46bfe464194e56b4a00c9136219272,여자,48,40대,지게차 운전원,경상북-칠곡군,False,
4406e178c9d140ce9f23d57a5ffa5332,남자,68,60대+,무직,경상북-영주시,False,
1ce43035755b46028c37f1209893773e,남자,58,50대,화장품·비누제품 기술자 및 연구원,전라남-여수시,False,
a149e2c1446e41c984c67a341e0dfc63,여자,52,50대,출판 및 자료편집 사무원,인천-서구,False,
97fa9060b7f64545962340f321573de5,남자,33,30대,정보 시스템 운영자,서울-도봉구,False,
1f01a99487684cec9060542a03156408,여자,43,40대,그 외 음식 서비스 종사원,대구-서구,False,
cc74f9aa42094d63b3de19b124d1cd5a,여자,85,60대+,무직,경기-부천시 소사구,False,
158ce09ff3ba426dab15bb07218cc406,남자,64,60대+,콘크리트 타설원,울산-동구,False,
d8249b27f3a44e4789683fe37494db9e,여자,43,40대,무직,경기-성남시 수정구,False,
3d849f6cfff84585a9ff1f9ee21541f3,남자,35,30대,전화 상담원,서울-광진구,False,
0acc9e0e7af341f5afe5ea896909e759,여자,44,40대,방송장비 설치 및 수리원,전북-익산시,False,
f6529ad878c54944b54f9042afe91f73,여자,53,50대,시설 경비원,경기-여주시,False,
d9d0eb6e8a3644a1b6172f7aa3971b21,여자,89,60대+,무직,충청북-충주시,False,
f19b796156d747a2822d37f7e0cad5d2,남자,52,50대,행사 및 홍보 도우미,제주-서귀포시,False,
6be8b548996c4d1b8d4556ddd92c5869,남자,61,60대+,건설 단순 종사원,경기-안양시 동안구,False,
da3b2689a65645b1a2311bc3c071c930,여자,47,40대,일반 비서,부산-기장군,False,
8f00e798ceee4f32ba33005bd49a0f8a,여자,66,60대+,무직,대전-유성구,False,
44a7afc8d4c247bd8ca1e4fafc5e7045,여자,33,30대,판매 사무원,경기-고양시 일산서구,False,
1cdaeb159ba54bfe902f595ed84a9c55,남자,57,50대,식품 영업원,서울-강남구,True,11-14
60eabdf98714480fbe8332725931a408,여자,79,60대+,건물 청소원,충청남-보령시,False,
66fe634059ff4fb995ebe6701397318a,여자,28,20대,일반 비서,서울-성북구,True,17-21
ce41aadfc6b146b3bcbdb776a1578b12,남자,28,20대,무직,서울-영등포구,True,14-17
859e9b17058d4cffac75997043b0addc,남자,59,50대,굴삭기 및 불도저 운전원,부산-부산진구,False,
4e7d3a3f56734825a85259c4fc4dbe23,남자,20,20대,학습지 방문강사,서울-동대문구,True,00-06
62120e0eb3044de9bc1af5dfe8b2ad1f,여자,80,60대+,그 외 서비스 관련 단순 종사원,서울-강북구,False,
d3e4db475d604361a9ff38cb897f4d6a,여자,71,60대+,무직,경기-성남시 분당구,False,
dac3975a6d8142e795ce0e86c24895e6,남자,34,30대,그 외 경호 및 보안 관련 종사원,인천-미추홀구,False,
7cbe7911697d4320809fbc8317425a63,남자,58,50대,인조석 설치원,전라남-고흥군,False,
97289aceb887497db7cb093d98da1649,여자,56,50대,그 외 조리사,인천-연수구,True,11-14
1c91c0528c384ac197b7077aabf4a1e9,여자,75,60대+,무직,대구-수성구,False,
a072f7216c5e46c3b72f1a263a55fc0f,남자,40,40대,품질 관리 사무원,경기-화성시,False,
f51dd86fa8b44462bc198c6670d7d40a,남자,61,60대+,판금원,경기-이천시,False,
623ea93addbf46cbb09c8d1bf53b4452,남자,36,30대,경영 기획 사무원,서울-서대문구,False,
d650f9391ac74e5894f15749663b9bcb,남자,54,50대,"전직 대출 모집인, 현재 구직중",서울-영등포구,True,11-14
e9e08102dd6b4fa4a9b9e487418622d6,여자,74,60대+,무직,전북-전주시 덕진구,False,
9d7f53022f884da1926f6d2f36d7a00b,여자,77,60대+,무직,경기-의정부시,False,
aa46d2c660a1478cb8b46e9c726726a5,남자,47,40대,무직,경기-남양주시,False,
8199e46141374297b1416fad6816fa9a,남자,76,60대+,그 외 제조 관련 단순 종사원,충청북-음성군,False,
23f20fd013e4467590ec05e08420b70d,여자,69,60대+,무직,충청북-청주시 상당구,False,
557c12e69b664fdda3decde02fe9cdb0,여자,80,60대+,건물 청소원,대구-수성구,False,
77ff02c15dac4ea48555238df48563cb,남자,32,30대,국가행정 사무원,충청북-청주시 흥덕구,False,
30a9a79b49324cb7ab6817329cd8c573,여자,57,50대,전기장비 조립원,경기-시흥시,False,
ae41d409262b4ba780ebe9b216544f5a,여자,57,50대,무직,부산-해운대구,False,
b601d5df49554fd1b964d339b6d21e79,남자,27,20대,기계 제도사,광주-북구,False,
fd3779eef470437d8c6ae335ed9dad73,여자,80,60대+,무직,충청북-진천군,False,
c58c08460836469cb8ef189c72c455b3,남자,73,60대+,무직,서울-관악구,False,
e5877511a4e543bea0dd507e572bffb3,남자,53,50대,이삿짐 운반원,전라남-광양시,False,
918d52e9da074209b30d46139ef4f471,남자,58,50대,전기 감리 기술자 및 연구원,부산-해운대구,False,
f8fcab5c339043c7a6161a100b306983,남자,46,40대,무직,경상북-경주시,False,
cdc7c98cb5754b2b96972232f8fbdaa7,여자,48,40대,무직,경기-남양주시,False,
122a36700bfb420589c405948e760bbc,남자,60,60대+,"전직 상·하수 배관공, 현재 구직중",경기-성남시 중원구,False,
339c27e32fc542b38f80cadd50ab8df0,여자,62,60대+,시설 경비원,부산-영도구,False,
68c0c8adff264d2784ac524af5c5bed6,여자,22,20대,무직,충청남-천안시 서북구,False,
473f6789b41e408996e6c183883e143e,여자,78,60대+,무직,경상북-포항시 북구,False,
2c529e3f38ac479599eccf4c7851ff4f,남자,28,20대,무직,대구-달서구,False,
90d97d9f90554c58b089c99d3ab924aa,남자,61,60대+,일식 조리사,경기-남양주시,False,
359f8cc059ed4d5da40cdd3dda64bda8,남자,41,40대,그 외 전기·전자기기 설치 및 수리원,경기-여주시,False,
04797f0ec5c4468aa2db611033a5a6bc,남자,39,30대,자동차공학 기술자 및 연구원,경기-고양시 일산동구,False,
214889ef01ad40c0afb20417a347ca5b,남자,39,30대,육군 장교,경상남-창원시 마산회원구,False,
cfecc4e5d6364480a4888af3b96f4492,남자,28,20대,무직,경기-수원시 팔달구,False,
6e9d40d752a440bb942b48b5fe41469c,여자,71,60대+,무직,충청남-아산시,False,
baafa9a6158e43288f1d3838999af92c,여자,26,20대,전기 용접원,서울-서대문구,False,
be0b73f4c4a741da8c625c2d6794105c,남자,55,50대,그 외 일반 영업원,충청남-천안시 서북구,False,
f184da529cfc45958110fe11fe7da4ea,여자,74,60대+,무직,부산-해운대구,False,
c98ff4978d274d459e7200fb221646e1,남자,69,60대+,그 외 상점 판매원,부산-해운대구,False,
d3165b3f9a8b4f6fbbdda80dd48ccb18,남자,28,20대,무직,강원-철원군,False,
83fb4bd4c7014256836c8005cb98d1b4,남자,70,60대+,수동 포장원,대구-북구,False,
fed186f6df064000848d593141a98f2a,남자,62,60대+,무직,서울-도봉구,False,
90293bf5b7084bafb76e669f78581eb0,남자,33,30대,용접기 조작원,경기-고양시 덕양구,False,
46843b1f9f464463a08713c1f136d090,남자,27,20대,총무 사무원,경상남-창원시 진해구,True,17-21
ea621186608145d7b918de2286a486cf,여자,88,60대+,무직,전라남-신안군,False,
578186d28de848a697524e4a4808a208,남자,54,50대,그 외 기획 및 마케팅 사무원,광주-동구,True,17-21
58a51f466bdb4da08d8f408f4ba7ec5b,여자,50,50대,일반 비서,광주-서구,True,17-21
d5d81d2ae18f4e70a5ea41aeeb7bbb11,남자,29,20대,프레스기 및 절단기 조작원,경기-고양시 덕양구,False,
79ab45eba6b64919ac4a0857fcca9729,여자,26,20대,정보 시스템 운영자,경기-수원시 영통구,True,17-21
0463aae5a50a48e683f147209cf67c6d,여자,40,40대,사무 보조원,서울-서초구,True,17-21
cad14cd94e0f4a589362ecc97f2c2948,여자,33,30대,무직,경기-수원시 팔달구,False,
a66040b7946a402dbc55e814005172f8,남자,69,60대+,건설 단순 종사원,경기-수원시 장안구,False,
6faed7a5c86b493bb8a96a3abaaf4e6f,여자,76,60대+,무직,경상남-하동군,False,
38cc92f8020a49eeb68115624dc6ee58,여자,69,60대+,건물 청소원,강원-동해시,False,
4d2482c56f7e408da1e34d53bdeb8d4b,남자,52,50대,교육 및 훈련 사무원,전라남-광양시,True,17-21
3267758d055b41ff978ffa114f13be7e,남자,70,60대+,무직,서울-강남구,False,
b93bd0946da6410ba83138be8ef04154,여자,64,60대+,그 외 음식 서비스 종사원,경상남-김해시,False,
46a0eac66da24f23ab17af964fdefe54,남자,51,50대,경리 사무원,경기-오산시,False,
fbe64cdcd9d942dcb590a9cfb5e3e3e5,여자,84,60대+,요양 보호사,인천-부평구,False,
467f71cebcda4cbea23b1b5190dbb963,남자,34,30대,품질 관리 사무원,인천-서구,False,
1a897c0344254b0795d13020b8add4e6,남자,57,50대,상·하수 배관공,경기-의정부시,False,
e0e9e3c241d64fc593855c8a33556218,남자,59,50대,그 외 서비스 관련 단순 종사원,대구-달서구,False,
4b96dde7888444dd9a643d7b4a234a04,여자,46,40대,머시닝센터 조작원,인천-연수구,False,
e893c24e8ba746bc8d41cceba9b1aff2,남자,37,30대,해외 영업원,서울-영등포구,True,17-21
9edd9262947b46ce98e822011d64b163,여자,24,20대,시설 경비원,경기-시흥시,False,
1884f336b52d45649ae3740b680db890,남자,73,60대+,무직,서울-도봉구,False,
bf2e05a9d2b64ed482cd8e7fdc8c596d,여자,48,40대,무직,경기-오산시,False,
4a6c778db76540798259c80ac213b631,여자,44,40대,교육 및 훈련 사무원,경기-용인시 기흥구,True,17-21
051e98516caa4743b49b8d68e29a474b,여자,87,60대+,무직,경기-용인시 수지구,False,
1545c20f330d47ebb64f1ef9288bad3c,남자,54,50대,무직,서울-용산구,False,
767026e181e7436188088ab1165bb72a,여자,27,20대,소규모 상점 경영자,경기-평택시,True,11-14
fedd2e2216e84775923446a5a36da5e2,남자,82,60대+,무직,전라남-해남군,False,
450c7ec1d6fa48bb8d22cca81acab918,남자,78,60대+,노점 및 이동 판매원,경기-군포시,True,00-06
b2ecb6af63e543f2a26a531da5a59aea,남자,45,40대,하역 및 적재 관련 단순 종사원,경기-고양시 덕양구,False,
c3bbc598c3f14028929ba769cfc89b7a,여자,65,60대+,"전직 사무 보조원, 현재 구직중",경기-부천시 원미구,False,
6a69c5f2c5c243298279867e2953197d,여자,55,50대,예약 및 접수 사무원,충청남-서산시,False,
e7685db281b74109b07e47b192e774e4,남자,40,40대,전자제품 개발 기술자 및 연구원,광주-남구,False,
464c2ad4fd5644a3b7d89c4ea640027c,여자,73,60대+,무직,서울-노원구,False,
96cd5fe3379f4373a231027b7cde3cfb,여자,30,30대,건물 청소원,대구-달성군,False,
84847d158c8b449bb8e76adac27ccb0d,남자,31,30대,국가행정 사무원,부산-남구,False,
3379ed8f8dbd435d92c54204d0403c70,여자,48,40대,무직,서울-중랑구,False,
3502764f556444498ebbbf461f825576,남자,87,60대+,무직,강원-평창군,False,
23aa057d4b5c4c568774de84172cc004,여자,66,60대+,하역 및 적재 관련 단순 종사원,부산-남구,True,00-06
64f0da5535cd494bbe13c5824b50952b,남자,27,20대,그 외 금융 사무원,서울-송파구,True,17-21
c9fa91a6d6c7496a8d95c218edfe194b,남자,33,30대,품질 관리 사무원,서울-양천구,False,
4e775d3338414da68af16acccc8858fe,여자,28,20대,무직,서울-마포구,True,14-17
b0ffff3c72d14106b3f911ef7de484df,여자,50,50대,요양 보호사,경기-남양주시,False,
db6fb9da61b74f8a94b5dda04dc34f63,남자,60,60대+,변리사,경기-김포시,False,
6bed2700216448ac832b1e1a00b35c28,남자,72,60대+,하역 및 적재 관련 단순 종사원,경기-남양주시,True,00-06
edf791ee85b846cf896937b01ce6b60f,여자,45,40대,경리 사무원,세종-세종시,False,
b36c24332a3b4da89e8537af95f1181c,여자,50,50대,산업 안전원,충청남-부여군,False,
540c46561d184998a9cef5e2729ba461,남자,35,30대,그 외 철도 및 전동차 기관사,대전-중구,False,
1e5a330b2e4446efa573df508dcd1356,여자,64,60대+,무직,인천-미추홀구,False,
6ce45a5c56df4ba59a267e98809596fe,남자,40,40대,범용 소프트웨어 프로그래머,경상남-사천시,False,
c3d04ac19aff44d597fea2955c8ede01,여자,67,60대+,농학 연구원,경상북-구미시,False,
201319b309834375807d8b94f335cef7,남자,43,40대,컴퓨터 설치 및 수리원,경기-화성시,False,
fa02390e91d4432d845b3d92cd198192,여자,84,60대+,무직,제주-제주시,False,
6158af8e327946e284bc39ca80553888,여자,43,40대,전화 상담원,경기-파주시,False,
43eb7aea1aac48909ae73e10a96d2518,남자,49,40대,그 외 법률 관련 사무원,대구-북구,False,
dc7c23687fb545699514cab95d488889,여자,42,40대,공공행정 사무원,경기-의정부시,False,
6147783a62b442e4a0c331eb130f3c07,남자,31,30대,건물 경비원,인천-서구,False,
2692f20d84cc46328e8394daff3ed954,남자,32,30대,무직,인천-남동구,False,
c7e2797542ab45df85e8108c51bde030,여자,56,50대,데스크 안내원,충청북-청주시 흥덕구,False,
5ba2d9476667476ba0a6649289378871,남자,27,20대,무직,경기-용인시 수지구,False,
b9f2637fe4264e83867f606156b146dc,남자,53,50대,모바일 애플리케이션 프로그래머,대구-동구,False,
cd169992cd98472790a2db086795ecd2,여자,44,40대,초등학교 교사,서울-서초구,False,
27fdce345add4951a86b2f6611e461cb,여자,31,30대,치과 전문 의사,경상북-포항시 북구,False,
74ecaa76d0c3489288fe693584049b3e,여자,72,60대+,무직,경기-이천시,False,
83e97277c3de4688bb2a4de16f0655c2,남자,53,50대,회계사,대전-유성구,False,
4e0e9788973b43bcb53e402ea1710882,여자,86,60대+,무직,부산-동구,False,
12ace3c9c15b4a6bafd07afff7bb0b6a,여자,47,40대,건물 청소원,경기-부천시 소사구,False,
0dd7ff0dc9f94154acc6c24213f7cd59,여자,59,50대,무직,서울-노원구,False,
7512441b6c4b4181bfca055c89bf823d,여자,46,40대,해양 경찰관 및 수사관,충청남-공주시,False,
b6ed99fd5cc143ecaa515d09862e34c4,여자,71,60대+,무직,경상북-포항시 북구,False,
9aee67def833480190cd5172aea72dd6,여자,76,60대+,무직,서울-양천구,False,
847bad3d73b74a2aa31f4edf90e8a944,여자,34,30대,국가행정 사무원,대구-서구,False,
3cf1cd3008f54d17aeb869cdbc503e26,남자,33,30대,산업 안전원,서울-송파구,True,17-21
96327db9d8a34ca0a7fc1eb0178ad004,여자,20,20대,무직,경기-성남시 분당구,False,
08f1fe0fb31e4ed0ab8e925096c1243a,남자,41,40대,무직,서울-도봉구,False,
94e09dbf8fc145709d02f375eeb0b720,여자,49,40대,데이터 분석가,경기-용인시 수지구,False,
3cd0971e2a464ca58e97bef58d1c3087,여자,29,20대,무직,전북-전주시 덕진구,False,
4f37315ab5fc455c9b30dc56dfec2288,여자,53,50대,그 외 전기·전자기기 설치 및 수리원,인천-남동구,False,
3db84d72532b4ec78e9b6b91149248fe,남자,53,50대,영업 관리 사무원,경상북-구미시,False,
765c7a8d3ec24e7e8bdec49f17e79f09,남자,61,60대+,무직,경기-광명시,False,
dbe243416d704c8d9340294c1adf48a6,여자,76,60대+,무직,경상남-진주시,False,
25e9976290b7447faaf8bb03628e51d7,남자,47,40대,회계 사무원,경기-동두천시,False,
e69d280d9e024a3382afdf68f340c20a,여자,71,60대+,무직,서울-송파구,False,
5306c354d393401daf4b03d2e9b2d318,여자,31,30대,무직,경기-안양시 만안구,False,
bd321806edaa451ba9914c89c58a16e4,여자,51,50대,무직,경기-남양주시,False,
18a8533c227f4401be367368cbdf13b6,여자,58,50대,무직,울산-중구,False,
2f6bc9325cd848cb9255592534a3d6cc,남자,37,30대,무직,부산-수영구,False,
08c45fe03da446bda52544563a63cfa8,여자,42,40대,사회복지사,경기-하남시,False,
b80e5d9d71f84308a232d5a9d2539280,여자,63,60대+,자동차 경정비원,강원-강릉시,False,
c17220d845924515984de8d02bb18ef2,남자,65,60대+,건물 경비원,대전-서구,False,
300709aba96447ebb947927ba67c33b7,여자,49,40대,합판생산기 조작원,경기-평택시,False,
e1000549877845239858940b0815f7f0,여자,62,60대+,무직,부산-강서구,False,
7be498e271a244c0b507e84a12e2f17e,남자,53,50대,국가행정 사무원,경상남-창원시 진해구,False,
bd58c32252d44429913fea0d33032bf1,여자,53,50대,그 외 배달원,경기-안성시,False,
01d65855b8624e4f90f97094b6a4ed1f,여자,68,60대+,무직,인천-남동구,False,
2e52eb57ea454b9da5e016ec10a6a92a,여자,35,30대,무직,부산-금정구,False,
bef231f5bb8f4d6fbaa6e5589e9a7d87,남자,57,50대,머시닝센터 조작원,울산-남구,False,
539cb59a7e994c3d8efabca7e99ca985,여자,46,40대,사진가,서울-광진구,True,14-17
bfc9f96a5c1e451d8f5bbf9db32c4be6,여자,74,60대+,무직,충청남-서산시,False,
c3d2e96d76434ad998ae48e60a69785f,남자,19,10대,무직,경기-의정부시,False,
e177256435a24b33805079b5d64b9091,여자,41,40대,그 외 상점 판매원,경상남-창원시 성산구,True,17-21
ca5326b2cad449c1bce603535cd6bd2e,여자,38,30대,무직,인천-남동구,False,
2fc6b52eb7da47deb54bfc4c43959f07,여자,23,20대,무직,서울-종로구,True,11-14
40721013a08b473c83b51d358732a924,남자,58,50대,그 외 일반 영업원,서울-송파구,True,11-14
8656cd9d8e584ca6a2a610d0270f9b55,여자,41,40대,법무 사무원,서울-노원구,False,
52e08989df864d8da68f599c57a155b2,여자,33,30대,무직,경기-성남시 분당구,False,
2a2fab3622264913b8655629aafb4f67,남자,63,60대+,무직,부산-사하구,False,
7d41bb9b21ee4d4cb734fe5cf974262e,남자,58,50대,철도운송 관련 종사원,울산-동구,False,
36cc7fe54d0f4dcbae81e259d7e79c74,여자,28,20대,특허 사무원,광주-남구,False,
9119534362f049af9ecdffea47de3fcf,남자,54,50대,용접기 조작원,경상북-구미시,False,
8f891ee09f3e4a95a59c7f90e3db9f62,여자,50,50대,식품 영업원,서울-동작구,True,17-21
1f54e5216f5b4b0a89fa41c8bf5d272f,여자,57,50대,일식 조리사,경기-파주시,False,
c8e0d48188b048fb99a31216b9e24e78,남자,60,60대+,전기 용접원,경상남-산청군,False,
5b2ff41ab0724057bd986861a14d2466,여자,26,20대,총무 및 인사 관리자,부산-수영구,True,17-21
0d6696feab39419e95ee2ab53a58bbbf,남자,39,30대,지게차 운전원,경기-안산시 상록구,False,
2c9d647b3a414ceba7f516463808c650,여자,45,40대,의류 판매원,제주-서귀포시,True,11-14
682e203b1b5c47078638a127011a1f05,남자,36,30대,사무 보조원,부산-북구,False,
ef125cb1146c430e944a90b26961bd04,여자,21,20대,무직,인천-서구,False,
04a96380140d471789f97166d2859539,남자,67,60대+,무직,전라남-강진군,False,
3b9032aacb2f46c6af27383cb9e0aa05,여자,64,60대+,마케팅 전문가,대전-동구,False,
06c3516724d84ba6a4b369a12c2de5db,남자,41,40대,수학 교사,경기-오산시,False,
19adb8c1fb2042c285cc70d987203fce,남자,40,40대,무직,서울-노원구,False,
526bcaf497824870aca017bce989916f,여자,40,40대,무직,경기-여주시,False,
fd38750d44d64a10b27b5f3dfb5583f9,여자,47,40대,무직,서울-동작구,False,
149f6da543d849b7a1552fbdd99441fd,남자,60,60대+,무직,경기-평택시,False,
d1dbe40ef4894aa88e1c4fa0452225f0,여자,20,20대,건물 청소원,경기-김포시,False,
66a1e0f09fe84677a4f8d76998d7023e,남자,55,50대,특허 사무원,전북-익산시,False,
c1d9428b15804036b009712c10fb053b,남자,45,40대,육군 부사관,경기-의정부시,False,
a766e7fa77ae4a8799c377df2deca65f,여자,82,60대+,무직,충청북-음성군,False,
6184233c68854e5a826271d44e9e3c68,남자,33,30대,양식 조리사,부산-중구,True,11-14
cc713efb21394f72bf69b320d8f5e782,여자,19,10대,무직,경기-용인시 기흥구,False,
aa5daaa4597c414b83c63f261364c83e,남자,63,60대+,무직,경상남-창원시 마산회원구,False,
c10b9418e7c1486ab1ad1021c763ecfa,남자,19,10대,무직,서울-강남구,False,
8a1ec30304e3446981b4f517d20844b2,남자,64,60대+,사무 보조원,경기-양주시,False,
d4f7a10e07804e60ad64668f3f75c498,남자,87,60대+,무직,인천-미추홀구,False,
aee6d9fb9a2a4ca8abc50e48aa88563f,남자,65,60대+,무직,서울-강동구,False,
2dae1536aa7a40e89856c27868709885,남자,80,60대+,무직,경기-부천시 소사구,False,
71edc019b62f4a32858880be91f23b50,남자,42,40대,무직,충청남-서산시,False,
82cc7d3032ef4c0b83eee8b68b614b7c,남자,48,40대,화학물 가열 처리 장치 조작원,전라남-광양시,False,
dca662d9a17048a8927027f333b63a00,여자,25,20대,무직,충청남-금산군,False,
7df7380f6c59428c8aa12a2b6e5a4711,남자,25,20대,총무 사무원,서울-강동구,False,
2c2adb0ab9d14655bc09b884b19d9ba4,남자,71,60대+,무직,경기-용인시 처인구,False,
3e2698f9d3054e1db48a92ea08539b62,여자,50,50대,무직,인천-중구,False,
6556abf1ca664964ae79a9d8fe0fde13,여자,40,40대,회계 사무원,경기-용인시 수지구,False,
71b3cfe489414575b5ec6c4f6447d922,남자,65,60대+,화학물 여과기 및 분리기 조작원,부산-연제구,False,
84d9dc2ac6d240adaef15919df36e31a,남자,78,60대+,운송장비 청소원,대구-달서구,False,
52c5d22a924a4f0a8bef4c670650504d,남자,31,30대,화학 시험원,경기-수원시 권선구,False,
be277e98e0f545659494512f3dd7aed4,여자,54,50대,무직,서울-서초구,True,14-17
bb91f6580e7c4a90a6d79462801816c9,남자,20,20대,엘리베이터 설치 및 정비원,서울-강동구,True,17-21
a6b6474baafc4285adbe43acc49b71d8,여자,55,50대,무직,광주-남구,False,
a059b7c93aa048e8bf3f490cd89b0922,여자,65,60대+,무직,전라남-나주시,False,
0a423909322844f48a73ce20c27b1232,여자,40,40대,축산 및 수의학 연구원,경상북-영주시,False,
baced72901384c5f94434f51ca9b2b44,여자,34,30대,약제품 생산기 조작원,충청남-아산시,True,17-21
9f817eb4a3c143c8b89089eb4599c9c7,여자,51,50대,온라인 쇼핑 판매원,대구-수성구,True,17-21
6bea315f0459448981127598f7b1e658,남자,63,60대+,건물 내 전기 설치 및 정비원,서울-강북구,True,17-21
3dae81ef43554144ac4b9f049a834ecb,여자,62,60대+,무직,서울-강동구,True,14-17
509eaa193e9148608b65b483c42bb7f5,여자,69,60대+,무직,경기-성남시 수정구,False,
0ffcbe9315ca4314940b3e6c1bc6b068,여자,34,30대,조사 전문가,충청남-아산시,True,17-21
868058eaef2048769bb32227f2d9a4c8,남자,64,60대+,무직,경상북-경주시,False,
f3cd08956add48138c16c02f4cbe5d9a,남자,71,60대+,무직,서울-송파구,True,14-17
06c0dbdc67b446bbb4f9dc2592bf2fe3,남자,66,60대+,방수공,강원-원주시,False,
232b823114684fa3860bfb334ed5d2eb,여자,39,30대,건물 청소원,경기-시흥시,False,
74859d83298b42afb7eec4ceda4dfb9d,남자,52,50대,총무 사무원,부산-남구,False,
5a907f48f2f34e73a1b17ed6b72a2210,남자,72,60대+,무직,경상남-함안군,False,
2e73a773c19b41c3954a4396cdd77e0c,여자,51,50대,수동 포장원,강원-영월군,False,
d736a88a0a434c5897707b35450722e2,남자,38,30대,염색 개발 공학 기술자 및 연구원,서울-서초구,False,
a3ceadbfd7f14d868c49bdc2bf801310,여자,55,50대,약학 연구원,세종-세종시,False,
13cc54e732ad488e966f0ab6583559e0,여자,70,60대+,그 외 직조기 및 편직기 조작원,서울-양천구,False,
8aa763301dbc4b88809685ac1c1c6c97,여자,24,20대,치과위생사,경기-의정부시,False,
da1fb05bedb945a5af4db760378fdc9e,남자,58,50대,수도 관련 관리자,경기-남양주시,False,
bd17db16cdd94dbca37cb5c0649c4c7d,여자,71,60대+,주차 관리원,경기-수원시 권선구,False,
668b6d05bca94780b26d73f322877c08,여자,67,60대+,무직,경기-수원시 권선구,False,
95c9dd7ca66b46fc89ea9e384f448cd8,남자,40,40대,그 외 일반 영업원,서울-강서구,False,
a05347aa98bd45c79f34fe09daa12770,남자,52,50대,법무 사무원,경상북-포항시 북구,False,
d7d5ea380b01461c88400006752c4736,남자,21,20대,미디어 콘텐츠 창작자,서울-동대문구,True,17-21
21fcd60791fb4275968709dea8e8118c,여자,42,40대,약사,서울-중랑구,False,
ade6dd090db448fd863f88bbc55bd983,여자,20,20대,일반 비서,서울-동대문구,True,17-21
b2f4af0c5d834492bfc58e9cce086068,여자,46,40대,중형 화물차 운전원,충청북-청주시 서원구,False,
8d9e1c6855ed49a290f97fdc19656c28,남자,32,30대,산업 안전원,서울-강서구,False,
a6570bf9862447d88d47c13c67465713,남자,25,20대,덤프트럭 운전원,부산-북구,False,
1a822779cba34377a474f0e18bebad58,여자,64,60대+,경리 사무원,경기-안양시 동안구,False,
3a9486dfd96c45fbac8289c456ed60dc,남자,26,20대,자동 재단기 조작원,서울-은평구,False,
c74bb820e4d94b549025d7f7000228b4,여자,39,30대,무직,서울-강서구,False,
2c92e38e66e24cfaaf7e08f3b26ae40c,여자,57,50대,그 외 법률 관련 사무원,경기-수원시 장안구,False,
5fe35e2cb529457c93c876bc72c03e88,남자,35,30대,국가행정 사무원,경기-안산시 단원구,False,
b008ea7ffd96460aacaed5b386d8f80f,남자,73,60대+,무직,충청북-보은군,False,
afb89c20c77d49f4867a1772163ff23d,남자,59,50대,그 외 제조 관련 단순 종사원,충청남-태안군,False,
6cdf7f7dc9c74b77bb72e8988ef9d857,여자,29,20대,일반 간호사,대구-달서구,False,
efb2784ad47c4c419e54675d4823cb98,남자,30,30대,무직,경상북-포항시 북구,False,
d6677beaadf24321acc389f7a45d2f7d,남자,81,60대+,무직,경기-남양주시,False,
40a36276792246b79d1168532699866a,남자,69,60대+,시설 경비원,경기-군포시,False,
9d827366b2ce4157839d8a142fd74305,여자,26,20대,무직,경기-수원시 팔달구,True,14-17
580899487a5245668cb19ca1ec1789e9,여자,70,60대+,사무 보조원,경기-부천시 원미구,False,
a270719e5679450eb2f59c8598875c8f,여자,33,30대,그 외 제조 관련 단순 종사원,전라남-곡성군,False,
556ec11b527f45e49cd49d57d0ae617e,여자,80,60대+,무직,충청북-충주시,False,
861c646a09b849219680deaaf8596820,남자,39,30대,비파괴 검사원,경상남-거제시,False,
8eb88ac742b44d6ea99e2986f3d7d083,남자,26,20대,건물 내 전기 설치 및 정비원,대구-남구,True,17-21
bf5357263b5c44278c52f11d550a9c48,남자,53,50대,그 외 바닥재 시공원,부산-동래구,False,
d7901835699f45b8a70a183798e87344,여자,61,60대+,무직,전라남-광양시,False,
688cde1fae3541d882bd8afa1022f145,남자,63,60대+,자재 및 구매 관리자,전라남-고흥군,False,
97955824f42d49fca8dcf966ad4a27c4,남자,20,20대,사무 보조원,대전-서구,True,14-17
f685b6288eb344eb815da3587f16bd1b,여자,57,50대,무직,전북-익산시,False,
be61bf3a0d6c412e8ef097465074bd2a,남자,60,60대+,금속코팅·광택 및 래미네이팅기 조작원,경기-시흥시,False,
e2ec094615c64dc49cdcabe378cdcbf4,남자,57,50대,교육 및 훈련 사무원,부산-기장군,True,17-21
489fb9affe36435a8693c3281eaf5e42,남자,61,60대+,시설 경비원,경상남-통영시,False,
a3d8e71bc16643829f3bb8fa4b85cde7,남자,49,40대,시설 경비원,대전-유성구,False,
d3862b19d5f6413c9234524891c890d1,남자,56,50대,제관원,경기-안산시 단원구,False,
9f60ecebfbb649aa9c70406e798de561,남자,30,30대,철도 기관사,경기-오산시,False,
87e7d8746b6548b185f290ea46fca36f,남자,24,20대,그 외 조리사,강원-춘천시,True,11-14
29d670cce4644e988b8b58d6b9cee80d,여자,27,20대,무직,서울-양천구,True,14-17
0b2999fb432d43608533616c068c1624,남자,55,50대,컴퓨터 설치 및 수리원,경기-안양시 동안구,False,
82c8d2579a4c4d6fa65da469b76d019c,남자,62,60대+,무직,충청남-공주시,False,
7875229022bf4811829ebd52d49e4576,남자,25,20대,무직,울산-북구,False,
10f8726d9caf45aaa820478fda5fa661,남자,28,20대,전기 용접원,대구-동구,True,17-21
a2bae7bdc32f4cd6b0e4d695f08df39b,남자,70,60대+,무직,충청남-공주시,False,
e0aca76902dc43d2a6a9b0d76bc939d1,남자,71,60대+,생산관리 사무원,경기-시흥시,False,
5491e0cb36b242fe8a7b08083e246c37,남자,41,40대,하역 및 적재 관련 단순 종사원,강원-삼척시,False,
7370cc358a604c7fa6bdbb337a439f4f,여자,50,50대,수동 포장원,경기-안양시 만안구,False,
9bcbd03732874cfeb66b0b409e0ae302,여자,83,60대+,그 외 서비스 관련 단순 종사원,인천-서구,False,
844d6bd6f4224684b95ebea327288f6e,남자,64,60대+,전화 상담원,서울-강서구,False,
e3e935640e3e4d5783cae4413053f051,여자,20,20대,무직,서울-강서구,True,14-17
373c2a66357943d29e314fa50e224582,여자,80,60대+,주방 보조원,대구-남구,False,
36012cfa620b4c2e971bbee4827fdd93,여자,35,30대,무직,부산-남구,True,17-21
6491bd1d81d84b83a391d66304512ab7,남자,33,30대,토목시공 기술자,경기-고양시 덕양구,True,17-21
2240479e7dc349c58973104b279522e4,여자,82,60대+,무직,부산-사하구,False,
4e886c9c6abf46ca8a42209fdca6012d,여자,67,60대+,건물 청소원,대구-달서구,False,
79c9226b8b044fc0b004f886009e640b,여자,55,50대,노인 및 장애인 돌봄 서비스 종사원,경상남-창원시 마산합포구,True,11-14
39d080d4e68e45cf85c5f1425b5e8f2e,여자,72,60대+,무직,부산-사하구,False,
2732ca671f3244c291ae55e54a5a209f,여자,58,50대,그 외 법률 관련 사무원,경기-수원시 권선구,True,14-17
b879bc38ad534ca586cebf482471dcf2,여자,45,40대,대출 모집인,광주-북구,True,17-21
cc5780f19e0c4475b39226401e73b484,남자,79,60대+,전화 상담원,울산-북구,False,
5cbc0c3e41e74bc6893749dbdf836286,남자,28,20대,커피 조리사,부산-영도구,True,21-24
0d948bfca1e74a76bc2dfcfaefea0119,남자,58,50대,회계 사무원,서울-용산구,True,11-14
7b4f6b4a80b84967ad651330432cbece,여자,58,50대,검표원,충청남-아산시,True,11-14
6f7e1121cd114f29af0eec9297da8be0,여자,56,50대,수동 포장원,경기-수원시 장안구,True,14-17
44978f0cc42449608fec6320bd848a52,여자,43,40대,무직,경기-김포시,False,
3cbc752b485b49ae82224c52b1e9fcaf,여자,63,60대+,그 외 서비스 관련 단순 종사원,강원-강릉시,False,
6f45213a52a7407ab0e5d0a9d3fc6118,남자,86,60대+,무직,전라남-함평군,False,
0ea1dfaa381943f8ba984a7335e662dc,여자,67,60대+,무직,경기-남양주시,False,
97a6dcdec712411fb5df84a7cb37f1bd,남자,69,60대+,무직,경상남-사천시,False,
5d3aeaeac8504a8193f7ae86d2e1c901,남자,74,60대+,교육 및 훈련 사무원,경상남-함안군,False,
5b7dd36492bc44b29a12657a5588edb2,남자,27,20대,일반 비서,광주-서구,True,17-21
9e2fb3a4fb4e409a8271d9062c1e9432,여자,41,40대,경영 컨설턴트,서울-영등포구,True,17-21
793649df19cf4da8ae278d56883a6199,여자,60,60대+,병무행정 사무원,인천-중구,True,11-14
df0a562a3d5246c3b9aebfed9b1fe103,여자,46,40대,경리 사무원,경기-평택시,True,14-17
3394f2e89f254c1b980594e0e6031c98,남자,40,40대,법무사,전북-전주시 완산구,False,
3669d6c34a464b71a7950b57e6e6f37b,남자,34,30대,중식 조리사,서울-송파구,True,17-21
2d34f5e672c847a99db47654d93530f3,여자,26,20대,무직,서울-성동구,True,14-17
db4ff595682a43628d87f8a659fcce0d,여자,90,60대+,무직,경기-수원시 권선구,False,
d849d727dc7f4b07a0856470f545119d,여자,27,20대,무직,경상북-영천시,False,
35bc6e6c665543cb8cf6e483a9435e33,여자,60,60대+,지게차 운전원,경상북-경주시,False,
e72d00704281450789aeaaab1f30c390,남자,64,60대+,하역 및 적재 관련 단순 종사원,서울-양천구,True,21-24
69ed038d7a994d97b0ff32351dc28260,여자,50,50대,경리 사무원,경기-군포시,False,
10f5b2a47bf542eeb106fbeba04ca2c0,남자,58,50대,"전직 특허 사무원, 현재 구직중",광주-북구,False,
1716037d395b4cc7b32497d4994ecfbb,남자,67,60대+,무직,경상남-창원시 성산구,False,
2b93abc9eacf4d0ab567c295ceeb2c0d,남자,29,20대,경리 사무원,제주-제주시,False,
443e3ffe392941c6b2213cbb2ca97fd3,남자,29,20대,무직,세종-세종시,False,
1ca6907eeaf741eaad45ff0705c2c30f,남자,32,30대,도로운송 사무원,충청북-제천시,False,
5806b2d4dee7481aac956037ef022140,남자,66,60대+,구두 수선원,대전-동구,True,11-14
c1d7d2716ab040888375eda13e921088,남자,30,30대,그 외 일반 영업원,인천-서구,True,17-21
d3384a7942ae4c3eb9d2edfd8a66d357,남자,63,60대+,무직,경기-수원시 영통구,False,
8cc764b1a06445b89398f95c7c89e9e8,남자,30,30대,해외 영업원,경기-안양시 동안구,True,17-21
c301e4f455384d7b87aef6e6cd74c574,남자,67,60대+,무직,충청남-홍성군,False,
3d872671b0e34205bb2d876561f60340,여자,85,60대+,무직,부산-금정구,False,
e320a36a42ed4ec2ab6c68a67b4095a8,여자,75,60대+,그 외 경호 및 보안 관련 종사원,서울-동대문구,True,00-06
67b16eea35274c09af3b5145a1e67c8a,남자,35,30대,데이터 설계 및 프로그래머,서울-관악구,False,
503abbee9b054927916ce015801afe71,여자,58,50대,전기제어장치 설치 및 정비원,경기-안양시 만안구,False,
69501e15e7e949bba7b021f0d3d1c62a,여자,78,60대+,무직,경상북-경주시,False,
990c768889874d0c9c45e172ac07ee82,남자,55,50대,생산관리 사무원,전북-순창군,False,
d55c2533b44b499ebc6cadba9a301e87,남자,61,60대+,머시닝센터 조작원,경상북-경산시,False,
580f28bf3eaa428ab98f49c857526309,남자,62,60대+,무직,경기-부천시 원미구,False,
b96f0b8bc27c43d2af2b6503f145d7de,여자,33,30대,투자 권유 대행인,서울-노원구,False,
39e88a9ecbcf44d3858fff7e29a00f7e,남자,48,40대,무직,광주-광산구,False,
82259680766b41c79ed7a723d73a6664,여자,57,50대,영업 관련 관리자,대구-동구,False,
86a5f690ea83477da37d252ed349b297,남자,43,40대,경영 기획 사무원,제주-제주시,False,
1ed17107bd834ba4a73a2fb667c38335,여자,20,20대,무직,인천-남동구,True,14-17
8e29b58247d9428b93965045ac9d0a4d,여자,41,40대,위성방송 안테나 설치 및 수리원,경상남-창원시 의창구,False,
f7197a0c155541c09aa261868ce79d3f,여자,82,60대+,무직,경상북-포항시 북구,False,
e3e8fb5a06c04bd79fcc9e7634aacdf9,여자,46,40대,전자 부품 제조 기계 조작원,경기-남양주시,False,
464ec1857644456ea5d0017ef2d43ba8,남자,32,30대,청소년 지도사,광주-광산구,False,
c49b6fa62ae34e3386e3ae2f950074b6,남자,33,30대,산업용로봇 조작원,경기-평택시,False,
1b0e61fea9294f29a683a161b7a14552,여자,27,20대,전문 간호사,서울-동대문구,True,17-21
2fa9e73524174fd686094c3ddc3c6134,여자,33,30대,무직,부산-동구,True,14-17
2cfeb0d6bb034b8aad1bed7328de9d0a,남자,53,50대,금속용해로 및 금속가열로 조작원,충청남-당진시,False,
6052ca0adf764142808d1f52c0ff7073,여자,65,60대+,무직,강원-원주시,False,
138f01c6c02743cab922015a5754a510,여자,69,60대+,무직,전북-전주시 완산구,False,
a65fa281dd814bd19bed1f1d78ef63f8,남자,63,60대+,토목 관련 관리자,광주-서구,False,
c64aae2f07134abdb22041075bdeb478,남자,80,60대+,무직,서울-강서구,False,
db9f08da8be845f19fdab5f3dcb06ad9,남자,26,20대,무직,대구-수성구,False,
6336166f457f4f5f9377785fedcd74ab,여자,94,60대+,무직,부산-해운대구,False,
7c4244f69fdf44ccac631b60c6a71bc1,여자,56,50대,한식 조리사,경기-하남시,False,
39c9524ae34b4081a5ce773552f24b1a,여자,56,50대,전화 상담원,강원-원주시,False,
2842f359b0f643ff836c4b4a054938dc,남자,42,40대,기업 고위 임원,경기-화성시,False,
e5c45aad244c4a8cb4e7c70a149e7807,여자,55,50대,무직,인천-서구,False,
2430e8d562d4434eab6f8e6fee13d2b4,여자,44,40대,경리 사무원,울산-동구,False,
ba2047d0deab406b886785ac1d84e49b,여자,21,20대,무직,전라남-화순군,False,
447dcb9030b44104ad7e96b3049bff32,남자,69,60대+,무직,경기-의정부시,False,
3ca1e25a3a3b4f689e9281417d4b5618,여자,56,50대,통계 사무원,경상북-구미시,False,
03bcf05227c94f958577c1c13a39d809,여자,40,40대,공공행정 사무원,경상남-김해시,False,
6fca498ec8d54b968b0f31db9fc4078d,남자,65,60대+,전기 용접원,경상북-의성군,False,
75e17f2bc1ab403bbccebd709bf37834,여자,51,50대,무직,서울-영등포구,True,14-17
b4172d4357684a4fa2027c3f3c2a83c1,남자,32,30대,그 외 기계공학 기술자 및 연구원,경상남-김해시,False,
9f249d52a27e4346964eb5c9dc51569b,여자,42,40대,"전직 과실 및 채소 가공 관련 기계 조작원, 현재 구직중",경기-오산시,False,
2b16d2e1415b4d93b7ac5fefcc2a893c,여자,59,50대,무직,서울-강서구,True,14-17
a9a15a0e3b6c4207bf5c175546d037d5,여자,25,20대,무직,서울-송파구,True,17-21
f0aa1095920a4b3ca7daad1d3c3e5887,남자,54,50대,119 구조대원,전북-정읍시,False,
ebd6f37e5df64483b84930229d9be435,남자,48,40대,시설 경비원,경기-의정부시,False,
1290d5593b27480595a03a326a9f3c17,남자,42,40대,용접기 조작원,전라남-영암군,False,
2307bea6317e4bf6ae850ef26c96abef,남자,77,60대+,무직,경기-안성시,False,
c4d416125edd4e8bb3c72ddcd3879434,남자,66,60대+,무직,광주-남구,False,
ac164ba9af1e46acb52e943ffd96ae4f,남자,61,60대+,건물 경비원,울산-남구,False,
ae80134681b14bde91134620ebc308bd,남자,73,60대+,무직,대구-중구,False,
3cb531ea91c84d36af26639e3309654a,남자,33,30대,범용 소프트웨어 프로그래머,부산-부산진구,False,
57e7f800371446938174f2bfbf98169a,여자,42,40대,무직,충청남-아산시,False,
016d186b3f5a4816ab099196b6ea5341,남자,23,20대,총무 사무원,광주-서구,False,
c1a00c23ed77430c8244b9ba44cafbe3,남자,82,60대+,무직,충청북-옥천군,False,
7050d1b25f9f46a791717b4409200d99,남자,65,60대+,건축시공 기술자,충청북-제천시,False,
3947d1f1a73e4e888a5d92c2316b1c35,남자,58,50대,그 외 물품 이동 장비 조작원,부산-서구,False,
a8dfb3f265704117b05d4994a6bdeda4,여자,21,20대,전화 상담원,충청북-청주시 상당구,False,
2bb7112344db498b920c627fdcd8f4e9,여자,70,60대+,무직,경기-안양시 동안구,False,
ea939ad978354f899482eada6e5c6df0,여자,59,50대,상품 기획자,경기-수원시 권선구,True,11-14
410b3cd17707497a8f4f6e391f746089,남자,54,50대,그 외 상품 중개인 및 경매사,대구-중구,True,11-14
81cca0a2ef7d44d48830721b45a4eae0,남자,54,50대,지게차 운전원,대구-서구,False,
09a77ac9f23f483089722420ee07f1c6,여자,84,60대+,무직,경기-의정부시,False,
da79f5ef13c14629820400cbde85661b,남자,64,60대+,무직,경기-의정부시,False,
0f1789bee0574bd989b01cec13d88588,여자,28,20대,무직,부산-영도구,True,17-21
28892bc24a294966a744a31e2dad2ff9,남자,24,20대,육군 병사,경상남-창원시 진해구,False,
cbb0e5778b55491ab20b370cf485554d,남자,54,50대,일식 조리사,부산-금정구,True,17-21
c22641b4b8454301ad3600bee39debb8,남자,37,30대,산업 안전원,인천-서구,False,
68f8515726554518a8bea38211cef204,여자,24,20대,무직,경상북-포항시 남구,False,
2b175d9304e04523af814e012d4713cb,여자,63,60대+,무직,경상남-거창군,False,
69641c7f2ab6487e9be2b29cdff8ce63,여자,36,30대,무직,경기-파주시,False,
a05a07dec2a748a3a3ca66e340595440,여자,35,30대,경리 사무원,울산-중구,False,
6e64135ef50340e89adf2b82228bc6a2,남자,28,20대,반도체공학 기술자 및 연구원,충청북-청주시 서원구,False,
9b09766534604c22930a6e56c45c4d4d,남자,45,40대,전기 용접원,경상북-포항시 북구,False,
fc3b5980e1674602a9d973bfcaf416a3,남자,68,60대+,무직,충청남-당진시,False,
21d0fe2e20d94b8c92f33ed17823839d,남자,56,50대,무직,서울-관악구,True,11-14
b75384d5bcad40c0a984acc33fbeab28,남자,56,50대,무직,울산-북구,False,
2f120ddc115d4691b0b4ea042be1fd63,남자,33,30대,생산관리 사무원,경기-화성시,False,
5d5286e6d9354c80a5e5c2734b4cc026,여자,25,20대,무직,서울-강남구,True,14-17
f061b4b78ed04642a3f831351a4e287b,남자,64,60대+,금속제품 도장기 조작원,울산-동구,False,
4fc28f9a0f154e538b8175f6058f277c,여자,25,20대,무직,충청남-아산시,True,14-17
b2fd64366a254cee891a81ae822b9117,남자,63,60대+,건설기계 조립원,경상남-김해시,False,
edd1750a73f34b4295862dac5a111a12,여자,64,60대+,무직,전북-전주시 완산구,False,
9dcaa5c1eb214bb6a2c5dbfba36d5625,남자,60,60대+,무직,강원-고성군,False,
72178f09a4fa439d8c72cbf080e591be,여자,39,30대,무직,서울-강동구,True,17-21
e73272401c8c4870aeb04a06f0673059,여자,21,20대,일반 간호사,경상북-경산시,False,
e3ba26a0641d45af81af17716f41edce,여자,53,50대,그 외 물품 이동 장비 조작원,경기-안성시,False,
dba9fcab3213452a851a47e1a5334980,여자,26,20대,무직,전라남-나주시,False,
cf1fb0b0b674410fbcdb79385a853e16,남자,43,40대,전기 용접원,충청남-서산시,False,
45f837acfbd5411dba2b3a91484ad3e6,남자,76,60대+,그 외 서비스 관련 단순 종사원,경상북-경주시,False,
5c6a63fe33514695a5cfb09a7f9c524c,남자,45,40대,경리 사무원,경기-의왕시,True,17-21
5b9064f480554d30b787507121803472,남자,69,60대+,주방 보조원,서울-동대문구,True,11-14
a814affea95b453e9bfd1a75d098dfc5,여자,64,60대+,마케팅 전문가,서울-동작구,True,14-17
b44de2a72c834923a6bccf13c1cfda8c,남자,27,20대,무직,인천-남동구,False,
bb188172b311492fbbc9a500317e467b,남자,52,50대,무직,전라남-여수시,False,
9477bb7d0a274d61b7f771057d21cbc0,여자,32,30대,무직,인천-남동구,False,
0ec25f98bc094cd8a1abbb9edb89a4a8,여자,43,40대,건물 청소원,경기-남양주시,False,
f48260e9511d4ef2969df1597ad716f7,남자,28,20대,통신 관리자,경기-오산시,False,
7b6f27a950fd46c9bde8df54fa3503ca,여자,32,30대,무직,전라남-여수시,False,
e386b028a8d54a768263b5881ec8328b,남자,39,30대,관리 비서,부산-북구,False,
ae1f589eb240420382236a17a37b8a5d,여자,26,20대,무직,전라남-순천시,False,
101d4db1aebd4a6bad09e666d138e13a,남자,31,30대,바텐더,강원-고성군,False,
5579d62f941549bab02bfc5897ebe75a,여자,34,30대,일반 비서,전북-전주시 덕진구,True,17-21
1f6cf12ea9984531acb3c22c330be952,남자,56,50대,영업 관리 사무원,서울-성북구,False,
f20cf0d7d9634097a9a517dd8740897f,여자,77,60대+,무직,경상남-거창군,False,
fb46a8a7ab8242d9888aa6e78c27fd79,여자,52,50대,그 외 배달원,경상북-고령군,False,
16c80a0e8a3f45528e3b3b67e933f47f,여자,33,30대,유치원 교사,대구-중구,False,
91bde19713b64602a8ec9471ffa9be14,남자,30,30대,세무사,서울-강남구,True,17-21
41e87b844fd54486a1d157d05b174dc0,여자,76,60대+,무직,인천-연수구,False,
b10b6043e379412c927eccdf190d5830,남자,33,30대,"전직 경영 기획 사무원, 현재 구직중",경기-시흥시,True,17-21
6b4e8aa647154998a1ae1e1d49e829cb,남자,76,60대+,무직,경상남-창원시 마산합포구,False,
a8cec07b0a884b3fad4668b151032267,남자,81,60대+,무직,경상북-포항시 남구,False,
d674d2e50d194e9b91071fa2af4861c1,남자,67,60대+,하역 및 적재 관련 단순 종사원,경기-이천시,False,
777b1c8389574eabbd632b09a263bbef,여자,72,60대+,무직,대구-달서구,False,
2769ae79da204c56a7ac61128ad9e1dd,여자,21,20대,상품 기획자,경기-안양시 만안구,True,14-17
0f0e5097b2c54a06b2eca0c0dc7243d5,남자,54,50대,그 외 경호 및 보안 관련 종사원,강원-원주시,False,
82dcea65b2e34e7f9edd011633c5e84b,여자,94,60대+,무직,충청남-아산시,False,
18fc25007ba54360b0c2ae402f24c662,여자,86,60대+,무직,전북-익산시,False,
428945ed1c1348f6a202978a126cc901,여자,47,40대,경영 컨설턴트,대전-서구,True,17-21
3d67745723944c1cbee082aea8415448,남자,26,20대,무직,경기-의정부시,True,14-17
f07b10dd151549ec8e5c44bc146874d5,남자,53,50대,총무 사무원,경기-고양시 덕양구,True,17-21
6aae50aa823345b6bd2c1f1e162b825d,남자,79,60대+,건물 경비원,전북-진안군,False,
ce229ab14e3f4bd3a43a2e63e8ed0843,남자,54,50대,플라스틱 사출기 조작원,인천-연수구,False,
6dba83fb33fe4239ab2c27d7b2e18b1f,여자,43,40대,보육교사,경기-시흥시,False,
d95130b3cedd41c893741b9a0809e0e9,남자,41,40대,그 외 법률 관련 사무원,대구-달성군,False,
9e25de9188aa40c5946c1a91b8f35a0b,여자,68,60대+,무직,대구-동구,False,
96cae9ddc11e483cbb7d299816fd1e77,여자,33,30대,관리 비서,서울-금천구,True,17-21
67d513c96e1e41fabc9dd59c2618018b,여자,59,50대,아파트 경비원,서울-성동구,False,
2d0f684062d44a55a2d9e62b49848ebf,여자,33,30대,무직,대전-서구,True,17-21
f90d6fc379b646d7a17494e72f3fd1ed,남자,69,60대+,그 외 기계 조작원,부산-해운대구,False,
a2f19b5809b1430d859615de1235cd09,남자,72,60대+,무직,서울-은평구,False,
27e9e408ade44c68b510570ac6fb94ba,남자,35,30대,플랜트공학 기술자 및 연구원,대전-동구,False,
25492f4db5bd4480bbde2bd468af337f,여자,72,60대+,무직,경상북-포항시 북구,False,
866b17277fd543e0ac0146587c8fdca5,남자,55,50대,건물 경비원,전북-정읍시,False,
4db25e108f4348f68c8d5daf83e31c51,여자,33,30대,보육교사,경상남-김해시,False,
c5706c0b533141a5a49e40ca7ec4ca98,여자,47,40대,미장공,경상남-창원시 마산합포구,False,
4b98d2f580b94ae089744e1344dd846a,여자,91,60대+,무직,충청북-보은군,False,
9decf7ad3b314350a1cf59431f48e704,남자,53,50대,기업 고위 임원,광주-서구,True,11-14
c35b8081c0fb4d41843414964395a0a2,남자,70,60대+,무직,부산-기장군,False,
20681d5a72164fc59235a37bde46b96c,남자,77,60대+,무직,경기-안산시 상록구,False,
43a3c93fab1f40679f8b0b308141cc26,여자,76,60대+,무직,경상남-김해시,False,
a98c86281fae4130bf0cdf0d3d224109,여자,66,60대+,무직,경상남-양산시,False,
3112f61ed2144cbea2207948800f8cd7,여자,66,60대+,무직,경상북-영천시,False,
22da8024c8984bb699b56fb0ad37814b,남자,58,50대,무직,강원-속초시,False,
8e6a52e52983425693dea04883e0c467,여자,52,50대,법무 사무원,서울-관악구,True,17-21
c0ed1603f1364eb6a1b44cec5909c276,남자,67,60대+,그 외 제품 디자이너,경기-김포시,False,
181d019833cb4ebca07f83dd283ed8fc,여자,78,60대+,무직,부산-기장군,False,
12a42abc6fe84c36b6b4c202d4f7045d,남자,47,40대,건설 단순 종사원,경상북-경산시,False,
75f8064e7a634f2ea5d50cba7c90bc38,남자,33,30대,주방장,충청남-천안시 동남구,False,
1a3828d5411d4f1e9e11639d6b8b4b97,남자,19,10대,무직,경기-파주시,False,
34df6d6bd1134d53998310a362ab1a45,여자,41,40대,구급 요원,대구-동구,False,
ba900a650e5d4232816ed1bbc25176f5,남자,39,30대,품질 관리 사무원,전북-남원시,False,
bd6596a06feb4d4fb6e35ce65d9a141e,남자,26,20대,산업용로봇 조작원,대구-달성군,False,
8b98764e01e74e5fad063f2fc79e7b0f,여자,54,50대,식품 영업원,경기-수원시 장안구,False,
87cde5ac714a4f78910f33f4ddfe8e65,여자,83,60대+,무직,서울-용산구,False,
ec7fbcb00691474dafefe1d1243c118c,여자,23,20대,간호조무사,인천-부평구,False,
8fef7823f1594e97812bbd3e72b3b569,남자,21,20대,"전직 국가행정 사무원, 현재 구직중",경상남-김해시,False,
1acd25eae4bb480ea901ba44366dfd4b,남자,56,50대,경리 사무원,광주-북구,False,
2abe0676260145be827ed128cbf17f7f,여자,45,40대,무직,경기-안양시 동안구,False,
6db0158d7a52484eaf7aadfc07c9bd79,남자,20,20대,무직,서울-마포구,True,17-21
bda922ce38844d8397ce88465c856b15,여자,46,40대,방송·출판 및 영상 관련 관리자,경기-용인시 수지구,True,17-21
a382cb1fec2d41a0ad2e1108f9cd96e4,여자,37,30대,무직,경기-고양시 덕양구,False,
4b2b9e65b2b0412e960595df1b85fd36,여자,61,60대+,그 외 서비스 관련 단순 종사원,경기-광명시,False,
0a03da1ed2d74e489e2c15af435f32ce,남자,51,50대,온라인 쇼핑 판매원,부산-북구,True,21-24
164aef80975c44b1b9c0f6a601c9f8f5,여자,75,60대+,가사 도우미,경기-이천시,False,
892ebd8520f4436988b0b1f789474bd1,남자,52,50대,사무 보조원,경기-오산시,False,
b1770fb20263463e828f523b72c64083,여자,52,50대,노인 및 장애인 돌봄 서비스 종사원,충청북-청주시 흥덕구,False,
e44daa8236314df590ed1bf1092b07c0,남자,66,60대+,곡물 및 사료 제분기 조작원,경기-양주시,False,
3f48d68cc7e0441c84a22a9649db0540,여자,60,60대+,내과 전문 의사,인천-연수구,False,
5ae73bfc39b34b13a0d03c46dca419a4,여자,60,60대+,그 외 돌봄 및 보건 서비스 종사원,강원-강릉시,False,
99718102996346ca8da3e24855ca9f75,남자,84,60대+,무직,서울-마포구,False,
5f8a12d38d7447d590b115c2ce66ad23,남자,20,20대,하역 및 적재 관련 단순 종사원,대구-북구,False,
4f2367a00bcd45cb85f41b04c315303e,여자,67,60대+,그 외 상점 판매원,충청북-영동군,False,
5f18d52518094a3eb0e16db71c9a9d31,남자,44,40대,그 외 환경미화원 및 재활용품 수거원,광주-북구,False,
85297d7178284ac0ad703c7a35c9931f,여자,68,60대+,자재 관리 사무원,서울-동대문구,True,11-14
391f5746b4454270b565faa9bd68e8ce,남자,33,30대,우편집배원,대구-수성구,False,
f71ef312a18645b3bebe1545e3df574d,여자,57,50대,상담 전문가,경기-구리시,False,
507de2e15aa1429184d0903fc137184a,여자,37,30대,총무 사무원,경기-용인시 기흥구,True,17-21
18a771bda2ea4ece9f9af9ead12eca96,여자,37,30대,이동전화기 수리원,인천-미추홀구,True,17-21
16c5afe99a0345d8a358ce1be35fe5ad,여자,41,40대,주방 보조원,충청남-보령시,False,
504c1dd22dc8431d90b688b6964e4366,여자,30,30대,전화 상담원,경기-안양시 동안구,True,17-21
6e8980e7ddf84b789d507b906e49eaf8,여자,54,50대,주방 보조원,전북-남원시,False,
6ee48e039c23471bad406cf2bd27f8d4,남자,52,50대,게임 그래픽 디자이너,서울-도봉구,True,17-21
92ae69d222b4458487b1cb752f832483,남자,92,60대+,무직,전라남-화순군,False,
ce5b62215a1145deb68ebc724365bbf5,여자,35,30대,그 외 기계장비 설치 및 정비원,대구-달성군,False,
bde92a1f03154eb7942c653ac0c1033e,남자,40,40대,범용 소프트웨어 프로그래머,대구-수성구,False,
361cac67cfda4c538d69dbec06f7434f,여자,31,30대,지게차 운전원,광주-서구,False,
1d241c0fd7de4326bf8f72dcd3639669,여자,32,30대,무직,경기-남양주시,False,
71e6bfe0a74548d18b21c58c3532bbc5,남자,59,50대,시설 경비원,서울-동작구,False,
fc66311cbe0d412dbaafe2dea4798769,남자,53,50대,무직,대전-동구,False,
e9ca0220d0ef40a2ba1a5490ba138d13,남자,48,40대,시설 경비원,충청북-제천시,False,
c86e74f99b404543a15218f72a064526,남자,54,50대,그 외 시설 및 특수 경비원,경기-안산시 단원구,False,
fb196d9a18f44cad964aee89bcecdadc,남자,30,30대,상품 기획자,서울-영등포구,True,17-21
3573b8b2f3a74c39833f513aefac50a3,여자,30,30대,웹 프로그래머,경기-안양시 동안구,False,
f40562f2e89b4e0d897e164c1fb51904,여자,29,20대,시각장애인 특수교육 교사,경기-안산시 단원구,False,
d4d2465f655744a0a39c624801779f08,남자,66,60대+,그 외 서비스 관련 단순 종사원,경상남-하동군,False,
0abb5ff7f9614b939c9cbb4579bda056,남자,22,20대,회계 사무원,강원-원주시,False,
25511431ecb24c90af91179b81a7bc27,남자,41,40대,대출 모집인,서울-도봉구,False,
32d5f4bd31eb4ddf8a17312a371bb176,여자,57,50대,건물 청소원,인천-계양구,False,
c1ab0557c73047aea70c35b56c7ede44,남자,55,50대,하역 및 적재 관련 단순 종사원,대전-동구,False,
84c445289d844ac3b1d85f0da58544e7,여자,32,30대,임상병리사,서울-용산구,False,
4d814fcafd98487d93b853187290e379,남자,50,50대,범용 소프트웨어 프로그래머,인천-연수구,False,
f592c013c8884a0a8fb470f4105b542a,남자,60,60대+,전기 감리 기술자 및 연구원,경기-파주시,False,
0c04886925114e5ea1a8138a64262dee,남자,32,30대,산업용 기계장비 기술 영업원,대전-유성구,False,
91322de44f3248598a35cdbf349af5b0,여자,52,50대,웹 기획자,경기-안양시 동안구,False,
d67d8cb636ab413c91ff7b1e0e5604a1,남자,64,60대+,무직,충청남-천안시 서북구,False,
bbd62d854b8240d9871a9a4bdf565fde,여자,34,30대,무직,경기-부천시 원미구,False,
24771d17ead54d309e1762be4f7a9cc6,남자,77,60대+,무직,충청북-청주시 서원구,False,
14f6d0a9f24d4203bc2301c413f1bc85,여자,25,20대,무직,서울-금천구,False,
67f1d6d6d72f4f20a9d9330eeb062539,남자,52,50대,거리 미화원,경상남-밀양시,False,
19645b3d50e449a1ae8ccd62c4ca7197,남자,57,50대,재활용품 수거원,경기-군포시,False,
25d83c58ff724e53ba680c9f236d7896,여자,22,20대,회계 사무원,대구-수성구,False,
5ea2838be27c432bb6f67e2227a41d7f,여자,74,60대+,무직,부산-사하구,False,
847d0904f5c240debb79369368e32aca,남자,57,50대,하역 및 적재 관련 단순 종사원,인천-부평구,False,
4aa4aa59e7d74be7a106b82e8a3135e0,여자,54,50대,경리 사무원,경기-수원시 팔달구,False,
fc2de137e8414f01be62a33cda44dae3,여자,83,60대+,무직,서울-종로구,False,
1cf993095da24c1b95b9508bb95061a4,여자,27,20대,한식 조리사,경상북-구미시,False,
72a05086c7464f9885ba4bee374d4199,남자,38,30대,회계사,서울-강서구,False,
87f9928daa4b48ed9f34e893774a5a56,여자,41,40대,무직,경기-여주시,False,
23784f322d8046a69305e9fa04dccfd2,여자,79,60대+,무직,서울-종로구,False,
db52aeea12f34d9b839f31413777c3f5,여자,71,60대+,그 외 서비스 관련 단순 종사원,경상남-통영시,False,
107f3f61083b4c9a946c6ea576424dd2,여자,22,20대,그 외 전기·전자기기 설치 및 수리원,경기-안성시,False,
8f7a0b2859224bbcbc79bba436f04af4,남자,38,30대,그 외 법률 관련 사무원,서울-강남구,False,
44381aba2c0a465495167d47f3929c41,남자,41,40대,무직,경기-용인시 기흥구,False,
26c682b36f42469d9272ffd907a95e81,여자,38,30대,무직,경기-시흥시,False,
1add6f57dc174be89b17ac36d368d0fa,여자,27,20대,무직,서울-금천구,False,
5994aa4ddaf344ac8af1f97e3d31c0ee,여자,66,60대+,무직,서울-강서구,False,
47691d9d6bb84fa7ac987d6deffc96c4,남자,64,60대+,시설 경비원,서울-동대문구,True,21-24
c8be49d4585542d08ccac81a6287b217,여자,64,60대+,무직,전북-전주시 완산구,False,
6e7824b02df04f83b6f37b1e36c1a768,남자,59,50대,데스크 안내원,전북-순창군,False,
ca97be97593d4926ae2173cbf6e93bcc,여자,63,60대+,건물 청소원,경기-용인시 기흥구,False,
2fc732ed0ac34e4da54ef72d10ad3cbb,남자,41,40대,컴퓨터 운영 관리자,서울-강남구,False,
601e8caae2f443b7963d31b01675ade7,남자,38,30대,배전반 조작원,서울-동작구,False,
ddf56e02dcaf4de5b884001977c904e7,남자,47,40대,"전직 그 외 기능 관련 종사원, 현재 구직중",경기-광주시,False,
009abd4546d1429280845f8aae0299ef,남자,25,20대,국가행정 사무원,서울-구로구,False,
3b4736d3ca2649f2a88d5b61aabaa3d0,여자,86,60대+,매장 정리원,경기-안양시 동안구,False,
48dd619aaccd43d292718c76b71cd930,여자,48,40대,프레스기 및 절단기 조작원,경기-화성시,False,
7a60194a8bd5446f960e1498a5c9d19e,여자,60,60대+,무직,대전-중구,False,
e6717562467e49d8a6cfc90a08369c8a,남자,76,60대+,중형 화물차 운전원,대구-동구,False,
fd32e3a1642f4d8db51505195285af24,남자,80,60대+,무직,경기-남양주시,False,
c8725df0255e43b49c898fee80482443,여자,38,30대,공공행정 전문가,경기-성남시 수정구,False,
45b50c162b254d57b31189b233cdf23b,여자,51,50대,법무사,경상북-구미시,False,
55a6f197964145eb9ec1f3f17154dca7,여자,45,40대,국가행정 사무원,부산-부산진구,False,
260e6b805b6f4c6d94fdc42c4f69b508,여자,39,30대,그 외 기능 관련 종사원,경기-고양시 일산서구,False,
34a2d166dd314277a2cc83db71727aad,여자,24,20대,"전직 보육 관련 시설 서비스 종사원, 현재 구직중",서울-마포구,False,
a00a2f348edf4fa792ac55ba300e6ba4,여자,50,50대,그 외 기계 조작원,경기-하남시,False,
38a422712c614da4aa799322243f1e55,남자,19,10대,무직,서울-서대문구,False,
7499fee897f74029868f8c64ab952808,남자,54,50대,무직,경상북-경산시,False,
41b3a25c29334d63b25a3b5ee15abb85,여자,73,60대+,무직,경기-남양주시,False,
0271ebd1212c4a1aabc37903a7567aca,여자,48,40대,재무 관리자,경상북-포항시 북구,False,
f64b27423cea4451972e0741694d731c,남자,41,40대,육군 장교,서울-서대문구,False,
89aed2bcb5184f58a1e9ec6640deff14,남자,70,60대+,무직,충청북-청주시 흥덕구,False,
a1b1807579604c28b87c47f3a46fb966,남자,50,50대,통신장비 기사,광주-남구,False,
d1363421aca648a9be09c76dc3643608,남자,55,50대,그 외 서비스 관련 단순 종사원,서울-은평구,False,
cb5f05d8e8e34ed2829c9b5af7007b2b,여자,57,50대,주방 보조원,서울-강동구,False,
1f809201b1a241baa8c3a52cf544efdb,여자,38,30대,무직,경상북-상주시,False,
6a4f8a3af7e946af975a2ca7d0703448,남자,20,20대,생산관리 사무원,경기-파주시,False,
fc729173996c4bc4bc4f33e323d8e9e0,남자,84,60대+,승용차 및 승합차 운전원,경기-의정부시,False,
5d9dd2658bf440f0a6d6fea804c36ce8,남자,40,40대,전화 상담원,부산-해운대구,False,
7bf6ecd68f924b48bcba3edbc8157ae6,남자,35,30대,무직,강원-원주시,False,
0a12167689d743528bdf659b763005b4,여자,46,40대,우편집배원,대전-유성구,True,11-14
a5d788a096524eb0bf881a118cbc957b,여자,76,60대+,승용차 및 승합차 운전원,서울-광진구,False,
eeca4144ebd54e589e845bd9462d7ace,남자,38,30대,그 외 시설 및 특수 경비원,충청남-당진시,False,
57617da31d5b4de092839e34b4ba1050,남자,45,40대,건물 내 전기 설치 및 정비원,충청북-청주시 청원구,False,
e966a6d167364e0ab7bcfb0d685f7726,남자,49,40대,사무 보조원,전북-군산시,False,
63253f5a36cc4cd192c476b6f34016ca,남자,46,40대,화학제품 생산 관리자,서울-성동구,False,
62a76f14b87547328728348b98120a16,남자,66,60대+,무직,경기-포천시,False,
f3a8a535eedb4dc98452d166f846d3cb,남자,43,40대,무직,경기-고양시 덕양구,False,
254ae29b552c4253aa005881ae8f8d00,남자,44,40대,중고차 영업원,대구-수성구,False,
c14f0f2f3fc6489facc50db786009662,여자,67,60대+,하역 및 적재 관련 단순 종사원,경상북-경산시,False,
ba61a22c547d4deb835c859457bfdbea,남자,36,30대,대리 주차원,경기-성남시 수정구,False,
f46b78b87d6a4e989c9e5cd12dc5581a,여자,30,30대,일반 비서,부산-동래구,False,
54d611b98d00415a91d4d795632165dc,여자,72,60대+,무직,경상북-경산시,False,
a6244307ec904e0ebb9673adecb31a27,남자,79,60대+,건물 경비원,부산-북구,False,
d2c861193c5a422c8641851248fac322,남자,59,50대,지게차 운전원,경기-오산시,False,
13ccf699858840f2823c6725de237f91,여자,84,60대+,무직,부산-부산진구,False,
adc94111fad3408eb0f3e64a2b8fe2e3,남자,58,50대,사무 보조원,부산-북구,False,
8fe2de524fce4bc18996d8cf0194f8bc,남자,35,30대,그 외 화학공학 기술자 및 연구원,서울-은평구,False,
ef8ad863f63840099f0fbebe12cd792e,여자,54,50대,무직,전북-군산시,False,
4e1774f2add6406da77b65e6ff09685c,남자,54,50대,시설 경비원,서울-서초구,False,
924ca71fb49149339d8e87c2c63ab1d9,남자,28,20대,무직,인천-서구,False,
411d7d638aa44fedb27aa936570091d9,남자,53,50대,일반 간호사,경상남-창원시 진해구,False,
893bf3f8bc064af69c032abce7b466bb,여자,31,30대,그 외 법률 관련 사무원,울산-울주군,False,
500cda6363a9421397ecb630324ad80e,여자,30,30대,무직,경상남-거제시,False,
c32103337f1743489ace97b0ad8b7b5d,남자,58,50대,휠체어 리프트 설치 및 정비원,경기-양주시,False,
fc010eea71b84c9db7b85f43bd51d209,남자,47,40대,그 외 전기·전자기기 설치 및 수리원,부산-영도구,False,
3ccafa944cd6410687533b3e2ff592b8,여자,48,40대,그 외 일반 영업원,광주-북구,False,
14ac476b4a22401588fbef09965d887c,여자,79,60대+,무직,제주-서귀포시,False,
c0aad043295a4c0284ea795c34a86f30,남자,59,50대,전동차 정비원,부산-북구,False,
756a490b247049fd8a8fbbd0549c2fc9,여자,73,60대+,점술가,경상남-김해시,False,
c63e234cc05746a9a433d58134eb1b4d,남자,51,50대,지게차 운전원,인천-미추홀구,False,
6444d9878de44299bfe25a301afca40c,여자,64,60대+,그 외 판매 및 고객 서비스 관리자,서울-관악구,True,11-14
a006652985ac48b489bb7de735913cb8,여자,52,50대,지방행정 사무원,광주-북구,False,
1c4cd7c6ed6c449493a7a91da530a525,남자,60,60대+,섬유 공정 개발 기술자 및 연구원,서울-서초구,True,11-14
4eee459b15074d9e9f643d003f99245e,남자,38,30대,경영 기획 사무원,충청남-당진시,False,
f8edcf77dd5b4d0597742229d79e2860,남자,65,60대+,선박교통 관제사,경기-군포시,False,
76e697921d3e46ea8ee564fc98c10bae,여자,43,40대,그 외 미용 관련 서비스 종사원,울산-중구,False,
9806140c90424c33b7910a434245500b,남자,52,50대,그 외 건설·전기 및 생산 관련 관리자,경기-양평군,False,
1003248391e648eca74ab6747c04eef2,여자,32,30대,유치원 교사,전라남-순천시,False,
c2547b11feaf48e9bdd5d116ea60ee93,여자,30,30대,그 외 인사 및 노사 관련 전문가,충청남-천안시 서북구,False,
353ad88caef342a789c18adada4246ea,남자,53,50대,지게차 운전원,인천-미추홀구,False,
38694df48ad147f5b29cb4b2b55c525f,남자,60,60대+,무직,서울-송파구,False,
156ec021dbc341edbd8947e9f0cd45e0,여자,50,50대,일반 간호사,경기-고양시 일산동구,False,
fa7930c2c03842c5b070d387488119db,여자,55,50대,그 외 건축 마감 관련 기능 종사원,대구-동구,False,
ffee8826e3a24c8a9a66b94e17721a67,여자,20,20대,유치원 교사,경상북-구미시,False,
3e89bb65ce7f487cb843efed4f61ae1f,남자,33,30대,그 외 기계공학 기술자 및 연구원,경기-안양시 만안구,False,
81c9655fe0d2408b8d8e60bd809f9314,여자,62,60대+,건물 경비원,경상북-경주시,False,
7b69243291344b76bf81b473d73c3230,여자,29,20대,무직,인천-부평구,False,
fabb69f37093421e95793618c056a7ea,남자,29,20대,"전직 시설 경비원, 현재 구직중",서울-도봉구,False,
6686e3c3ad6c408a9f543c18e89b31d3,남자,83,60대+,무직,경기-수원시 팔달구,False,
1e59736c3be2480d91ce8f9da1df28fa,여자,58,50대,노인 및 장애인 돌봄 서비스 종사원,대전-서구,False,
124a0f2170a44b37b316a4df839be466,남자,86,60대+,무직,부산-해운대구,False,
f09d2affce4e4c14b4482a4670fe8d0e,여자,47,40대,주방 보조원,부산-사하구,False,
1f6b68bb330a47df8d4ebf3ad286c37c,여자,76,60대+,수동 포장원,부산-부산진구,False,
ddaf271add8d49f29dd7cd9cbeceec2f,여자,84,60대+,무직,경상남-양산시,False,
e179d5a0c79141eca1c34b31ea474c9b,남자,44,40대,무직,서울-강서구,True,14-17
d2c22a1e87be4dbb949d38bf309174f3,여자,48,40대,마케팅 전문가,강원-원주시,False,
8942d940085e46cfbfd05e88835ceab5,여자,29,20대,전기 용접원,경상남-창원시 진해구,False,
c1417fc3efb745568000c6d934663d33,남자,19,10대,무직,경기-고양시 일산서구,False,
64de2c177fc5424eb41a08d808dd3e6b,여자,57,50대,조경감리 기술자,경기-의정부시,False,
7c7e2b9e8458408e8ad9a311fa16a845,남자,32,30대,그 외 기계공학 기술자 및 연구원,경기-수원시 장안구,True,17-21
7ac89941491446d7b22678a4e17e6038,여자,36,30대,그 외 일반 영업원,전라남-강진군,False,
fef35f45563d410fb4d0bb5212c18850,여자,30,30대,무직,서울-관악구,False,
dac8ec17716340ffb0279081ef76633c,여자,59,50대,무직,부산-부산진구,False,
d1ac62a2e7db40f1b2034d2b7a0a40d1,여자,35,30대,무직,인천-남동구,False,
063492751d5e442092f6a3ff25e8264c,여자,61,60대+,일반 비서,대구-북구,False,
34f7cc08b5c54274b37a1d7de4c5a30a,여자,56,50대,법무 사무원,울산-남구,False,
58f833bab91a4b6c9d2f6a39d9d47a2b,남자,29,20대,"전직 한식 조리사, 현재 구직중",인천-미추홀구,False,
c7256545829d47a58d65896573e6dd32,여자,20,20대,무직,충청북-제천시,False,
9f58ac761afe45538517acbaca336ad1,여자,51,50대,범용 소프트웨어 프로그래머,대구-동구,False,
d867cc70237e448089dc6aca90ca900a,여자,69,60대+,무직,충청남-천안시 서북구,False,
f64dfe81ce174619be01844cfbff5be5,여자,36,30대,일식 조리사,전라남-나주시,False,
fed64c835d6642ea8611b4bf3c507b48,남자,40,40대,무직,경상남-양산시,False,
b214b2e980ba407ea24d5c524ebd8599,여자,38,30대,그 외 돌봄 및 보건 서비스 종사원,광주-북구,False,
22a78a908af8433a955f8dfa16ef1035,남자,19,10대,무직,경기-수원시 영통구,False,
53bf56b63b6e4145ac54a699530847aa,남자,48,40대,경·소형 화물차 운전원,전라남-여수시,False,
fa4eb59f06724a6e9dd0aeed7bb81a89,남자,70,60대+,무직,서울-마포구,False,
6c23ae19b9024ff783a453b298cdf29e,남자,44,40대,그 외 제품 디자이너,서울-강동구,False,
359b82cc039c4eeb9d90170f97369a95,여자,54,50대,방수공,충청남-논산시,False,
b03d314278b44b29a1c17c1deb03a11d,남자,88,60대+,무직,경상북-영덕군,False,
e14588ef9b674784a533a7e633d8b64a,남자,54,50대,광고 전문가,광주-광산구,False,
d2a85a772a034e0bacb4097e2bbfd821,여자,20,20대,무직,서울-성북구,True,14-17
428e69939582452090dd92ddd5feba26,남자,65,60대+,무직,경상남-밀양시,False,
e4a38e5a4fbf48139a85995729db82c5,여자,45,40대,무직,대구-수성구,False,
b8ccd8eaf6d04fe3961af16cd8be477d,남자,39,30대,무직,경기-성남시 분당구,False,
cdf155c02e0f44f991a4d828ee1d7779,여자,40,40대,국가행정 사무원,부산-금정구,False,
281445487f694f99ac3f6eda1a717497,남자,66,60대+,대형 화물차 운전원,경상북-예천군,False,
bb7ecaab432e47db8ef216674bd36d31,남자,60,60대+,"전직 경영 기획 사무원, 현재 구직중",전라남-광양시,False,
b0bc834ac74140c8802518cf7e3dfc38,여자,62,60대+,무직,인천-남동구,False,
d1d44847a7904a239083515d0594da5a,여자,65,60대+,무직,경상남-밀양시,False,
be3e6b3b09474ce185296e7c747a3ab1,남자,77,60대+,무직,경기-성남시 수정구,False,
6850f6389a444f0c873f25b1c0a9cb23,여자,46,40대,무직,서울-송파구,False,
84d6fe0ba77e4512b4c38589417b75e1,남자,60,60대+,경영 컨설턴트,서울-서대문구,False,
4286c12a880f434088ac92d17ea10367,여자,26,20대,유치원 원장,광주-동구,True,11-14
71d10a9153ba4e3ea6fe679ecb40cdc8,여자,50,50대,간호조무사,서울-동대문구,True,17-21
c95eec81c879494d82f85008d6d8d1eb,여자,60,60대+,승용차 및 승합차 운전원,대구-서구,False,
75d2c7a0a4eb4d7eb525781f6f500344,남자,56,50대,무직,충청남-천안시 서북구,False,
1b3f1ed103c247ca80ca67ae0644db7c,남자,22,20대,무직,서울-송파구,False,
93ff703c98fe49ae81a803986c5fda39,남자,21,20대,무역 사무원,전북-무주군,False,
20939e7f83c9458cbe94110980c4f5bd,여자,66,60대+,요양 보호사,대전-중구,False,
dd55f3e0fea44b73b530a3810dfa6cd9,여자,48,40대,정보 시스템 운영자,강원-평창군,False,
7bbf4d5deaf0415b925e80375f2e9bb2,남자,39,30대,전화 상담원,경기-수원시 권선구,True,17-21
737e9badf7074644ae989b4c668e7a67,여자,54,50대,대출 모집인,강원-춘천시,False,
dd3f08448f1a47e29cd5ea1732586443,여자,33,30대,조사 전문가,서울-강북구,True,14-17
e0a5190d6c944f0885b1ba8519ca5a75,여자,45,40대,물리치료사,서울-도봉구,True,17-21
39162d4d95944ef7a41712362b09ce42,남자,61,60대+,무직,경상북-포항시 북구,False,
0168cd864127485a960dbe7a1bac2b58,남자,61,60대+,식품 영업원,충청북-음성군,True,11-14
dd1ca87966b948df8b174b23be8bf4d0,남자,40,40대,보험 중개인,경기-용인시 처인구,False,
5b1100d4451049d7b89634e3cdc832aa,남자,27,20대,무직,경기-안성시,False,
48b3f664d2a84513b78d9ac36371c6f3,여자,59,50대,부동산 감정 전문가,광주-서구,False,
43e7559c26ad43c193a098c41508abea,여자,58,50대,무직,경기-오산시,False,
32de7fd8338f4760a975525920f2ea07,남자,49,40대,자재 관리 사무원,서울-양천구,False,
ca1dec539b354879800ffa8fd9e5956d,남자,63,60대+,사회복지사,세종-세종시,True,14-17
41e1d6d9060e42549275a66457c074a1,여자,78,60대+,그 외 돌봄 및 보건 서비스 종사원,경기-남양주시,False,
44431fcc12164803ab63f569c6e6d438,여자,61,60대+,무직,대구-서구,False,
fc11722466464faea8ff1e71f164fece,여자,47,40대,소규모 상점 경영자,대구-북구,True,14-17
87874ad2cd0843d190c81ba5f1d7d835,여자,75,60대+,건물 경비원,전라남-무안군,False,
c35a847415304669af5fbb9d980b204e,여자,27,20대,사무 보조원,부산-동래구,True,17-21
3694b51113e74a438cabda13a0c34cb4,여자,82,60대+,건물 청소원,부산-연제구,False,
ca43e0ca160e43308005094ae6421bed,남자,61,60대+,무직,부산-사상구,False,
4b78f464bc3c4a419353c7499d8cf718,남자,46,40대,화학 연구원,경기-시흥시,False,
3feb1916d91d488d8949d8b1ea49e5e2,남자,63,60대+,시설 경비원,인천-남동구,False,
e1ecaaeb36774c50a96cd254006e32e0,여자,50,50대,무직,경상북-상주시,False,
b3d5928144354218bd6d5efde528ee13,여자,30,30대,온라인 쇼핑 판매원,광주-북구,True,14-17
46fcb2657b9f40749f7d08b0a929dd86,남자,62,60대+,건축시공 기술자,서울-강동구,False,
0adeacd580b74b9aa43a83496d09abbd,여자,42,40대,119 구조대원,경기-안산시 단원구,False,
c9d0577c409d4176b189227772b1d070,여자,63,60대+,무직,대구-달서구,False,
254229d072ff4fc7a66026d05f9e262a,여자,23,20대,행사 및 홍보 도우미,경기-평택시,True,17-21
7087bdcd9bc243ba9b614d06d13d3621,여자,54,50대,시설 경비원,경기-부천시 오정구,False,
fa23838d2a814ba19109e8ad46bf6702,여자,83,60대+,무직,경기-수원시 권선구,False,
30df6aa3840b44ed9ee5346e82a2c051,남자,68,60대+,건물 경비원,경상남-함안군,False,
1576d628f42e4a96837efb4b396e89b5,남자,56,50대,건물 내 전기 설치 및 정비원,경기-화성시,False,
d94435fc16df4f9ca1f3542f9393e6a8,여자,63,60대+,간호조무사,울산-동구,False,
2d07913272014d069881a3eec791a44a,남자,57,50대,그 외 택배원,대구-달서구,False,
ba2bac8091c44d90915ed812e14b97c8,여자,39,30대,마케팅 전문가,서울-동대문구,True,11-14
b1557034772b43c7bef6d9ef312475a9,여자,84,60대+,건물 청소원,경상북-포항시 북구,False,
7c66f65ad5d3475c8c574365796ba5b0,남자,63,60대+,"전직 건물 경비원, 현재 구직중",대구-중구,True,11-14
82ec963d3be642168e6c47c4a63d1821,여자,22,20대,무직,전라남-영광군,False,
04848af5b1424c28b53e67b0cd58c4c6,여자,76,60대+,무직,서울-성동구,False,
be89701d667f4d708b3b4d39cccf733f,남자,44,40대,무직,경기-시흥시,False,
845eb995c3c54a618fdadd8d74450e12,여자,57,50대,주방 보조원,충청남-서산시,False,
3ccbffe360ff4e2b8b66e5e4f29631ca,남자,81,60대+,무직,경기-용인시 기흥구,False,
40eec821ded44a169b1acee695347798,여자,40,40대,무직,경기-수원시 영통구,False,
ee1f1b7c2c2646b6b232a8793dcfb47f,남자,25,20대,발전터빈 조작원,경기-수원시 장안구,False,
db6b73d50dfa4185bf715a9ef610dbca,남자,79,60대+,무직,부산-사상구,False,
5d82f148d76745f4993184c251f32d3d,남자,22,20대,그 외 경호 및 보안 관련 종사원,서울-송파구,False,
e42101f340b04d41a79554d862734500,남자,63,60대+,무직,경기-고양시 덕양구,False,
067e29c5d347449ab34f04a6c28db1f8,남자,54,50대,카지노 딜러,강원-철원군,False,
1261b115b05148c285e59c4e6fa77cca,남자,72,60대+,한식 조리사,경상남-합천군,False,
f27b9d16baeb4555aedc9509b3d67f1e,남자,26,20대,광고 전문가,부산-남구,False,
c033c76c5a65457e9b4fba26c717ed1d,여자,44,40대,데이터 분석가,경기-고양시 일산동구,False,
ad303e3faa1e43f4991ecf02571b79b0,여자,38,30대,전화 상담원,대전-유성구,False,
eec49c313911416cb5dbc13acfcb0237,남자,65,60대+,상·하수 배관공,경기-시흥시,False,
78e69845cb554a81bdffb6d52c73f6ab,여자,50,50대,가사 도우미,광주-북구,False,
7b97dc918d664f768cc6b257d9a22584,여자,72,60대+,무직,경기-시흥시,False,
fe114c138d3a4dfca265cb94501a3107,남자,65,60대+,노점 및 이동 판매원,충청남-논산시,False,
e4d1997427ed4e4d8eb84281064c60e8,남자,67,60대+,주조기 조작원,경기-하남시,False,
85e37dbeacdd4e2ca73cf56f53b1a557,남자,53,50대,점화·발파 및 화약 관리원,전라남-화순군,False,
95b39e11e109497c9885499fce4ac536,남자,51,50대,산업 안전원,서울-성동구,True,17-21
a7b0ef8e510a4d25bbdf22b17aaf1110,남자,79,60대+,무직,경상남-합천군,False,
1bf222c2ce50492c815b2c07e8b9da76,남자,51,50대,무직,경기-고양시 일산동구,False,
35122ab1aa7a4a73bcc591c727916644,여자,57,50대,사진가,울산-북구,False,
7b609466613b4576a6cb0cd5a7297611,남자,65,60대+,무직,전북-전주시 완산구,False,
9ca47dd6bb4c4958bafb3937ef45dd2e,여자,65,60대+,무직,전북-군산시,False,
a2148f077cc14bbe8cdcacc12009e3a4,남자,49,40대,무직,부산-기장군,False,
26f06e0bfe794d7db98cd20c39a9aa1a,여자,75,60대+,무직,서울-강서구,False,
8b459747c85f45cead206305185ad113,남자,30,30대,양복 제조원,인천-남동구,True,11-14
b7f95d80190d4f50ba38bb620d01eb57,여자,28,20대,무직,경기-안양시 만안구,False,
a1b779e68e6c4efc81ca6cf3b5f7573d,남자,61,60대+,한식 조리사,부산-수영구,False,
9a27014c29a840fa8963fc95787f8c27,남자,48,40대,변호사,전라남-함평군,False,
7fe1b2bc752947328c64c05945ba5671,남자,39,30대,아파트 경비원,강원-홍천군,False,
4f2d2f1edd9a41589dcf343d408231b1,남자,38,30대,단말기 및 통신 서비스 판매원,부산-연제구,True,17-21
a6b00893f2bb40ca9351fda93cc09d48,남자,50,50대,경리 사무원,경기-용인시 기흥구,False,
b463cc5aef504aedb8529beede909c3a,남자,67,60대+,무직,경기-포천시,False,
a879af2ba1d8478cab9af61e07fbbc43,여자,54,50대,그 외 금융 사무원,경기-고양시 덕양구,False,
1b5679ad1b0f4de39da05b1b810f2010,여자,91,60대+,무직,경기-부천시 원미구,False,
e05484fcc90c439ca34fbca9e9d6f370,여자,56,50대,상표 부착기 조작원,경기-평택시,False,
c7d1ba9a444341c3ae5fe8e1a7ec123b,여자,23,20대,학습지 방문강사,인천-부평구,True,14-17
13d47413b0cb49ed82feb09b758a22c0,남자,25,20대,무직,전라남-영암군,False,
038ea639a37745b3a205b7b82d34ed31,남자,59,50대,하역 및 적재 관련 단순 종사원,전라남-광양시,False,
96e534ee4e3540ab9accb8b6c0861a8b,여자,47,40대,그 외 조리사,경기-남양주시,False,
b32a451b323d49eca50496b258f720aa,남자,67,60대+,무직,경기-하남시,False,
e031d0f9c8aa41d9a0c897584d0b235f,여자,32,30대,유치원 교사,강원-춘천시,False,
3c87363768a745edbb83fdb6c396cf15,남자,41,40대,데이터 분석가,제주-제주시,False,
722d58029dd94ebbbd1a5b29b5b169dd,여자,41,40대,청각장애인 특수교육 교사,서울-양천구,True,17-21
cb42e64773cd4898a64decedb15b417d,남자,59,50대,무직,서울-송파구,False,
5bf8d3b44e44492b8d7897fa8b343833,남자,37,30대,육군 부사관,서울-광진구,False,
6e4f42a8f8a3415f8eead9989fb13f0e,여자,56,50대,무직,대구-동구,False,
800e28a1864b4f95bbce4d7f7ed7e3db,여자,72,60대+,무직,전북-익산시,False,
df35b06e744948fe9e5dfa42416bc4c9,여자,64,60대+,설탕 제조 관련 기계 조작원,강원-원주시,False,
9ca87c563532400c91463c0185ecbbd7,남자,29,20대,정보 통신 컨설턴트,경기-화성시,False,
2335f69953544a5cb01bd9ba580d8013,남자,68,60대+,무직,경기-안성시,False,
4d981fb9bf864c1d86121207c8b347ac,여자,54,50대,한식 조리사,부산-연제구,False,
ce9477da67424b7f94fccc905030eb26,남자,44,40대,강구조물 건립원,서울-강북구,False,
e59e32cabc3043cdbed98fed928abca8,여자,53,50대,건설 단순 종사원,경기-남양주시,False,
60e5b00b288c4c9f85edde00944756be,남자,22,20대,무직,경기-고양시 일산서구,False,
f826c7e595914bfb8fccff3a3cb86a32,남자,63,60대+,무직,경기-군포시,False,
a6da78894f194198b56e0b3aec88040f,남자,43,40대,"전직 정당 및 특수 단체 임원, 현재 구직중",경기-평택시,False,
c5b570f16f6c4c3ca1dbaa4d639f1dc0,남자,64,60대+,무직,경기-수원시 권선구,False,
e6dcf90a7e8744708918b1cd64d2180a,여자,40,40대,관리 비서,경기-수원시 권선구,False,
17d7a70f179843adb398d0c83cba88e6,남자,64,60대+,무직,경기-광주시,False,
9dc271c90fbc40d3b1475ab2e05a99f5,여자,41,40대,타일 부착원,인천-미추홀구,False,
f86a2e418fe049ce8a27127bf2fda0c2,여자,52,50대,전화 상담원,경기-수원시 장안구,False,
aa2aa73ec50f4cf989e34bb29678196c,남자,57,50대,가죽 및 모피 가공원,서울-송파구,True,17-21
093fca64bd3d4803b5d3b68117376560,여자,44,40대,정보 시스템 운영자,서울-종로구,True,17-21
e1838fc1cd024bccbf573288df65bf24,남자,71,60대+,전화 상담원,경기-안양시 동안구,False,
8fca3b3908bd4f9e94958f58b2fcb85e,여자,56,50대,건물 청소원,전라남-나주시,False,
ad8f7c42a300402491fabafdcdebe6bb,남자,42,40대,교육 및 훈련 사무원,경상남-창원시 성산구,False,
17d4e12666144b138d0e04005cdf6a41,여자,73,60대+,무직,경상남-창원시 마산회원구,False,
dd85c01c133442468c4ca261d4421746,남자,81,60대+,무직,서울-도봉구,False,
b74c6cca90db4e01ae09d535b916ca50,여자,80,60대+,무직,서울-동대문구,False,
306cec4e3c2b440e81eaa9e72504557b,남자,84,60대+,무직,경기-용인시 수지구,False,
4d04e2d0a7674c2888807de8b145bf18,여자,62,60대+,무직,전북-부안군,False,
5a7d31cd41164bb89fc86f6a6b98e1b4,여자,68,60대+,무직,서울-성동구,False,
7c7f9990d5234b3a8c62c89401f3c821,남자,60,60대+,그 외 건물 관리원,경기-수원시 영통구,False,
49ab221cc59d47f28be0265088af2324,남자,45,40대,그 외 하역 및 적재 단순 종사원,경기-의정부시,False,
d46d0332b62b43e1841fc728b020afbb,남자,64,60대+,무직,울산-동구,False,
e2eaf968cd064fa3b34f05a92dca1e38,여자,49,40대,전기장비 조립원,인천-미추홀구,False,
0ce23ebcc4974adc94f8d4515f463e03,여자,61,60대+,무직,전북-정읍시,False,
ef8d8d1e6a7c4a23a5b9cdb6da439cd7,여자,31,30대,보육 관련 시설 서비스 종사원,제주-서귀포시,False,
b69ea0b59ed841a9a8a37d30518dc771,여자,74,60대+,무직,경기-시흥시,False,
fa9486d71f91427580ffc24d013395fe,남자,27,20대,무직,서울-마포구,False,
91760aa3e1e04822ba1fddf346136c9a,남자,68,60대+,무직,서울-동대문구,False,
23ac5c99d2f34938a8e5d9c6ca631e84,여자,68,60대+,조경원,대구-달서구,False,
75b09f8809154d6c96ed7abcdb243982,남자,41,40대,총무 사무원,서울-강동구,True,17-21
149feda67d9d4cc1ba069329005acc83,여자,62,60대+,무직,경기-의정부시,False,
f559f491035f4b0bb4547f3a6f08be76,여자,21,20대,무직,서울-양천구,True,11-14
72dbd8eef6f944488aa5499c9ca27387,여자,47,40대,텔레마케터,경기-김포시,True,17-21
82b85c55ad8b491a893cabe625b40a3c,여자,54,50대,무직,대구-달서구,False,
f58dd574dd7d44b8ac1eac9461489fa4,여자,79,60대+,무직,서울-서대문구,False,
703a926eeedd44dd80fde4cc8b33bb95,여자,33,30대,금속제품 도장기 조작원,충청남-당진시,True,17-21
184aa7fa7dd84f4f9aa409641e7178d1,남자,79,60대+,식품 영업원,경기-용인시 수지구,False,
a67499703e8340d9a10e14b855bfccc2,여자,49,40대,무직,전북-전주시 완산구,False,
624f265509ac461d85944a2f04f9fb49,남자,28,20대,렌즈 및 프리즘 가공기 조작원,경기-수원시 영통구,True,17-21
05dce517d2b541f1aa9783ed4a17d4af,여자,67,60대+,전화 상담원,서울-양천구,False,
13b498ada2584db49cb9c8bda4480e5e,남자,67,60대+,시설 경비원,서울-송파구,True,17-21
e4340eb513c944c0b52fa59eea098ce5,여자,89,60대+,무직,부산-사하구,False,
b378f78695eb45e28bf144d0064de6d8,여자,55,50대,무직,경상남-창원시 성산구,False,
326965ad5a584618adbd96bad0b5df7f,여자,50,50대,한식 조리사,경기-고양시 일산서구,True,11-14
822744a2e493408c87865bd4d0da8d34,남자,47,40대,펄프 제조 장치 조작원,충청남-천안시 서북구,False,
9a787627e01e4943a66f5cd8560f7ebc,여자,64,60대+,무직,경상남-창원시 마산회원구,False,
a9bf80b1732f44da8934c317d6bc4fef,남자,49,40대,무직,경기-성남시 중원구,False,
b31f76f7f44b4c7d809dae3bd0faec5f,남자,87,60대+,무직,경기-남양주시,False,
0705fd4b747e4d379b22f6fa4c0482ff,남자,22,20대,경리 사무원,경기-이천시,True,17-21
6b44bbfa3d444bcca23cb324a48f9261,여자,34,30대,그 외 컴퓨터 시스템 및 소프트웨어 전문가,경기-용인시 수지구,True,17-21
59ffe7c31ab64750bbb9740a8e290ca3,여자,33,30대,그 외 건설·전기 및 생산 관련 관리자,인천-미추홀구,True,17-21
057c51210233466aa6fb2a70c14239c8,남자,67,60대+,하역 및 적재 관련 단순 종사원,경상북-경주시,False,
1ccad990ee234f57b6aac4f8bb3c6530,여자,73,60대+,무직,서울-양천구,False,
34fc7858348c4ce7913a5ef736788323,여자,40,40대,무직,경기-광명시,False,
826f604d615344d5be33890ecb15e2f7,여자,43,40대,사회복지사,대구-남구,False,
2f27a2b5a4b24c6c960552aaaf7f7c95,남자,34,30대,지게차 운전원,인천-남동구,False,
3b8bff27e65e44aeb2979edf4161a238,남자,31,30대,공공행정 사무원,서울-강동구,False,
5b12bdb99e3f470d861d4fb528a85584,여자,43,40대,광고 전문가,대전-유성구,False,
69291369979d4fabaef4a5ad3cc43da4,여자,51,50대,텔레마케터,경기-고양시 일산동구,False,
9a9979b94df44620acd070652fde8b9e,남자,52,50대,전기 감리 기술자 및 연구원,제주-제주시,False,
2e5486b2854c431f9f6b2ad46b5b7345,남자,74,60대+,무직,경상남-김해시,False,
a0ddf790b03a4c6caf36d6f98fef6ba7,여자,92,60대+,무직,전라남-여수시,False,
79208326d2314b5aa21be6496229b1f5,여자,73,60대+,무직,서울-송파구,False,
5d9d1e3b54844fd29ebcb018fe0a5c52,여자,24,20대,세탁원 및 다림질원,광주-북구,False,
add8811a0b6d4921bc8ba88f225de2c8,남자,34,30대,그 외 일반 영업원,광주-북구,False,
2bb5f5946e6a45ffabe14eb125743fe4,여자,94,60대+,무직,경상남-김해시,False,
e9d9dbe8bcf14a72bb941e0159c9d4b3,여자,50,50대,무직,부산-북구,False,
64f1304cafb64d81be5e884bdbf50b23,여자,79,60대+,무직,전북-김제시,False,
2d4d0b2b775f4d4fa5347391e732958e,여자,22,20대,그 외 일반 영업원,서울-노원구,False,
4bb81853d694433286b8ed932ba0d517,남자,50,50대,시설 경비원,서울-관악구,False,
8f8acb9eba064f71a5b6f3b31bd8cd6e,여자,44,40대,무직,경상남-창원시 의창구,False,
61f2250ea72b4acba006b582a84fe6db,여자,45,40대,유치원 원장,서울-송파구,False,
51030fadfa9d4500b57eeb8ccc2b5e94,남자,61,60대+,무직,전라남-여수시,False,
1b7f735171034743acaac0c6f77af058,여자,19,10대,무직,경기-성남시 분당구,False,
d99997f62fac4fc18807fb383e44cac4,남자,57,50대,생산관리 사무원,경상남-김해시,False,
7e7a42a2d5784bea85a64dbfbfcff2f1,여자,56,50대,공작기계 설치 및 정비원,울산-울주군,False,
98671d7c48db408696f0a0af92afa907,남자,59,50대,산업 안전원,서울-송파구,False,
a06e37c392b445d9bd02830782f461a5,남자,70,60대+,그 외 서비스 관련 단순 종사원,서울-관악구,False,
881edfb29af74122bda377535a9b477b,남자,56,50대,범용 소프트웨어 프로그래머,서울-강서구,False,
dc00c9dacb134509962e85cde74f61e3,여자,80,60대+,건물 청소원,경상북-영덕군,False,
2d0e8930ada543d6acf21ab268d348b4,남자,44,40대,특허 사무원,충청북-청주시 서원구,False,
3d2f86a32e8144dfb8e9c3ab44dbfd41,여자,68,60대+,그 외 조리사,인천-중구,True,11-14
839dc2b875b946d096ef3585e78ddf63,남자,23,20대,산업기계공학 기술자 및 연구원,경상북-경산시,False,
540eefeb7dd3446ca3962d29881da1a1,여자,26,20대,무직,서울-관악구,True,17-21
ec106320f4a7424d99a634465aa4ba8e,남자,30,30대,해군 병사,경상북-예천군,False,
107b6323558747c1ad8e5a41cae40ec8,여자,61,60대+,판금원,경상남-창원시 마산합포구,False,
1935ffed750047cab8c2ce9823806e31,여자,62,60대+,가사 도우미,경상남-창원시 성산구,False,
eb460f07862f4cc4960039da55064f5d,남자,69,60대+,무직,충청남-계룡시,False,
b276b8ecd2ae4419b50fd7e744e3abe6,여자,69,60대+,무직,경기-광명시,False,
d598d257289e4d899a24351702c058ce,여자,68,60대+,무직,서울-강동구,False,
62c8a797130640879327dd92e78d7c88,여자,55,50대,무직,서울-동대문구,True,11-14
c487120a2144466baf14d18579cfec77,남자,25,20대,정보 시스템 운영자,울산-남구,False,
a05e99e91db741318ebe91964400f6e0,남자,68,60대+,무직,경기-남양주시,False,
c1189f226ccc4f459acc25ab29532056,남자,41,40대,그 외 전기공학 기술자 및 연구원,서울-강서구,True,17-21
f715e9b39df64ea78a24ccfddea2e197,여자,62,60대+,방역원,서울-노원구,False,
036026ebcffc43a2bef0c411d6bb34bc,여자,49,40대,데이터 관리 및 운영자,인천-남동구,False,
228c6b99866e451abb6866ee88bf6604,남자,40,40대,통계 사무원,경기-용인시 기흥구,False,
b4bba3914e9e4fdabd498ff05a38ade0,여자,56,50대,한식 조리사,인천-동구,True,11-14
631fa1ae4b1245238c6e71a933e75fda,남자,69,60대+,무직,강원-화천군,False,
c68558636228434cbb6177c6a6cd93fe,여자,40,40대,그 외 돌봄 및 보건 서비스 종사원,경상남-진주시,False,
ed6677b043f645c6908deea409cd5180,여자,61,60대+,무직,서울-양천구,False,
3eb63031bac94f2baf0f47396da0661a,남자,62,60대+,육군 장교,전라남-고흥군,False,
11e84ae71b16458cb464ff097845f2b7,남자,73,60대+,무직,전북-완주군,False,
b0894df53c094bbfbc352bbc361b4cb3,여자,69,60대+,무직,서울-서대문구,False,
feffe2f268d04f669ad1ec8e9c9930d6,여자,80,60대+,건물 청소원,경기-의왕시,False,
20e2359ca27541a2b1f6ff69a4cef220,남자,61,60대+,무직,서울-영등포구,False,
ecb73dc4826b42f18f6fcce41140f8e6,여자,32,30대,무직,경기-파주시,False,
6d5ef339d5c04beeb917414c33f148cb,여자,37,30대,노점 및 이동 판매원,인천-서구,True,11-14
186cbd06aa114824a8cd3c195643d1fa,여자,58,50대,하수 처리 장치 조작원,부산-수영구,False,
31eba508e501409091da485fa64c0377,남자,36,30대,관세행정 사무원,서울-강북구,True,17-21
ba338b32d7b4497bb464d3286b9389b9,남자,48,40대,회계 사무원,경기-고양시 일산서구,True,17-21
57f6e378205f4eb3806cc32fb0a687b5,여자,71,60대+,무직,대구-수성구,False,
c7bd63321a38452eb035c315f2e464ae,남자,29,20대,경리 사무원,경기-남양주시,True,17-21
ed25b16421d24d95a5a4acb454ede9ec,남자,57,50대,회계 사무원,서울-광진구,True,17-21
a89366f7a7e145599e614d9209573626,여자,69,60대+,무직,경기-화성시,False,
d070c3c5f51a482b82389aabf8ee80a2,남자,39,30대,자동차공학 기술자 및 연구원,인천-부평구,True,17-21
b309b46822ec4ca292feeb75046341f8,여자,47,40대,음식료품 판매원,경기-의정부시,True,14-17
c3996705b639447591d4a5e6774cc6fe,남자,76,60대+,무직,강원-정선군,False,
6218fce9c17e4082973648831c1ffdf5,여자,58,50대,경리 사무원,서울-강동구,True,17-21
c3e2f6c343b046b585305a49f543c881,남자,50,50대,하역 및 적재 관련 단순 종사원,경기-시흥시,True,14-17
9e20344c50264a888a028ba28801ffaf,남자,20,20대,무직,서울-중구,False,
bdc10afbdad94bf7aaaa4c20023b5302,여자,63,60대+,일반 비서,강원-춘천시,False,
3bae5702d2b74be3982f189e0a3048aa,여자,62,60대+,무직,충청남-천안시 동남구,False,
4ee5b78e4b614946af2c61c20fe912d8,여자,34,30대,상담 전문가,경기-수원시 팔달구,True,17-21
b2af39cf26eb49dab8e8dda152f19c58,남자,43,40대,금속제품 도장기 조작원,경상남-김해시,False,
8e5e5b4704bf4c548201513d4b007967,여자,34,30대,판매 사무원,서울-은평구,True,17-21
cb7850a6ee70437a825d91773d1cd274,여자,42,40대,무직,경기-양주시,False,
f1739f6409344097b2e887062b326f63,남자,72,60대+,그 외 상점 판매원,부산-연제구,False,
9f846d37b16b409d8932926b4ae30934,여자,39,30대,텔레마케터,서울-양천구,True,17-21
b428c6c96f314375b9c6578e98bdabf1,여자,57,50대,무직,대전-중구,False,
f7b9a9b1f1fa4daa9b6208d511d27f29,여자,42,40대,전문 간호사,대구-수성구,False,
f907c44eb2e44ade84cb9e0f8758820e,남자,19,10대,무직,서울-동대문구,True,17-21
ca28b442236541608fa567a1fa1baaf4,남자,25,20대,자재 관리 사무원,경기-남양주시,True,14-17
082b0e41d4564118a95ffd37a0179d2b,여자,41,40대,관리 비서,경기-광명시,False,
40fbd98a0bd94c07bf0900e78b900127,남자,55,50대,주차 안내원,경기-시흥시,False,
8d475bfb30494741b63a08ce986f881b,남자,50,50대,건물 도장공,경기-광주시,False,
6599c98071ca4909901861764d231576,여자,56,50대,품질 인증 심사 전문가,경기-광명시,False,
086f5c59897f4be69621e8497f8cd4b9,남자,34,30대,농업용 기계장비 기술 영업원,강원-평창군,False,
ecd088b6b55940f8ac40ba3f981f734e,여자,53,50대,그 외 제조 관련 단순 종사원,강원-원주시,False,
afecc58f38f74c44852874a8eb4f0ac6,여자,53,50대,건설 단순 종사원,대구-서구,False,
d75e0f8a3d494dd8a951c2cac5c99e49,여자,53,50대,음료 서비스 종사원,대전-중구,False,
9ce7d412cd454f85a6be761ecce91ae9,남자,21,20대,수질 환경 시험원,부산-북구,False,
b39d1e9288514f9cb9f3cf1e5aecf0ad,여자,19,10대,무직,경상북-포항시 북구,False,
9008b31f8c5d4d8eabc3c15512cb149b,여자,32,30대,판매 관련 관리자,부산-기장군,True,17-21
629452dbf6c84711ae925ec4aed57b2a,남자,48,40대,전화 상담원,광주-남구,False,
82216cc831a446e690182b78cff80417,여자,52,50대,무직,경상북-칠곡군,False,
6007c11d43b94e8e8e89d5e50dbfaf01,남자,77,60대+,건물 경비원,서울-구로구,False,
467e41909f444f099736b07df4794967,여자,21,20대,병무행정 사무원,서울-동작구,True,17-21
3899560d13d6496ba88828a8af17bc21,여자,86,60대+,무직,대구-중구,False,
d21784dda8c14f6191cccaf7e8736e39,여자,45,40대,무직,경기-부천시 원미구,False,
328fc1e6d94b40c0b16345b057d75b0c,여자,53,50대,건물 청소원,경상남-김해시,False,
e29f784171ba463f88843bf477f4ae04,남자,49,40대,위험 관리원,부산-사하구,False,
c6437e6ac57b4feebb21a21590f12cb6,여자,66,60대+,그 외 직물·신발 관련 기계 조작원 및 조립원,경상남-창원시 의창구,False,
8e1e31bc59a54175ae0a368871581c23,남자,51,50대,교통안전 연구원,경기-고양시 일산서구,False,
33a760efb07b472286be8a933d27bc66,여자,51,50대,농약·비료 기술자 및 연구원,경상남-진주시,False,
eb7788a8dd924e17bd030109612d5316,여자,39,30대,가정용 전기 및 전자제품 조립원,충청남-아산시,False,
cd87e0ebd37d4d5487c09570ea5db85a,남자,68,60대+,그 외 수제 식품 제조 종사원,충청북-제천시,False,
2fef10da0cfb43589264ce3a68a73142,남자,67,60대+,노점 및 이동 판매원,전북-완주군,False,
1e9c76663d6d471c9c5900ffa87c5089,여자,44,40대,무직,대구-동구,False,
65e57221b2864a689907e076c1fe9d65,남자,54,50대,그 외 도시 및 교통 관련 전문가,대구-북구,True,17-21
873071131d3c487b9a4ef427305d5ada,여자,54,50대,식품 영업원,서울-마포구,True,11-14
5d4e61dfc959451ea09d4b4b2dde9805,남자,49,40대,무직,서울-종로구,False,
22b85c6005684f91beb9ee12fbba90b8,여자,37,30대,무직,대구-서구,False,
18ddc4f754784111a8e43fb7bb1669ad,남자,56,50대,간호조무사,인천-강화군,False,
a9a103849a824a8ebac2904813053d99,남자,73,60대+,무직,대구-수성구,False,
07118f873da84c50b31feff668148769,남자,45,40대,하역 및 적재 관련 단순 종사원,경기-부천시 원미구,False,
df4e19d4250e47a39a3cdbbbfbeac0e5,여자,30,30대,무직,전북-순창군,False,
8b9429e21ecf4cb5b2040796fd9ab4ef,여자,24,20대,간호조무사,경기-수원시 영통구,False,
9a70adc502a34b38ac8e462ea2b3e249,여자,65,60대+,무직,경기-안산시 상록구,False,
ffcd1b01541c475fbb6c678f2df723aa,남자,24,20대,무직,경상남-창원시 의창구,False,
e85a26908f724fdfb185568f9ce6d3b5,남자,31,30대,그 외 일반 영업원,대구-수성구,False,
2fe6adae7a8b418cb41fe335a232ddce,남자,44,40대,철도교통 관제사,경기-시흥시,False,
70b22956ed194e4ca48b3555a7b48e2c,여자,59,50대,보험 중개인,울산-중구,False,
b751cc7c0ed94eebba8acaa83d2b7f8c,여자,30,30대,무직,경상남-밀양시,False,
5d9975885daf4fff97ab162ab5262b45,남자,36,30대,위험 관리원,강원-삼척시,False,
a660d80fd9ac4d9fb536ffc8d3c2c6d4,남자,20,20대,공조기설비 조작원,부산-북구,False,
73e74acf46674fea9be64170da8c5daa,남자,29,20대,학습지 방문강사,제주-제주시,False,
fbb49116f6c94a379974d561044a924f,여자,33,30대,"전직 법무 사무원, 현재 구직중",서울-강동구,False,
bddc90a5d22e4f98be2aa5991df89a05,남자,24,20대,사무 보조원,인천-연수구,False,
497ea7047a8942c78d694d188c7e88db,여자,56,50대,무직,경상북-상주시,False,
264d2979a79d441e9635bdc36a4d7a77,여자,49,40대,전화 상담원,경기-파주시,False,
f7d6dad9b6f6445b9fd164f4b3355ce2,남자,33,30대,기업 고위 임원,서울-광진구,True,17-21
abfb7f2fbb924f6c8db94768d192c4e5,여자,33,30대,무직,경기-이천시,False,
372d8a02f8094d2e9c094761830be3d7,여자,72,60대+,무직,충청북-충주시,False,
f77b936ab88f4e35a92d7d3e33093d93,여자,72,60대+,무직,전북-고창군,False,
d1c0b4ccc9ed4fa9afd9f5070cacc382,여자,69,60대+,온라인 쇼핑 판매원,서울-마포구,True,11-14
9bf519fc692b409fb75472808749f2bd,남자,28,20대,무직,서울-은평구,False,
394b94c1eedd477d8f94e9be4d13517e,여자,29,20대,무직,서울-마포구,False,
595020937bf040329fa5861f06be44aa,여자,77,60대+,무직,서울-중랑구,False,
6fca43e4f98b4195ab4e72bd538dae94,남자,61,60대+,무직,서울-서대문구,False,
d08047c21f544928af9b745d00f6648a,여자,57,50대,내과 전문 의사,대전-서구,False,
e0dfe847c4554579be3f4c2decbdf1e3,남자,33,30대,"전직 단말기 및 통신 서비스 판매원, 현재 구직중",경기-수원시 영통구,True,17-21
f753b45b354e4416a5503ecb27a2ea7d,여자,46,40대,교육 및 훈련 사무원,전라남-영광군,False,
165dca05f1694cf89456309a16549f6a,여자,85,60대+,무직,대전-중구,False,
5a5447e1b2d84459b3fe20600d383f5f,남자,70,60대+,무직,인천-중구,False,
bf2a71df98ba41c28398e40e42dc40b3,남자,60,60대+,무직,경기-수원시 영통구,False,
d2a270cdcd6143e585e8ecfe169528bc,남자,62,60대+,염색기 조작원,부산-기장군,False,
3d6d49e2225c4173bba35e74874bfd0c,남자,33,30대,통신장비 기사,전북-완주군,False,
133bee61a32f48a09bb9f748e1d00aa8,남자,61,60대+,"전직 한식 조리사, 현재 구직중",경기-부천시 원미구,True,17-21
2c2e463689a74dadb9b64c7866d01e3d,남자,21,20대,"전직 예약 및 접수 사무원, 현재 구직중",서울-성북구,True,17-21
604d60cf16f74aafb5b541268eda150e,여자,45,40대,노인 및 장애인 돌봄 서비스 종사원,경상북-구미시,False,
e2161eb5c68c480fa8deb36a871aed23,여자,60,60대+,무직,경기-평택시,False,
7a6b459e4d114253823e3cc3fa7dbcb0,남자,28,20대,그 외 일반 영업원,경상남-창원시 성산구,True,17-21
2a82f7cd26b14de79b6e45d2f17a34ae,여자,52,50대,주방 보조원,경기-부천시 오정구,False,
c4f457074b74422aba84b884a7c42958,남자,59,50대,리프트 조작원,경기-평택시,False,
79ccf0b73efb40f69643821e61c73c1b,남자,46,40대,무직,서울-은평구,False,
151539e639074f23b367ae119f8cbbf7,남자,25,20대,실업 교사,경기-안산시 상록구,False,
8f3cdb0f432b46c8b5668f91e14234f9,남자,75,60대+,건설 단순 종사원,서울-관악구,False,
a221e93c74964e47a0addc07daf69a16,여자,43,40대,구급 요원,서울-성동구,False,
8993d751be6b4284a63166e4214cfd08,남자,30,30대,광고 전문가,경기-화성시,True,17-21
b57373e7d24145ab81b480c35bc24b9f,남자,19,10대,무직,경기-고양시 일산동구,False,
76f0fb5cdcd541f78afc4e719213ca01,남자,20,20대,자재 관리 사무원,경기-용인시 기흥구,False,
8eaca0983d134356bce4bcc941a4f0a0,남자,76,60대+,그 외 환경공학 관련 시험원,부산-금정구,False,
4735959e6ee9429da2b12d3d167ad7e6,남자,30,30대,경영 기획 사무원,서울-동작구,True,17-21
7a259f7f748049e996f3496dd07609db,여자,24,20대,무직,부산-강서구,False,
55c376f69d574d679359276d8e2a11ca,여자,34,30대,그 외 조리사,서울-강남구,True,17-21
b69ac6eb588c48f2bf4b667134505ca5,남자,22,20대,무직,부산-연제구,False,
6f2480814882444b943679813ba890f0,여자,88,60대+,무직,서울-중구,False,
3d749efd5e9248ad8919b331602ee0f4,남자,49,40대,모바일 애플리케이션 프로그래머,경상북-구미시,False,
1cc1c5b6950943a3a20f4310607b656a,여자,49,40대,식품 영업원,서울-강서구,True,17-21
9b7c612fc5804816a7a1c914aac03265,여자,58,50대,음료 서비스 종사원,전라남-나주시,False,
011cb493da1244048ec922862eb19ff8,남자,64,60대+,"전직 그 외 물품 이동 장비 조작원, 현재 구직중",대구-북구,False,
3e3de71ed34848c6b7e6821f69256dd8,여자,40,40대,그 외 자동차 운전원,제주-제주시,False,
f431967cafed44c6915816f79a53dc65,여자,62,60대+,무직,서울-중랑구,False,
677e931472414549acc982d5917b4c87,여자,31,30대,무직,서울-영등포구,False,
13de2f8c4f2a4a7c9cd0f6d803368cc7,여자,38,30대,설탕 제조 관련 기계 조작원,전북-군산시,False,
37c69f73caec4e56a865c27d1983825a,남자,22,20대,중형 화물차 운전원,충청북-청주시 청원구,False,
3814a23f90bf49198a938085af12fecf,여자,72,60대+,수동 포장원,경상남-합천군,False,
ebbe396b1c824dcfb53aa720aa9999c4,여자,27,20대,의상 디자이너,경기-화성시,True,17-21
c22553f4c71845a0ad1c474e51335bc1,여자,80,60대+,무직,경상북-김천시,False,
c14fd66787b74c02bc0e274d9a11074e,여자,67,60대+,무직,인천-중구,False,
650195f553ff40859e97e3d5af9384d7,여자,27,20대,유치원 교사,전라남-화순군,False,
dde1ba4a690c4275b747a5c43413c25f,여자,65,60대+,전화 상담원,경상남-진주시,False,
60ad2da4036940ce89aa7036c38da242,여자,70,60대+,요양 보호사,강원-양양군,False,
4b9bca4c3413491aa3068cc966043eaa,여자,43,40대,지방행정 사무원,경기-안양시 동안구,False,
64bf3096aebe433fafa68a28b48f7a74,여자,23,20대,유치원 교사,경기-고양시 일산동구,False,
653d5fe0e63c4709b9b7e2ab32fb38f4,남자,52,50대,무직,인천-동구,False,
a27ef8a7165d404abb6e56cd5b082a81,여자,30,30대,행사 및 홍보 도우미,서울-관악구,True,17-21
bac62312193240ad99bf1cf166db6053,남자,27,20대,소방설계 기술자 및 연구원,경기-안양시 만안구,False,
ca9a5a79937440b4834c29a280dcdac0,남자,30,30대,전기 부품 제조 기계 조작원,인천-남동구,False,
94e91d8bc51746ff90b4002f237c9810,남자,43,40대,경·소형 화물차 운전원,대구-동구,False,
29f7afcf4b8e4c778b1c3913a3176e99,남자,44,40대,무직,서울-노원구,True,17-21
1dd251e1ab2741c6989ebfeb8ce236cc,남자,44,40대,사무 보조원,경기-의왕시,False,
b6f2d179c2584384a51b3076471a35cd,여자,53,50대,무직,경상북-경주시,False,
44982f6e46d14ce9b95fd83cc526610d,여자,63,60대+,무직,서울-송파구,False,
d1a1960cf3a7472bb0218304d5b93113,여자,23,20대,그 외 돌봄 및 보건 서비스 종사원,광주-북구,False,
3412be6a32834446b7b4538292afe96d,여자,82,60대+,요양 보호사,서울-강서구,False,
e593e6403f0348d982cba14c17b63b9b,여자,71,60대+,그 외 돌봄 및 보건 서비스 종사원,경기-하남시,False,
06d087346ad747dfba166e594803d47c,여자,83,60대+,무직,경상남-함안군,False,
5d0d9831460c4786a43793c96c93f2e6,여자,24,20대,치과위생사,서울-마포구,True,17-21
2c9c39be79874b13b892cda59fee1c69,여자,46,40대,건강식품 가공기 조작원,충청남-부여군,False,
8a48df992e3d4be68b02d40b38dd595a,여자,42,40대,계기 검침원,충청북-청주시 상당구,False,
028fa63ff1bb4373ad087ddb631bdbc4,여자,34,30대,보육교사,전북-전주시 완산구,False,
4981943d4cca406ba79bf9245f75dfe2,여자,74,60대+,무직,전라남-강진군,False,
f1bcb39b55994581b99488f32673ad0a,여자,60,60대+,무직,경기-하남시,False,
8883c5c36170432194fcd8b73c70f4da,남자,78,60대+,총무 및 인사 관리자,경기-이천시,False,
2a36f5b4db6743bcba868ee16d252f0c,남자,43,40대,염색 개발 공학 기술자 및 연구원,서울-성동구,True,11-14
ae99ba18e0844d8ebe8a39ea5a0d0a06,여자,71,60대+,무직,대구-중구,False,
2852734588e4490caed98014cff22516,여자,39,30대,건물 경비원,경상북-상주시,False,
482922a3a22d450e98a49a7668486d07,여자,19,10대,무직,부산-사하구,False,
0d3911e9f6774c88a14975eb62bc1880,남자,32,30대,전통 건물 건축원,경기-안산시 단원구,True,06-11
5c21d74c190141af92dfe4aa4039b726,여자,55,50대,일반 비서,전라남-강진군,False,
b0073ffb63b840588a533672c6ad0c06,여자,51,50대,그 외 일반 영업원,서울-용산구,True,17-21
6795765f5ee241f3802df1dde11244ab,남자,25,20대,네트워크 프로그래머,경기-성남시 분당구,False,
b1ca77956ad2454d913d71d20a3b3865,남자,30,30대,그 외 상점 판매원,광주-북구,True,14-17
fac95cc6e4ac4bbab9d74472b4a983df,여자,32,30대,무직,경기-고양시 덕양구,False,
2422926311cc469abd5a8dde60f87bda,남자,59,50대,시내버스 운전원,경기-양평군,False,
ba126160b9aa4d62acfaaa7747476415,남자,33,30대,그 외 법률 관련 사무원,경기-평택시,False,
dc47dca13014484494f68cad938d3fb7,여자,47,40대,건물 경비원,전북-정읍시,False,
890c5c99a3cb450baceb0ac9a0619639,남자,19,10대,무직,인천-미추홀구,False,
5e0590f301294d26bbf5b9629d3213f0,남자,50,50대,소규모 상점 경영자,경상남-진주시,False,
d613a68b45a2453dbb71ed3106c49176,여자,21,20대,보육교사,대전-동구,False,
3325ab7df590484295156e2b42759260,여자,80,60대+,무직,서울-마포구,False,
22c7fdd7185844d39f44ecb65a89acd6,남자,53,50대,무직,경상북-포항시 남구,False,
e921b2bd7a5e469282faaa28a58a14ef,여자,73,60대+,무직,충청남-아산시,False,
3f38b1a787e94007a83d7d8ccd73ba76,여자,21,20대,무직,경기-군포시,False,
fb229024c3f04fcfaa34d15e56cccc43,남자,44,40대,무직,경상남-창원시 마산합포구,False,
7a2207902d4e447e97108e3ef50f2df4,여자,69,60대+,무직,경상북-포항시 남구,False,
37ca38ab52d0470aa978f8f119617811,남자,52,50대,무직,경기-오산시,False,
6dfabd5980254d579ed17482e94e44e4,여자,76,60대+,무직,인천-부평구,False,
80dd06b1be744c5c8410b7d823a5576e,여자,33,30대,공공행정 전문가,경상북-포항시 북구,False,
0cdaf9c6421d4b84afe80c6a4199f019,여자,53,50대,경리 사무원,광주-서구,False,
e208a957851a41099bab3ce052a06708,남자,56,50대,만화가,충청남-아산시,False,
1dd17fadedc0434f88153414348621a1,남자,39,30대,일반 비서,서울-강서구,False,
c83cb270605d4307b40250faf8e97b85,남자,63,60대+,"전직 기지국 설치 및 수리원, 현재 구직중",인천-중구,True,17-21
4ffb35db8b7c4b2cb790ce99543466a4,남자,75,60대+,승용차 및 승합차 운전원,전북-전주시 덕진구,False,
c09405a33aca46c4bae5a9238eacf7bf,여자,90,60대+,무직,경기-안산시 단원구,False,
4cb173fd14cb423d8f06c5a15c10e827,여자,28,20대,그 외 조리사,경상북-울진군,False,
59a3282d978e42d0bef2485e4c65893b,남자,52,50대,무직,강원-춘천시,False,
c32147e189044c76b79e12deb2b2963a,남자,78,60대+,무직,부산-사하구,False,
d94bf49c8db749208cf9442ca8822d48,여자,27,20대,건물 경비원,경상북-경산시,False,
a6a34f39116c46b88ab6c9f04c5d8f17,남자,34,30대,그 외 금속·재료 공학 기술자 및 연구원,광주-북구,False,
60d41b4caa084c8e9eed0465becbca37,여자,43,40대,무직,경상남-거제시,False,
08b843d55a57487a9ae65b00d337067b,남자,43,40대,무직,충청남-금산군,False,
05345ece62834756b28cc5cb2ee02e70,여자,77,60대+,무직,전북-남원시,False,
256bcd9c24884871bf9b60290bd41b6f,여자,25,20대,무직,경기-용인시 처인구,False,
2d4a417e5d05439180356e265cde231e,여자,40,40대,무직,제주-제주시,False,
3ec59c0291e34eb49f95b970dfaa623a,남자,47,40대,인조석 설치원,부산-중구,True,21-24
067fb2c6e9a647cda6a7a7d95d1a5178,남자,36,30대,경영 컨설턴트,인천-서구,False,
17061f8e92614149aaf0474d4dbd5b88,남자,36,30대,무역 사무원,충청북-청주시 상당구,False,
4999c29d5203442b9a91c6bd78f613e7,여자,53,50대,그 외 산업 안전 및 위험 관리원,전북-전주시 완산구,False,
24ecd1eea12e40b3bbefc7998ce1c3f0,남자,52,50대,통계 사무원,대구-중구,False,
a27624776e2a4db99d12c600bc2653b9,여자,71,60대+,언어재활사,경기-부천시 원미구,False,
e28984b23a71406a900df97f2a59929c,여자,55,50대,주방 보조원,경기-부천시 원미구,False,
f4ebd80352214fbd92ea298dde32a49a,남자,71,60대+,무직,인천-연수구,False,
7d43be9d1b6b4dfdb0861d244791247f,남자,19,10대,무직,세종-세종시,True,14-17
fa1d56f132b54501b822de7710c3b6ee,여자,57,50대,입학 사정관,전라남-여수시,False,
2c975fff17bc4f1d90add894fba94d7c,여자,69,60대+,무직,서울-도봉구,False,
e53a4e1d72804223b6ffb9f3f1534eb4,남자,89,60대+,무직,경기-평택시,False,
a20cf2cab3bd42fdb2efa2a2ef25ce61,남자,27,20대,무직,경상남-창녕군,False,
b17d9ef8042e40678d328affa154c9c4,남자,46,40대,건물 경비원,강원-횡성군,False,
49129c74f22d40ed80b5d4a8357f007b,남자,29,20대,가스 용접원,경기-하남시,True,11-14
5b1040fcb3c3401bb62a34a958798153,여자,52,50대,치과 전문 의사,경기-광명시,True,17-21
f01fe62cce1643039841f10941046982,남자,22,20대,관리 비서,경기-성남시 분당구,True,17-21
7d687393884e4622904d3f581af81fcd,여자,34,30대,일반 비서,서울-강서구,True,17-21
dab528361fcf49d8bf52fc075ccaa26f,여자,34,30대,"전직 통계 사무원, 현재 구직중",경기-부천시 소사구,True,11-14
5f7593f368614fd58686cf02f4a4db7c,여자,50,50대,그 외 일반 영업원,서울-도봉구,True,17-21
bca426c489a24fdf849bb19c8ca62313,여자,61,60대+,호이스트 운전원,경상남-김해시,True,00-06
79011fd9760d4d1d9d9e1b24e663d637,여자,61,60대+,무직,경상북-경산시,False,
e2d2b2d091c3442f89217ca35afcd33e,남자,79,60대+,가스 점검원,경상북-봉화군,True,00-06
a0bbad120e57431191e7ab724dd84292,여자,36,30대,전화 상담원,경기-광주시,True,17-21
8018ba6f84c4424c8ae0107e5566a766,여자,48,40대,경영 컨설턴트,경기-안양시 동안구,True,17-21
991349d2b15e4ea290aaba525b870449,남자,34,30대,호송 경비원,서울-동대문구,True,00-06
6b5e9ca47f384caebfcbf54e2704e760,여자,20,20대,사무 보조원,서울-강남구,True,17-21
10c7032582e443d087cd2275720f62d1,남자,71,60대+,무직,서울-노원구,False,
1fb346ee68b74601ba0b4f1f040998fa,남자,80,60대+,무직,경기-안산시 상록구,False,
7fd86607cb94470fa64f00ad3164ef3f,남자,53,50대,택배원,서울-은평구,True,00-06
549c5d8051c742138eb30884e1240864,남자,46,40대,토목 제도사,부산-강서구,False,
1d3c4ff5181e4b67afe5d58430bd25d9,남자,59,50대,경영 기획 사무원,울산-울주군,False,
5c1ac13d3e934a79a06d42462dd90b6c,남자,52,50대,로봇공학 기술자 및 연구원,경기-수원시 영통구,False,
cad4d0b3efdd4f66b1998a70e59d6579,여자,26,20대,관리 비서,대구-달성군,False,
fe828318528c411fbb782e4aae1724df,남자,40,40대,"전직 사무용 전자기기 설치 및 수리원, 현재 구직중",경기-수원시 영통구,False,
29849b87a8f34167bd80d584bae94eb6,여자,42,40대,마케팅 전문가,서울-서초구,True,17-21
ca34852c2fb24cab98987269c998fd47,여자,45,40대,시스템 소프트웨어 프로그래머,서울-서초구,True,17-21
de76df6c64914083ab62853b16490098,남자,25,20대,무직,충청남-당진시,False,
1a1970702f494a8db9e372a7c4fbc8be,남자,22,20대,매장 정리원,대전-서구,False,
1147a697142e4cc89ea592d7f0e0570c,여자,52,50대,무직,경기-시흥시,False,
141286101b5e422dbc96743ca8d55591,남자,40,40대,일반 비서,서울-성동구,False,
4ab0d366891b4178867e8bb282c6d07d,여자,41,40대,무직,대구-달서구,False,
7a0320348b2c4f06b90911c9561e077f,여자,25,20대,교육 및 훈련 사무원,경기-화성시,False,
b9085d43db8d4466b5938badf50881b0,여자,57,50대,건물 청소원,경기-안산시 상록구,False,
8fccfe6a80f34851bef657cea8b3ca31,여자,80,60대+,무직,강원-속초시,False,
e8148ea6725e49b98dd36a0f9aaa3912,남자,76,60대+,무직,인천-계양구,False,
4a59afa8a63b4af58b225c57d4016525,여자,69,60대+,무직,경기-안산시 상록구,False,
1ec18bd72ce048b09e5c56256ef51449,남자,44,40대,식품공학 기술자 및 연구원,전북-김제시,False,
ec577a75f2fb49f19d583c11482ffbc8,남자,78,60대+,무직,경기-파주시,False,
b37ce635b1fa4a5c824eddbbda58604d,여자,39,30대,일반 비서,경기-안산시 상록구,False,
13bca2839ea94c579d5ebb7670d9c3ea,여자,57,50대,주류 서비스 종사원,서울-강동구,True,00-06
8e91342d02da434d8dc050ed91e0b876,여자,71,60대+,검표원,부산-부산진구,False,
89b7d8c0eca64ce6b11bc6740935f22f,여자,57,50대,경리 사무원,경기-용인시 수지구,False,
8edb051e40234b6fb36b4a63da945fe6,여자,57,50대,사무 보조원,대구-동구,False,
5b70e49381a9415c8c3073c5506ce043,여자,66,60대+,무직,경기-고양시 덕양구,False,
360fd4be9c704a28b2224a2a7ac36027,남자,72,60대+,무직,서울-서대문구,False,
7c128cb5538b4e63935c2745b22da386,여자,39,30대,관리 비서,서울-서대문구,False,
89be2af4536340a9ad50d6e36f81c229,여자,87,60대+,무직,경기-여주시,False,
336e8be769fc4451945ee19861785c60,남자,33,30대,경영 기획 사무원,강원-원주시,False,
5600be2bc4a24a15b320c5bf0e897780,남자,61,60대+,무직,충청북-음성군,False,
69b1a115425a40dba6b8fa9d0fcd2df6,남자,74,60대+,보험 설계사,전북-익산시,False,
ff1703a614444ace8fb99911d1f4620b,여자,53,50대,무직,경기-광명시,False,
76a7cf59f887416b9aa7924754f2b035,남자,70,60대+,무직,부산-북구,False,
cd3407e54e044b10836508967ea844a2,여자,63,60대+,간호조무사,경상남-김해시,False,
3b6b4a9245254cf795d22af5d3cb7ac6,여자,38,30대,사무 보조원,대구-서구,False,
5556b525b74546e4b4bb79317ecce800,남자,49,40대,시설 경비원,대구-수성구,False,
f4127848f1bf45bca4fcee4ee038da8e,여자,57,50대,소규모 상점 경영자,경기-광주시,False,
7e016d19a6ca48ebb55346904ebfcff3,여자,23,20대,산업 안전원,경상남-창원시 성산구,False,
1eab220a20a74da4bfa99c494a59429e,여자,29,20대,보육 관련 시설 서비스 종사원,경기-화성시,False,
548e01fec2e842dabc954baa364d08ec,남자,24,20대,금형공학 기술자 및 연구원,경상북-구미시,False,
61731618cf264cf9aab39a59ae331838,여자,41,40대,관세행정 사무원,서울-동작구,True,17-21
7d56161e3ba8493e8f12c8d4d27889ba,여자,84,60대+,무직,대전-동구,False,
c2204c304f68445eb423915830e25c12,남자,29,20대,영업 관리 사무원,서울-동대문구,True,11-14
3f4313cbdf214e6786487a29abe30b22,여자,48,40대,전화 상담원,경상남-진주시,False,
f2d062aa3c5f4807941f68e5b4e53ab6,남자,73,60대+,무직,경상북-영천시,False,
991b20fb661d4c9abc79e1454eebb50c,남자,74,60대+,건물 경비원,경기-성남시 수정구,False,
7bb3303bc6314e31b9674f6742ab4a9a,여자,40,40대,시스템 소프트웨어 설계 및 분석가,인천-연수구,False,
d292f481b90b40f7a43f1241e5d7e2c5,남자,46,40대,가스 점검원,인천-서구,False,
f989f23fa65f49649672dd74ec679ad9,남자,28,20대,무직,서울-송파구,False,
0b0881ec123642708fc68df55440bb1c,남자,72,60대+,무직,대구-달서구,False,
51a4cbd41371431b9bd306055b8eb796,여자,24,20대,무직,대구-중구,False,
1d6d5787bf7443f5912c7a95957985f6,여자,58,50대,금형원,경상남-김해시,False,
e06d0e69f31b4eae8d77fbd391ff79e5,남자,38,30대,무직,부산-해운대구,False,
a302ff39d79d41c1825a6bb6fd6e6318,남자,40,40대,판금원,경상남-창원시 마산회원구,False,
e2e0e4ab851c4d668025422272e9e8a3,남자,45,40대,그 외 법률 관련 사무원,경상남-김해시,False,
7039f81b2952412499577521403e0b2b,여자,78,60대+,전화 상담원,경기-광주시,False,
c8afa8eadc744baf9b6974a421fd99a0,남자,50,50대,상품 기획자,인천-연수구,False,
1ea6299e332740ec88657752d555808b,남자,55,50대,전기 감리 기술자 및 연구원,경상북-칠곡군,False,
44e5001aa22a4b7eab56b2ae6cc2bfc9,남자,68,60대+,무직,경기-고양시 일산동구,False,
a638acfbcfaa49a6a96ac6a53b417016,여자,72,60대+,수동 포장원,전라남-함평군,False,
ccdcfea72693402f93eee4397fa019f0,여자,23,20대,일반 비서,부산-해운대구,True,17-21
a658ea8663624a169ab679bbe35b9d7c,남자,37,30대,장례 지도사,경기-남양주시,False,
bd75589eb450474682009f85dadbb089,여자,71,60대+,무직,인천-계양구,False,
503a1e4a213746d4b8ddf5d6e636e85c,여자,41,40대,자동 조립라인 조작원,경상남-함안군,False,
c6610ab38f014fb88e8415ac374f0143,남자,76,60대+,무직,서울-성북구,False,
5dbbc52f5901417c99f4acfba74391bb,남자,46,40대,경영 기획 사무원,경기-수원시 권선구,False,
9da4760201204223914e69b1c3d361f6,남자,71,60대+,무직,경기-안산시 단원구,False,
86458f17265c4ddb9991cb0ee2ca1c7b,여자,71,60대+,사무 보조원,경기-김포시,False,
47a96f388dd54b6aafc2ea6724ff0d19,남자,58,50대,머시닝센터 조작원,대구-달서구,False,
5c498d5a2ca24d47bc187c3ec198ced7,남자,75,60대+,그 외 법률 관련 사무원,부산-북구,False,
b78690c4b1834698ab81f1b190530f74,남자,42,40대,"전직 가구 도장기 조작원, 현재 구직중",경기-안산시 상록구,False,
b62e906172d34bf7912958ff3ae8e13b,남자,38,30대,품질 관리 사무원,서울-강서구,False,
72c30c695f504759b233c7c04dacea76,남자,87,60대+,무직,충청남-천안시 동남구,False,
a41b5168b282405db1fc746dd97a45f2,남자,34,30대,무역 사무원,경기-고양시 덕양구,False,
c0feffedef3c455b845cc95b333f06db,남자,65,60대+,무직,서울-양천구,False,
3c8ccc5a7eaf49e78d9049ab73f2b0d4,남자,58,50대,건물 경비원,경상남-진주시,False,
60647af83ccd4bbe831bc123dd1381fa,여자,54,50대,건물 경비원,서울-성동구,False,
9077c852ca584ef48f5824f04b14ce88,남자,88,60대+,무직,서울-송파구,False,
cd89f89d125644bda6ec0f8afcd70e1e,여자,83,60대+,시설 경비원,경기-안성시,False,
78dcc481d9b04fe2a9dc3ed04ddec370,여자,89,60대+,무직,서울-도봉구,False,
945cb6f8aa174679bcd4c63cf8b3b45c,남자,50,50대,산업 안전원,경상북-포항시 북구,False,
c749658f9dd64fb3ad91f0ac769a2e85,남자,23,20대,은행 사무원,서울-성동구,True,17-21
c368f1d0f603401fb13f8cda36f18c3c,여자,50,50대,김치 제조 종사원,경기-수원시 팔달구,False,
37b361f19d4d40a6a5936ead82f119cf,남자,46,40대,무직,인천-부평구,False,
4a260a03fc484205924c43ef9f9de2bb,여자,61,60대+,무직,서울-동작구,False,
b1f41859159e4d47b3bea9f43d2e0a18,여자,45,40대,전문 간호사,경기-부천시 소사구,False,
2f394e59d9544330a19a57b4b1d68e53,여자,58,50대,간호조무사,서울-양천구,False,
77744b56a4c8416aa1c67f6232cca22c,남자,31,30대,철도운송 사무원,서울-금천구,False,
88feba00714148c0b30c1fce16822c66,여자,46,40대,일반 비서,대구-수성구,False,
a081e5524a824959b59cd1f6d10f7392,남자,44,40대,음식 서비스 종사원,경기-오산시,False,
32b77e6b2ac74e828056f0ad3489e1a6,여자,34,30대,무직,대전-유성구,False,
71c06cd5d9d34371b760907df7463682,남자,66,60대+,건설 단순 종사원,경기-시흥시,False,
a5e1eb69c22348d8a90a88b864e0220f,여자,66,60대+,주입·포장 및 봉함기 조작원,서울-종로구,True,06-11
ba461d8575584d3eb2caa17e12b4e292,남자,68,60대+,무직,서울-서초구,False,
2045e52200ab48c7af220b54ab8ae545,여자,89,60대+,무직,경기-성남시 분당구,False,
40f00233f4c848a9b3e3972b6e35cc8f,여자,26,20대,무직,충청북-괴산군,False,
ee6e06794dcb4542bc5370b264335bb1,남자,29,20대,그 외 기능 관련 종사원,경기-남양주시,False,
c4546fe75ddf4091bf741c76d7162949,여자,35,30대,냉난방기 관련 설비 조작원,부산-해운대구,False,
9ae99e1c93834365b8f84a947f6d3319,여자,47,40대,관리 비서,제주-제주시,False,
a5b04f6a562d49958dc21a1517c2ae75,남자,47,40대,무직,경상북-영천시,False,
a83469ee6bfa45debd034f689989c707,여자,57,50대,그 외 철도 및 전동차 기관사,경상북-포항시 남구,False,
091956d33888416daaa7caa8de1dd7ab,남자,35,30대,육군 장교,경상남-창원시 마산회원구,False,
754196085d5046958a30bab293f3b1ce,남자,23,20대,무직,경기-부천시 소사구,True,17-21
209fdc4e6b8e498883b6f366b5809d85,여자,33,30대,무직,서울-구로구,True,14-17
48464608bd12407bb3868b5aa57a84b1,여자,35,30대,무직,서울-구로구,True,14-17
69a3fdfd8f0d48c0b5a167453fbeb2a3,남자,65,60대+,무직,경기-동두천시,False,
fa863c35b0bc4ebe989a0036b13b980f,여자,78,60대+,무직,부산-사하구,False,
a3547cb2d0344d94bfe8317520aa44c3,여자,52,50대,출판 및 자료편집 사무원,경상북-포항시 남구,True,11-14
2e56fd0928b5480d959d9fa0743096d7,여자,34,30대,마케팅 전문가,광주-동구,True,17-21
cc825ae5faf3479fad6ada264c7db4ca,남자,68,60대+,무직,부산-수영구,False,
67118213b7b34703ae5eb87969e37509,남자,38,30대,회계사,대전-대덕구,False,
4cd536fc6b14404ba4ef0499d4929d19,여자,29,20대,마케팅 전문가,서울-성북구,True,17-21
50b5649f141344b19ffe6ab19c1ebf27,남자,66,60대+,건설 단순 종사원,서울-강동구,False,
e68f247b5d81432b897636d13a5f08db,여자,59,50대,입학 사정관,경기-고양시 덕양구,False,
70af4788d59f4165a75454ff7270a332,남자,23,20대,통계 사무원,서울-서대문구,True,17-21
25097b4cfda643f08d5f8f744bd0c3d4,여자,61,60대+,무직,경기-의정부시,False,
76b0daac7788425cbfc28c1aa911261c,여자,61,60대+,금속기계 부품 조립원,경기-이천시,False,
38d6785fc3a3416e952ae7342081b1ab,여자,58,50대,무직,경상남-김해시,False,
e1c79be5ee0841b6ad12e1ea84ea83fd,여자,54,50대,무직,경기-평택시,False,
b7987a46f10e4478ad3e5d443bc58b85,남자,29,20대,무직,경기-평택시,True,14-17
42a53c9c45674f05aba307e3df399444,남자,28,20대,기업 고위 임원,서울-노원구,True,17-21
c07111b909124a008773d1f7d4b8327c,남자,24,20대,"전직 금형원, 현재 구직중",울산-북구,False,
90e61817080e41ddb2239ece7daef8d7,남자,60,60대+,무직,부산-해운대구,False,
c2d18e4165f3452695ca466a862aeb5b,여자,56,50대,전화 상담원,충청남-보령시,False,
35897183697e4e03b67db614a509b038,남자,52,50대,그 외 기능 관련 종사원,서울-은평구,True,14-17
df75b34194d542e78c1bf85330058b27,여자,74,60대+,무직,제주-제주시,False,
18d18bc3a9b9439186f7791d63e16e37,남자,45,40대,사무 보조원,서울-강남구,True,17-21
5a4dfd8ca0a04e3bbc2512f8ba7bfb40,여자,64,60대+,무직,충청북-충주시,False,
35dd613de560477ca5faee096defc994,여자,43,40대,그 외 식문화 관련 전문가,경기-남양주시,False,
b86fc50c1f2343af872045e8208d1edb,여자,96,60대+,무직,인천-강화군,False,
7deb9b459b02415a81eecd54147c49d6,여자,27,20대,산업 안전원,충청남-서산시,False,
b764e3efeeda4e92811ef5a92f21c606,여자,43,40대,보육 관련 시설 서비스 종사원,경기-평택시,False,
67d251d0f96d429e8427887504a6b276,남자,40,40대,가스 용접원,전라남-영암군,False,
e50835b9453d4a5a99ed56bd35ab2f66,여자,59,50대,철도운송 관련 종사원,경상남-창원시 진해구,False,
9d520babb3b94fc1b0c2b11a083b9e58,남자,23,20대,무직,세종-세종시,False,
976b863d41904ada977789fe543e8714,여자,58,50대,건물 청소원,전북-정읍시,False,
96b23c8b1d984b93b785be6c01ded570,여자,26,20대,무직,서울-강서구,True,17-21
a393ac88624d43c4a2e03a9190a71a16,남자,57,50대,무직,서울-종로구,True,11-14
72102fac849e4a05923602abc5564a6a,여자,46,40대,음식 서비스 종사원,대전-서구,False,
36f6e614611247d1ad29b05783d9b807,여자,63,60대+,무직,경상북-김천시,False,
ca93b5008f504f85ac859b848c2321df,여자,54,50대,경영 기획 사무원,서울-중랑구,True,17-21
f230613102dc464baa866e27d9cba3f9,여자,74,60대+,무직,충청남-보령시,False,
eba09dad1ed94e06ba352eb63ab81681,남자,36,30대,에스컬레이터 설치 및 정비원,인천-서구,False,
d432ca0d4a5348f78445a259e6570c21,남자,41,40대,철도운송 관련 종사원,서울-강동구,False,
dce2790754a44f73ae9310cc65a1a110,여자,31,30대,관세행정 사무원,경상남-김해시,True,11-14
01494445585b4700b3f463278d460db3,여자,53,50대,사무 보조원,경기-이천시,False,
5ad64fbbc5ed4646bc9dd137c5b56a5c,여자,60,60대+,무직,경기-파주시,False,
d5328e4f43784bbe83a619f231662669,남자,31,30대,품질 관리 사무원,경상북-구미시,False,
1718cc9ace7c44028b42ea5c258745f3,여자,51,50대,주방 보조원,경기-부천시 원미구,False,
1a21b48dfe1c4f8a9cd08524636054e4,남자,63,60대+,굴착기·착암기 및 채광기 조작원,경기-포천시,False,
e6ff475373d9408f9b6818296fa10b7b,남자,61,60대+,무직,서울-서초구,True,11-14
347f01be4fc64816807761014606cdc7,여자,49,40대,무직,서울-동작구,True,17-21
7227f618907b4eb58a78a70b999b37cc,여자,68,60대+,그 외 상점 판매원,경상남-산청군,False,
13d1fd9d3c1f42158eb0e2db906be62c,남자,66,60대+,무직,경상북-포항시 북구,False,
b9b70afc253a473185a8a8e4a9d5fcfc,남자,58,50대,그 외 건축 마감 관련 기능 종사원,서울-동작구,True,17-21
bf71dcb6acdd42588218635de75295cb,여자,49,40대,그 외 기계 조작원,충청남-당진시,False,
b46a48e08ca942d0ac38e5b21d081572,남자,58,50대,택배원,경기-안산시 단원구,False,
e5d634d43415446286f01ab28e130f14,남자,84,60대+,공공행정 사무원,전북-전주시 덕진구,False,
5869d34c1e494f3b96af92b28d50bc47,남자,62,60대+,전기 관련 관리자,경기-안양시 만안구,False,
df082af8c8684164930e0c5420ebb463,여자,58,50대,무직,경상북-구미시,False,
42af7e765f4645ce9d172598df6df43c,여자,43,40대,무직,대전-대덕구,False,
6a788e3e1b9540b49053c60b3b5b4dd3,여자,61,60대+,무직,경기-의정부시,False,
5c7fc5001e7c4a079549df0d49468d0a,여자,66,60대+,보육교사,경기-파주시,False,
b11b1d10c7234347a2426f527294b45f,남자,73,60대+,노점 및 이동 판매원,충청남-계룡시,False,
5f6d728ac77449f797141c0d3c59257c,여자,33,30대,철도운송 관련 종사원,경상남-김해시,False,
82df6413122e4e3fb6ce7130ca9d3159,여자,54,50대,하역 및 적재 관련 단순 종사원,서울-금천구,False,
5189330228544fa08723f42be22354b8,여자,87,60대+,노인 및 장애인 돌봄 서비스 종사원,인천-부평구,False,
d356f67b50674ca6a5898aa389910887,남자,73,60대+,무직,전북-전주시 완산구,False,
056868fe09f040a1a265a6e156f7ba6d,여자,65,60대+,무직,경기-의왕시,False,
04e9a3275f4c4294ab73bcbe2532e117,여자,43,40대,무직,경기-의왕시,False,
55a6314e606640dfaf5dde5dbc8a4ff1,여자,72,60대+,무직,충청남-부여군,False,
c794dbd248cf4d41ac63b4b3b70ff242,여자,53,50대,그 외 물품 이동 장비 조작원,대전-서구,False,
3ebb79ec5fdc4d0b97a45b72e536446e,남자,52,50대,주류 서비스 종사원,부산-동래구,False,
451f3ca44d7e48b7946fa45dcf43eca4,남자,72,60대+,무직,부산-부산진구,False,
0e601bab65e14d54b9fc888ba8e31087,남자,50,50대,수도 관련 관리자,세종-세종시,False,
157147e8e92b4927a766df5c04690d20,여자,61,60대+,사무 보조원,경상북-구미시,False,
5a7f1c36875b4dcc97bbe39c89a8051b,여자,55,50대,"전직 경리 사무원, 현재 구직중",부산-남구,False,
b5a658e1c39f420e8b768159d8958893,남자,34,30대,사무 보조원,경상북-경산시,False,
258e8c57ee0b4ad8984548475d76e3d9,남자,49,40대,그 외 서비스 관련 단순 종사원,충청남-논산시,False,
f055c1b143c44d3b93c86017be4a0a81,여자,25,20대,무직,경기-오산시,False,
61ebfe46a81e4fe18a46413d6d866662,남자,35,30대,무직,경기-화성시,False,
3dd5ecd5a19a48d481c9781f71fa8c82,남자,75,60대+,그 외 택배원,대전-서구,False,
a1e9e1ce60c04891bfc51865d390377f,여자,21,20대,무직,경기-의정부시,False,
e89267cc1f834d3e8b479f81d25930a5,남자,56,50대,공작기계 설치 및 정비원,경기-성남시 중원구,False,
ba8c5a2fb5de4c8a954faf2ac4fcbd1a,여자,53,50대,무직,경상남-진주시,False,
01e7280cf67a4271978d65f988d6b37d,남자,57,50대,산불 감시원,인천-미추홀구,False,
fa7b92861463407b873e1ce74a443928,여자,27,20대,무직,제주-제주시,False,
34e9b9224c814cd781f8f1c4c079a438,여자,77,60대+,그 외 서비스 관련 단순 종사원,충청남-서산시,False,
92200aded5f64366bbdd5021010bff6a,여자,67,60대+,무직,서울-용산구,True,11-14
889e3524e3db45d3b119171e703dadbd,남자,34,30대,총무 사무원,서울-동작구,True,17-21
85a4ee3c83a5450c800b6203620787d3,여자,25,20대,보육교사,충청북-청주시 상당구,False,
4a4bf3cb02374b4e8f1177230918952e,남자,50,50대,마케팅 전문가,충청북-청주시 흥덕구,True,17-21
052b28508ed84ef4b5d9cce7fc48bc52,여자,31,30대,그 외 서비스 관련 단순 종사원,부산-연제구,False,
f2e21fcefc0a427eafc9daa7a68add0f,남자,45,40대,강구조물 건립원,경기-시흥시,False,
388d2a3e2be54288b82f1c326f99a6c1,남자,49,40대,여행 사무원,경상북-경주시,True,11-14
a3e576a96e4d43fa8fa5e144c0b2cfbd,남자,47,40대,마케팅 전문가,서울-서초구,True,17-21
ade9c09b3f2145a2bde44f815cf344c0,여자,30,30대,보육교사,서울-강동구,True,17-21
937e2580e2044d35ac35ecb642ce4265,남자,56,50대,기지국 설치 및 수리원,충청남-아산시,False,
308f0b19022d471d9a55a24aa07d0a93,여자,65,60대+,무직,경상남-남해군,False,
26d5ecd771694164a9fe80d627052f70,남자,27,20대,주차 관리원,경기-화성시,False,
744d029d43fa486baa7edcb6a1f5bedd,남자,45,40대,"전직 경영 기획 사무원, 현재 구직중",서울-강남구,True,14-17
d3e6c863ef784a8aaaf8f3f394c8e1e7,여자,89,60대+,무직,전라남-무안군,False,
b73dddfd739045329acdf8f8f9dda9ca,여자,48,40대,무직,서울-송파구,True,17-21
a0692de3e1584f058e319840b43f706b,남자,54,50대,농수산물 중개인 및 경매사,제주-제주시,False,
4a5d5779a3a9441eab659bd220142f41,여자,31,30대,"전직 컴퓨터 시스템 감리 전문가, 현재 구직중",경기-양주시,True,14-17
4c14a5ec6a0e41dea066306f7378a5c4,여자,69,60대+,무직,충청남-보령시,False,
60f65bfd4e9b47a29b7d804eaeba33ec,여자,21,20대,전기제어장치 설치 및 정비원,광주-광산구,False,
ac92b1ff9fef49c18f4defe8d67af6c7,여자,81,60대+,무직,충청북-충주시,False,
a8520ad134044065b768fd494c6232b7,여자,29,20대,무직,서울-마포구,True,17-21
a0da0461235748f783cb6603b654c840,남자,31,30대,철도 기관차 정비원,경기-연천군,False,
24b5fe15bcb042c2bcaa01d44edafe94,남자,43,40대,관리 비서,경기-용인시 기흥구,False,
7489dacbc801463cb54a79d37aba6790,여자,30,30대,건물 청소원,경기-안성시,False,
e622895765d5402ab5b6ef34aefd6dec,남자,33,30대,온라인 쇼핑 판매원,서울-영등포구,True,21-24
36fe6722f8b44e2fa522ccb78bab3ff1,남자,68,60대+,무직,전라남-화순군,False,
d3c836894975420ebde8375a6cc73ad9,여자,59,50대,무직,서울-서대문구,True,11-14
311076489471427c96f8c1cc0dc44c08,남자,43,40대,철도차량 전기 설치원,경상남-창원시 마산회원구,False,
6c9dd300930d473498fb93738340c165,여자,53,50대,음식 서비스 종사원,경기-양평군,False,
aaa48b9c21d244fe852e65b9bc5f1d49,남자,69,60대+,중식 조리사,경기-포천시,False,
e0f93893823c4a98837864e409229569,남자,55,50대,한식 조리사,울산-남구,False,
b246fcd247034656b28ade67bc68c033,남자,52,50대,무직,충청북-청주시 흥덕구,False,
7d18ae84f4fa4166aa2fba539dd148c0,남자,68,60대+,"전직 그 외 하역 및 적재 단순 종사원, 현재 구직중",강원-강릉시,False,
b78cfe38703d48288b687ccd38a51fdf,여자,55,50대,무직,부산-강서구,False,
cc0afd130e004031ad270c0c857d524f,여자,89,60대+,무직,서울-강서구,False,
237ebc459bfc40c6ae7583886c818c64,여자,73,60대+,무직,충청남-서천군,False,
91754666d39345ccba7ed40548420051,여자,45,40대,무직,경상북-상주시,False,
cbe6a902ea2c42d880b44dd237ea92b3,여자,31,30대,일반 간호사,부산-사상구,False,
2958ce306d274dc3a128a37646a30692,여자,44,40대,상담 전문가,경상북-포항시 북구,False,
48bf2d80773c4a1fba73e9c6ec0b1f2e,남자,29,20대,조사 전문가,대전-유성구,False,
618d9d16d59b4559bbd356cef40c3f7c,여자,79,60대+,그 외 기능 관련 종사원,전라남-보성군,False,
c13541b362ee4c6ab6a4d53e3293db3b,남자,22,20대,무직,서울-중랑구,False,
deabea916cec47339ad104855430e703,여자,54,50대,무직,경기-수원시 장안구,False,
89311d32f4724be4b8817311b47e5d95,여자,47,40대,관리 비서,제주-서귀포시,False,
4036096918be4b78bc82bbb337bbe953,남자,38,30대,그 외 상점 판매원,경상북-포항시 북구,False,
3a0c5fbffbd6489391a6de80cd5ab7fc,남자,64,60대+,자재 관리 사무원,경기-부천시 소사구,False,
ee7ae452795c49a6a9b6f6d2a69eb0c2,남자,41,40대,회계 사무원,강원-춘천시,False,
cd6824869cce4070ab593d9e012a6466,남자,67,60대+,무직,충청북-청주시 서원구,False,
fa7e36ebdf494ff58cb362e58c6ee007,남자,29,20대,그 외 상점 판매원,서울-중랑구,True,17-21
072be2ea19d2484981431b628ff48dec,남자,30,30대,자재 관리 사무원,서울-관악구,False,
e5ae2654c8ce4fa7a924f5fc07d4b152,여자,20,20대,음식 서비스 종사원,경상남-창원시 마산회원구,True,17-21
9a528c5d2bcd4d65abb2a7342ec419a2,남자,57,50대,강구조물 건립원,경기-파주시,False,
2243891513124f80a43e918e2c2d7bfa,남자,87,60대+,무직,대구-수성구,False,
edb48e986c37441fa7914e2d7723d71d,여자,21,20대,건물 청소원,경기-부천시 원미구,False,
e6607bc00526442a861bc04ed86c2b38,남자,64,60대+,무직,경상남-양산시,False,
6d13169872c14e5aaeb443d07420580e,여자,25,20대,온라인 쇼핑 판매원,경기-화성시,True,11-14
2d9c09667d554d34ae27a5bb7c317c9c,여자,54,50대,행사 및 홍보 도우미,경기-성남시 분당구,True,17-21
0d1077231b5f42b5aede9257602fe06c,여자,42,40대,무직,서울-서대문구,True,14-17
c5a90c040ab4447abba02523730325cf,여자,40,40대,무직,광주-광산구,False,
556ce50834b742089fa3bb3b85b051cd,남자,36,30대,호송 경비원,서울-노원구,False,
58bfc3b102bb47778e24a20df18c2959,여자,74,60대+,무직,경기-평택시,False,
162f092484a6476f92b79ad70d5f52a5,여자,57,50대,마케팅 전문가,대구-남구,False,
6449bc0dd9d94944aa233559d429f153,남자,82,60대+,무직,전라남-순천시,False,
334609e2aa4a4b509cc2e889937e8bed,여자,24,20대,그 외 상점 판매원,경기-의정부시,True,17-21
b415f6887ca8433cbfe9db9f2ae251f3,남자,47,40대,무직,제주-제주시,False,
c702a54d22ef4558a09d2de7fb563a4e,여자,52,50대,그 외 기능 관련 종사원,경기-군포시,False,
6b5af7a8226a46919482dda91072bd46,여자,61,60대+,무직,경기-가평군,False,
d4ba502b5fc04f559b48bb389bb69e0e,남자,30,30대,온라인 쇼핑 판매원,충청북-청주시 상당구,True,11-14
df54985fb14d4bdba37381699005f643,남자,56,50대,공학·제조 및 건설 분야 교수,경기-하남시,False,
fa1f1b23549543d7a554bbe5a03dda88,남자,43,40대,무직,경상남-창원시 의창구,False,
a2d2f9c8c2c740c4b4dd0a4b6310f72d,남자,47,40대,영업 관리 사무원,경기-수원시 영통구,True,17-21
f58b29697b544993b097ec50920d0445,남자,59,50대,입학 사정관,서울-강남구,False,
35a44235d57d4477a1a0a27891ad2ecf,남자,41,40대,육군 장교,대전-서구,False,
8726ecb4441246b3a1e1be1aaacc0f34,여자,73,60대+,국가행정 사무원,서울-중구,False,
11e5c1763ef24c689737aee4961f806e,남자,31,30대,그 외 일반 영업원,경기-의정부시,True,11-14
6f6487ec59784e7bb813fe22372f1824,여자,62,60대+,무직,서울-강남구,False,
9722bc9e2b174974934b770db1ff0bb2,남자,28,20대,기업 고위 임원,경기-고양시 덕양구,False,
bd084a097d4343a4897a0ba2d421ead1,남자,49,40대,회계사,서울-성동구,True,14-17
b385449b77d746919b6687ae93211654,여자,69,60대+,무직,부산-수영구,False,
a47787fba758417fa67c38d1c44873cf,여자,57,50대,그 외 돌봄 및 보건 서비스 종사원,광주-서구,False,
9688a622b44d40839fea8d032817e004,남자,61,60대+,무직,서울-광진구,False,
4c9b0921b7b048e98f383de70b5c1777,남자,22,20대,조사 전문가,대전-동구,False,
32433573bcdd4a1284031297443ae3af,남자,51,50대,무직,경기-화성시,False,
8af7813e94c147f3b55bd070ea8a3afe,남자,80,60대+,무직,경기-하남시,False,
a4fd97f4d9ea4bfc9f867342db802391,남자,56,50대,지게차 운전원,서울-금천구,True,17-21
08d5c71432b041c6b1d0dccf0aa3b7fd,남자,63,60대+,무직,인천-연수구,False,
910e086a9aa040d8b60b6702f9a960cb,남자,36,30대,생산관리 사무원,전라남-광양시,False,
f875fdcb94544d69b6ea8f3ef00ee946,남자,63,60대+,일반 비서,경상남-함양군,False,
7d60f90eb4b74ec491c232b55add3721,여자,86,60대+,무직,경기-오산시,False,
0542b4bf6fe940b8936a314417a908cc,남자,51,50대,낙농품가공 기계 조작원,전라남-장흥군,False,
f623c01603e74dada397870e9304363b,남자,47,40대,무직,강원-원주시,False,
7b9155e9ecda4793ae298fba8b363d69,남자,24,20대,무직,경기-고양시 일산서구,False,
918e230aed1540e1ade8bf88f1d07c24,여자,28,20대,기획 관리자,대전-서구,True,11-14
2321b712c1554a0aa2d4f9f9fe709ac2,남자,36,30대,그 외 목재가공 관련 기계 조작원,충청북-충주시,False,
9c15eaed9bef46e0a3acc545cef821fc,여자,48,40대,무직,경기-고양시 일산서구,False,
582d9042699e40f6a45d9ede609aa2f9,여자,77,60대+,무직,대구-달서구,False,
3596e371aa2f4fd297e01688c5544c9c,남자,32,30대,그 외 전기·전자기기 설치 및 수리원,인천-서구,False,
d9de088913ba4ba5baa4854c5feff07b,남자,69,60대+,하역 및 적재 관련 단순 종사원,부산-기장군,False,
a9e5133bfe6c4164bb726eb12ef86970,남자,50,50대,기업 고위 임원,부산-동래구,True,17-21
c9a9aedb9eac4ea3972fd78042b7bfff,여자,37,30대,언어재활사,서울-강동구,False,
6d89bc4a7bed4cd4964fe76597902054,남자,58,50대,중형 화물차 운전원,전북-군산시,False,
25e522e052e94084b135d0c9095692be,남자,22,20대,가스 용접원,대구-수성구,False,
832553c1ea0e42e9824594f6d8f470b8,여자,68,60대+,무직,경기-수원시 권선구,False,
c539aac73de44b6da4e1b0b0870e74f2,남자,74,60대+,전화 상담원,경기-구리시,False,
0c95a43e7d3043f082b39f49c8d4c6e3,여자,45,40대,무직,광주-북구,False,
346fa4ee241048fdb5e3c1440563fa6f,남자,60,60대+,무직,서울-중랑구,False,
ce5b0d611117481f93636736ddbeaaa3,남자,20,20대,무직,경상남-거제시,False,
609403ef27664008b63c7730551bfbab,남자,64,60대+,건물 경비원,부산-연제구,False,
832e43e1dd1a42d0bd46de99c8ff582d,남자,40,40대,무직,경상북-구미시,False,
831653243491492b916fcb3997be7c47,여자,33,30대,무직,경상남-창원시 마산회원구,False,
130eefdbb58e4e91985ebe1f7ccbc9b5,남자,57,50대,경리 사무원,경상북-경산시,False,
7a27daf8c8514b3b85006adc6022395c,여자,21,20대,"전직 은행 사무원, 현재 구직중",대전-동구,False,
55192b34274c4a4d88e4aa0a9f6ee99b,여자,49,40대,수동 포장원,인천-부평구,False,
a6597ac13bcf447f8f37ef0a2a6cd7ec,남자,37,30대,통신장비 설치 및 수리원,세종-세종시,False,
91038a187f9a40a5ae21c5a8f9e9cec6,남자,19,10대,무직,울산-울주군,False,
51a51706e2a641c6aecd0dedc2b67144,여자,43,40대,무직,대구-수성구,False,
fcb51015d66440ccbb8dd95c2442ac5a,남자,66,60대+,무직,경상북-경산시,False,
d9c229d66b544caf919cd8aad5ad2442,남자,58,50대,산업 안전원,경기-오산시,False,
79c1229a88214dbfa7d1b4d730faf6c5,남자,46,40대,건물 경비원,전라남-장성군,False,
c3e3370f1ce64703bad7f112760bdf20,남자,79,60대+,무직,경기-이천시,False,
ebcbe7a1492541c397be0a953f289790,남자,52,50대,무직,부산-동래구,False,
eb40d9f9e9254c6f87999258f1ac793f,여자,54,50대,무직,전라남-화순군,False,
24a9bcc39cb64904ab3458bf0079d921,남자,53,50대,"전직 선반기 조작원, 현재 구직중",경기-안산시 상록구,True,06-11
bc4b1bca3549428094a04bfa68bc160e,남자,44,40대,품질 관리 사무원,경상북-포항시 북구,False,
bdf61119a32a444b9cc665ef8b37c40d,여자,40,40대,경리 사무원,충청북-제천시,False,
5bffc51e5f424f7d912e58ef9815d28a,여자,64,60대+,무직,경상남-창원시 성산구,False,
617cf4cf355e43ba8f8d9bfedd1b7d1c,여자,26,20대,무직,경기-용인시 처인구,True,14-17
4e4593f122f640b0bc0e9511bc0d093d,여자,24,20대,무직,제주-제주시,False,
c4ce50b0248f4cc8bfbd3ad155422b2c,남자,42,40대,그 외 법률 관련 사무원,광주-북구,True,17-21
54357d94ad8e4704b050bbe6919b28b1,여자,46,40대,보험 설계사,경기-평택시,True,17-21
63e63d9c03814db4a4c1d98e2efb58ba,여자,41,40대,그 외 제조 관련 단순 종사원,충청북-음성군,False,
35d63d9d54434f5dad32eac3e82719be,여자,63,60대+,무직,전북-정읍시,False,
57bdf58258c54b0cbec6cf7291a54940,남자,51,50대,중형 화물차 운전원,울산-중구,False,
7d9ee7e55a6944dd9b6060e1b414ae48,여자,90,60대+,무직,경상북-상주시,False,
ab7d8706d2a441e38a4baaaf5f22c1cc,남자,64,60대+,무직,대구-남구,False,
a533b9bb0eae481b89c44d92ac85d3c3,남자,49,40대,건물 내 전기 설치 및 정비원,서울-동대문구,True,17-21
0dc36752861a4941a20fdc144a192feb,남자,62,60대+,그 외 화물차 및 특수차 운전원,경기-양주시,False,
570f3a2f4efc4c5e950f74842f57d141,남자,72,60대+,무직,경상남-김해시,False,
bdf263dccfce47dca7e213255c421f5e,여자,74,60대+,무직,서울-마포구,False,
2f69843e527c44f3b7cc421b4cf1cc3f,남자,68,60대+,그 외 자산 운용가,경기-광명시,False,
73a3718593d74363836869abb3c43b1a,여자,53,50대,병무행정 사무원,경기-구리시,False,
f3512892698b404092b7908590630554,남자,49,40대,전화 상담원,경상남-거제시,False,
0dff51803e914ba79e6e5cdc51793f16,여자,74,60대+,무직,충청남-보령시,False,
25cf305cac914b3d840e220d254b15df,여자,77,60대+,무직,서울-노원구,False,
b29091563d5f4c2a94069b33c5b2dfaa,남자,54,50대,무직,인천-남동구,False,
7532ad872f4a453eb179b6fc5daa8e56,남자,53,50대,택시 운전원,전북-군산시,False,
0b82030fcad448cd9f34e290d11c77dc,남자,28,20대,마케팅 관리자,경기-파주시,True,17-21
1924d50f711e48eca7be6afa64e510f1,여자,24,20대,무직,경상북-구미시,False,
2d8d4b65d67c41399e2f1f0fa0e3a8e9,남자,31,30대,무직,서울-영등포구,True,14-17
da57a1972d544cfca76554031c745c37,여자,49,40대,그 외 일반 영업원,경기-광명시,False,
f2d87e6ffc004aa8a6024a01635cfef0,여자,48,40대,무직,서울-강남구,False,
96957c0bb7c34af591174df75d2a53ba,남자,44,40대,무직,서울-마포구,True,17-21
89d014902c1f414cb0e6050cdb2c3351,남자,32,30대,상담 전문가,충청북-청주시 흥덕구,True,17-21
a7bf4fa54b6e460fb526e4b3ed5ca92c,여자,34,30대,그 외 타이어 및 고무제품 생산기 조작원,경상남-창원시 의창구,False,
c4baf7957ca84cf18560ba2511763d58,여자,23,20대,무직,경기-하남시,False,
cc442242f507481ebda8f986df22a3a7,여자,79,60대+,무직,경상북-영주시,False,
bd3931444b174df2af7b21847ec2984a,남자,41,40대,그 외 법률 관련 사무원,경기-남양주시,True,17-21
a7c0bb5fbd184102a66a6028f167d0d8,여자,51,50대,건물 청소원,경기-안산시 단원구,False,
ffa095e7d04f465eb076d8e7dc7b8b50,여자,52,50대,그 외 기획 및 마케팅 사무원,인천-연수구,False,
b6829f1a60eb4d0e8b88c74d9e5fb9bf,남자,63,60대+,가스 점검원,경기-김포시,False,
8928cf0ad0664f18a3472d78aded3694,여자,57,50대,무직,경기-수원시 권선구,False,
dd506e4314f8417ba9115febcd39bc21,남자,59,50대,그 외 금속·재료 공학 기술자 및 연구원,부산-사상구,False,
23ab3800c6bf4b69bde0fbe85c730bb1,남자,48,40대,전화 상담원,경기-안양시 동안구,True,17-21
d3224e082268440a8b505bb30cb243b7,여자,60,60대+,무직,경기-광명시,False,
dee766e1133c4551af2d0f779ff7e866,여자,52,50대,그 외 상점 판매원,경기-파주시,False,
238af79997df45339e2f92e42be912cc,남자,52,50대,용접기 조작원,서울-관악구,False,
9350d94ba60a44f896a5abb7a8bf736d,남자,70,60대+,무직,경상남-합천군,False,
c06bf906ee974d309124b8b0adb7a307,여자,56,50대,무직,경상남-진주시,False,
744c026819234987ad4a971ab4e6692b,남자,88,60대+,무직,인천-남동구,False,
455e7e12b56a4dba9c80dab661d54d4d,여자,69,60대+,무직,경기-부천시 소사구,False,
3a0d8dce2f1a4fa19bb68090ab8743d6,여자,22,20대,학습지 방문강사,서울-은평구,True,17-21
29128ac839f6462fa05171f7a1e52fc5,여자,27,20대,조사 전문가,경기-고양시 일산동구,True,11-14
465ca28ef61c431eb09420dab80ec9a5,여자,51,50대,무직,부산-동래구,False,
aef19701032b4fca9296e573fb44ca29,남자,51,50대,무직,경상북-구미시,False,
367ba8c449854fc99bfe829d5729ecc9,여자,34,30대,위성방송 안테나 설치 및 수리원,경기-화성시,False,
3959063ece9244c3a6f940c8114f8328,여자,49,40대,무직,경기-고양시 일산동구,False,
283ac00d96b04e4e8c8d3513dcc6269e,남자,76,60대+,산불 감시원,울산-울주군,False,
d56a98ab08f04ed1a87aecbb161a9810,여자,61,60대+,병무행정 사무원,울산-울주군,False,
60c1b8eb0eb24e7ca0d26680444be39b,여자,47,40대,경리 사무원,경기-안양시 동안구,False,
b86eed5c9abd41dda30250d8f339d3c4,남자,31,30대,무직,경기-시흥시,False,
a9583002140d4b7cb7a557be2d9aaee6,여자,31,30대,무직,충청북-청주시 상당구,False,
0f674be1814e47ff9078b0240e3d5ccc,남자,24,20대,그 외 건설·전기 및 생산 관련 관리자,경기-안산시 단원구,True,17-21
dbaaa3a24e4040d79eba9261002a7d50,여자,44,40대,상담 전문가,서울-강동구,True,17-21
8001523fdbfe4918b5c626a9cd3f760d,여자,60,60대+,관세행정 사무원,경기-화성시,False,
a50f06ee06e34188967eef4e467bf585,남자,20,20대,무직,경기-광주시,False,
7facbabdb6a6461da0472ae55f13637d,남자,40,40대,무직,충청남-홍성군,False,
a1632d5ed69e4a669a8e79576c72f79c,남자,66,60대+,건축안전 기술자,강원-원주시,False,
4bba4e1f099c4986bd96bb20b5dae958,여자,39,30대,사무 보조원,경상북-안동시,False,
24b49213d01e439ba98ee3ec70046f34,남자,47,40대,토목시공 기술자,경기-시흥시,False,
a84baac8af4e471dabeffed6ddc909ad,여자,65,60대+,주방 보조원,경상북-구미시,False,
b60a6e3b860847fa871f5875f52fd511,여자,37,30대,육군 장교,강원-원주시,False,
56d65db64e5340ad84d5654918021561,남자,65,60대+,철도운송 사무원,경기-안산시 상록구,False,
cd3ac69764ee438d80c94c68bbb6db3c,여자,50,50대,사무 보조원,충청북-청주시 흥덕구,False,
4fcea1ffc6a74ba7b50f5e8b2f622bcd,여자,69,60대+,무직,인천-남동구,False,
40c4c51317a545b8b6e7ff0b8d154150,남자,41,40대,식품 영업원,강원-철원군,False,
17fabb9786204f0f8eb443d1b18fd365,여자,51,50대,내과 전문 의사,경기-성남시 분당구,False,
23127f09823343b89ddb5c353bbc3ea4,남자,70,60대+,무직,전라남-여수시,False,
5e85cb41c66946d2ad497f67e6c8a143,남자,33,30대,위험 관리원,충청남-당진시,False,
7df9c94bffa143c8ae72d7a22817e714,여자,34,30대,영상·전자음향기기 설치 및 수리원,전라남-여수시,False,
8d587e66aff246e9b981fffa34e62613,여자,45,40대,경리 사무원,경기-광명시,False,
08f8664c0a5946b68a275fac58dabe8b,여자,47,40대,학습지 방문강사,경상남-창원시 성산구,False,
dc7e815601ad4ac395654994258eb2ac,여자,66,60대+,건물 청소원,인천-남동구,False,
f8b04ba7a43a4fc087351ed5af3adf16,여자,36,30대,플랜트 전기 설치원,경상남-창원시 진해구,False,
096981e12e1a45778f2cb6d7daf7d64f,남자,49,40대,전기 용접원,대구-달성군,False,
caff63ab4443454ba8c9e30f816d815f,여자,56,50대,무직,경기-시흥시,False,
b00986c1b9254bf68328f1f3de47f684,여자,70,60대+,무직,부산-사상구,False,
f1f1fa39085e42c3bc23f8afc2038d1f,여자,92,60대+,무직,전북-군산시,False,
91c031493e07456a99eed61d61e244e8,여자,25,20대,마케팅 전문가,경기-안산시 단원구,True,11-14
e119ba222bc647ce82f1bc7cb895372c,여자,92,60대+,무직,경상남-김해시,False,
1c0c74542c0147ab8b370bf376da29c5,남자,59,50대,금속 열처리로 조작원,전북-전주시 덕진구,False,
8b699a8102d840aaa7aee648bca4c8f0,여자,68,60대+,무직,대구-북구,False,
562891cafaf740b8a96a3b4fad8740a2,남자,57,50대,하역 및 적재 관련 단순 종사원,경기-광주시,False,
880110cb38254187b00afaac6c904537,여자,80,60대+,무직,경상남-남해군,False,
2364b0ca938e489d9724afab1a67bfd6,남자,71,60대+,기계 경비원,경기-수원시 팔달구,False,
ea76d134ae9a4595b679d4a325ea31a6,남자,46,40대,무직,서울-강남구,False,
dc75585053154b678bb1156e2524fbdc,남자,78,60대+,무직,강원-원주시,False,
6dc9df17c9144dc1871df8ca2956330a,여자,53,50대,스포츠 감독,경상남-밀양시,False,
47ce63288a9e4d14841392386d2b57c4,남자,63,60대+,판금원,경기-시흥시,False,
b945f4706b1c4af2851012de5a2b9f90,여자,27,20대,무직,서울-동대문구,True,17-21
75c846fe9eff4f9e94d33aadefd4507c,여자,47,40대,무직,대구-달서구,False,
503489b1b6c24017b3d9d9f38f8fb89e,여자,49,40대,그 외 버스 운전원,부산-북구,False,
929a0c3d612841088b96e3a73d365cb0,여자,66,60대+,무직,세종-세종시,False,
85fa0559f2f24f25aa42bcbc2940248d,여자,69,60대+,무직,서울-강서구,False,
c3f7b16561ff454cb02541c9ee1600bf,여자,30,30대,사회복지사,경기-성남시 분당구,True,17-21
c7327d1749234bafad6e2dfb3acf4bd1,여자,29,20대,무직,광주-북구,False,
ebd72d164480436ba5b782e735262fd8,남자,57,50대,마케팅 전문가,서울-영등포구,True,17-21
c51434a484e44462a3c3f78ac28b27e5,여자,73,60대+,무직,경기-용인시 처인구,False,
d2e46820eb564c66879aaf7bd334914e,남자,59,50대,"전직 소음 진동 시험원, 현재 구직중",부산-해운대구,True,17-21
e7a8960c00424a66a178c15c8ebd4c56,남자,42,40대,경영 기획 사무원,경기-용인시 수지구,True,17-21
d6c72971cbb24bd0b0467b0219e9fbac,여자,43,40대,전화 상담원,경기-화성시,True,17-21
7d76cc164de34dac885d6c19ace901fe,여자,30,30대,마케팅 전문가,경기-남양주시,True,17-21
b790cbe1fa7a4c3cafb1ed493cd5f1fd,남자,66,60대+,무직,서울-종로구,True,17-21
00616907c74d4c66817a89b9edc97bdd,여자,89,60대+,무직,인천-서구,False,
0eec8d4bef8a4c71b3af0eb0d5a18c84,남자,28,20대,지게차 운전원,충청북-청주시 상당구,False,
c06b28116d1a4a86bcc11538cdf3816d,남자,58,50대,전자계측 제어 기술자 및 연구원,경기-용인시 기흥구,False,
6c104055b0c641709c2194b6cedc1bbb,여자,62,60대+,그 외 기능 관련 종사원,강원-원주시,False,
9c0ca32ee1ab49f7963d2d9ab03e2af1,여자,30,30대,과학 교사,서울-송파구,True,17-21
f700dfe3c8da403896784b5f101b92b3,남자,63,60대+,시설 경비원,경기-평택시,False,
b8001f87acb14229a1f6ccb9a783c76f,여자,42,40대,지방행정 사무원,서울-용산구,True,17-21
a08db005fec248b99428ada8d778adcb,여자,37,30대,그 외 하역 및 적재 단순 종사원,경상북-상주시,False,
4f1079b7c6a44e2eb2f6a0149646f676,남자,62,60대+,택배원,경기-시흥시,True,00-06
a5ea42aecc0f4c0e863ce8fc5a99a4c4,남자,56,50대,가스 점검원,서울-강서구,True,11-14
a0049f44f9644988ad5f305eeca77d0c,남자,35,30대,그 외 법률 관련 사무원,서울-강남구,True,17-21
7be4d614814a4d2d8727d2bd25947f84,남자,59,50대,건물 경비원,경기-하남시,False,
d770f8c03048465caebe6fc3abfcdf69,남자,44,40대,조사 전문가,서울-성동구,True,17-21
eb70f245373e42f8b99fa321379b1033,남자,62,60대+,회계 사무원,경기-의정부시,False,
21c6a1cd358546938832ec5e7c5d9735,남자,24,20대,무대 및 세트 디자이너,서울-서초구,True,14-17
4dbb6220fb8a44dc8c92f3b92c9aa9d6,여자,68,60대+,무직,경상남-밀양시,False,
a84e226fd332417cabfb5d4828ec1082,남자,55,50대,그 외 법률 관련 사무원,경기-고양시 덕양구,True,17-21
93a5c1044323422f9eb7d9585178a750,남자,28,20대,출판 및 자료편집 사무원,경상남-창원시 성산구,False,
6faeff3ca15a448c973f51129498fed2,남자,52,50대,산업 안전원,경기-여주시,False,
073561b2b2134b0294082c2b74c09cd2,남자,19,10대,무직,경기-광주시,False,
2d284c5b1fdc4e8486d4aec646a365db,여자,66,60대+,무직,서울-금천구,False,
3e6efb8f8dfa4d899ea5f85f5e8aa750,여자,59,50대,주방 보조원,대전-서구,False,
0c4228f04e424907a39244e8e5687efe,여자,86,60대+,노인 및 장애인 돌봄 서비스 종사원,충청남-공주시,False,
7faf942243234e17a4144fbe4d7ca017,남자,65,60대+,무직,서울-강서구,False,
1d0d6508f176458c9569173e1d192430,여자,59,50대,무직,광주-서구,False,
88736fe5d9ed473db8a691a81e655770,남자,30,30대,산업 안전원,충청남-서산시,False,
ef540ee7f78e49c5b2745cd2ff84114a,여자,71,60대+,무직,대전-중구,False,
594d25bf97544fdd9054bc8c96a7370e,여자,60,60대+,무직,서울-동작구,False,
341bf4fed3b640e7b8aefc7efd70dc0c,남자,49,40대,지게차 운전원,경기-구리시,True,17-21
0e48e82bc94345ee8a9a0188b1ea6bbe,남자,44,40대,교육 및 훈련 사무원,서울-서대문구,True,17-21
dfaeddcfcbcc41858795bcdb20b2f075,여자,50,50대,건물 청소원,서울-노원구,False,
5d66d9eb0a3b4af88e9f7406cd80d27c,남자,67,60대+,건물 경비원,부산-사하구,False,
024d6c82637c4c7ea755f3a6cbdc2265,여자,22,20대,사무 보조원,경기-하남시,True,17-21
09a6baf7ac7e443d9d1a245fde070796,남자,49,40대,전기 용접원,서울-도봉구,False,
25d580fd80824afeb04aaac1fe00304d,여자,73,60대+,주방 보조원,충청남-계룡시,False,
cb2506af929043ebacd4c2bb43e0b537,여자,56,50대,주방 보조원,강원-횡성군,False,
a93ddda588f845ccbbb99f2aa0e89e84,남자,34,30대,전동차 기관사,제주-제주시,False,
446b55df964943bbab4a08672bb3ae8d,여자,68,60대+,무직,충청남-당진시,False,
b0f34ccca3af4c489305517d95fa0e03,여자,67,60대+,무직,인천-남동구,False,
b64c1c3275834ffc985b42d48f183e8d,여자,56,50대,주방 보조원,대구-달성군,False,
27d51dd3e5f347bda3a064deadb910b9,여자,62,60대+,무직,울산-울주군,False,
ed52d704f0954f7ca92a49bf6d951c35,남자,64,60대+,건물 청소원,충청남-아산시,False,
85aad9cc0983422093932911deccedda,남자,26,20대,설탕 제조 관련 기계 조작원,경기-의정부시,False,
b5193772ac604799b3c1c15bdbeb5074,남자,52,50대,사진가,경상남-양산시,True,11-14
193935cdd07742c79e985d71772df7d8,남자,42,40대,그 외 전기·전자기기 설치 및 수리원,경상남-양산시,False,
aba684650e004c18b76a2223408de8f1,남자,41,40대,전자계측 제어 기술자 및 연구원,인천-남동구,False,
7e65817a7d3643b3af06bc4374bcf18e,여자,72,60대+,무직,경상북-포항시 남구,False,
bf1308e67293467cb8330c21c4d2d792,여자,86,60대+,무직,경상북-경산시,False,
bc1f98d3b54d4ae0877e13e36a141bcb,여자,75,60대+,주방 보조원,전라남-목포시,False,
c0352b0c83574eddb9cafd4c6b02efa1,여자,80,60대+,무직,대전-대덕구,False,
576dd6f664b54be1b75b156aacb2fe0c,남자,39,30대,기업 고위 임원,경기-화성시,False,
20dd057632814f869d11b8008434004b,여자,38,30대,마케팅 전문가,경기-용인시 수지구,True,17-21
47a12223fe504a80b3666a9072168d00,여자,67,60대+,가사 도우미,광주-광산구,False,
63e2940a6f3a4160a6d504fac3bc356f,여자,67,60대+,가사 도우미,서울-양천구,False,
6743d39f9b6b44e2961707fe46feed68,여자,26,20대,의류 판매원,대구-중구,True,14-17
dc8b4e6dc92b461cb318615895e6f1f2,여자,54,50대,대형 화물차 운전원,경상북-경주시,False,
26e7261d535f44e088161dd17accd576,여자,51,50대,건물 경비원,서울-금천구,False,
9773f15ac4774f6895a2527224199569,여자,32,30대,법무 사무원,인천-서구,False,
2c988e383a7c452cada1b4cf164e0435,남자,73,60대+,무직,광주-서구,False,
e4a5f28f122c42bea36cadc390bc131c,남자,56,50대,무직,광주-광산구,False,
a1e4c627c086489687c963d0e343d04b,여자,32,30대,방송 및 시나리오 작가,서울-동작구,True,17-21
2ca45d8d5f56420dabcaeaf910576e8a,남자,41,40대,전화 상담원,전북-완주군,False,
1b66adb13d3b42ea81e110e74fecd44b,여자,56,50대,무직,강원-동해시,False,
7d348c4cc4344f68a4ccb5879643d4e6,여자,60,60대+,웹 운영자,경기-성남시 분당구,True,17-21
bf31061e916142fe887f96b827f61499,남자,41,40대,영상 및 음향장비 조립원,충청북-음성군,False,
e8d274f25bde4c86bdb0bcb1ece6a176,남자,38,30대,특허 사무원,충청남-아산시,False,
25254e7bb2844b839feb9628c00c379d,여자,62,60대+,무직,경기-고양시 덕양구,False,
46b6faffb743402686651ec68fe610dc,여자,46,40대,인사 컨설턴트,대전-서구,True,17-21
b8785979a89e4280be9bb3ec0b8ef02f,남자,21,20대,그 외 기능 관련 종사원,강원-춘천시,False,
71a80a6c380a44d297a68a2038cd25ed,남자,58,50대,금속기계 부품 조립원,대구-달서구,False,
c9e2cd02255d464dad07bc4d2adc4f20,여자,26,20대,학습지 방문강사,서울-종로구,True,11-14
642e81f91e1d487f98bcc0d7b23bfd37,남자,70,60대+,무직,서울-강북구,False,
d918941d93b6488fbce7c2935cedba84,여자,36,30대,제품 단순 선별원,경기-부천시 원미구,False,
1a36c6927f9d4722be0e2a0833ecdca4,여자,45,40대,주방 보조원,전북-부안군,False,
1c8a611b50e945ad9de8bd8065a9f21a,남자,32,30대,육군 부사관,인천-중구,False,
77b131e7824e40d6aabbb95f6a12086a,여자,75,60대+,무직,충청북-청주시 상당구,False,
d1c5fccccae84f5b85a3a29a842eadcf,여자,26,20대,무직,부산-동래구,True,11-14
ba89f2dd039247a9837a936155339536,남자,70,60대+,무직,서울-광진구,False,
f9051673aa45405baa6c9933d47303c5,여자,87,60대+,무직,서울-성북구,False,
2103ed7473894b708668739845f84f0e,남자,63,60대+,무직,충청남-홍성군,False,
117173f7414b4acba555b94352c731fa,남자,49,40대,자동차 부품 기술 영업원,경기-고양시 일산동구,True,17-21
f67e24646edd4dab81b0b1a1c08923ff,남자,53,50대,무직,서울-송파구,True,17-21
9139c7f8af684d9993f441e159e8d965,남자,73,60대+,무직,부산-강서구,False,
6ba28426e49642b8a9c61d627954bb55,남자,68,60대+,철근공,서울-중랑구,False,
54a61a60e6104bcd97aa0b54560c08e5,남자,69,60대+,무직,경기-오산시,False,
2908587410d747acb4bc4c170f6d4141,여자,70,60대+,무직,부산-사하구,False,
f62824fb092346a4ac83682bdc43b7b9,여자,43,40대,무직,경기-성남시 분당구,False,
88c233abc65b48a180ce85a9d2adcc31,남자,30,30대,경리 사무원,서울-동대문구,True,17-21
946433d2c465427996282b152b635de6,남자,62,60대+,웹 운영자,충청남-공주시,False,
72ad741ae0e94e80b1f38643e886ea38,여자,39,30대,무직,경기-의정부시,False,
08d3effb9dfd41e69704ca17dc21ccff,여자,77,60대+,무직,인천-미추홀구,False,
0a95b6847d89484aadd737c4d2f506ab,남자,43,40대,기계 제도사,인천-부평구,False,
7b0947d2a4e540c39cd204bec91d50a6,여자,27,20대,경리 사무원,경기-군포시,False,
74dec819d5144f868eeed37b4bed213a,여자,85,60대+,무직,대구-서구,False,
76184b7de2724b26b576d4419925186a,여자,74,60대+,무직,전북-익산시,False,
dd2fdb1960574b95b997c1c8f43db0fe,남자,64,60대+,중식 조리사,경기-안산시 단원구,False,
5d836a184c4546d59df73660e9434f35,남자,59,50대,그 외 하역 및 적재 단순 종사원,전라남-담양군,False,
2eacf37b146a42ad9bf1d519b4bbd129,여자,51,50대,그 외 자동차 운전원,경기-의정부시,False,
fdc31c9fccfd4b38b375210372baec33,남자,33,30대,건물 경비원,경기-광명시,False,
97a3787802ff40db889c58a888e7341c,남자,61,60대+,노점 및 이동 판매원,인천-서구,True,11-14
16dd866c5eba422885fa04c9e1717c88,남자,88,60대+,무직,충청남-홍성군,False,
ef59a01e8069449b9568d8f38291de0a,여자,40,40대,무직,서울-마포구,False,
ef8e642542d247a98e3e56e66265cc64,여자,53,50대,그 외 일반 영업원,경기-고양시 일산서구,False,
11b9dd81a8b0478f92ec005816c8fdc0,남자,62,60대+,냉난방·공조공학 기술자 및 연구원,경기-광주시,False,
f3db9baa7fa44ead912a5fe7299ee8ac,남자,69,60대+,쓰레기 수거원,서울-송파구,False,
5372e9e62b804e7a836824396658fc4f,남자,36,30대,데이터 분석가,대전-유성구,False,
06522cf4c8874dbfaf02205bd2f5f1a3,여자,28,20대,무직,서울-강서구,False,
74f5ba1ae1bc433fb974e33ade350585,여자,39,30대,언어재활사,서울-관악구,True,17-21
4ec2ebf56fe64380955a418d345611be,남자,34,30대,공공행정 사무원,울산-중구,False,
c6ea1128265642a99eededdc344a3d04,남자,57,50대,냉난방기 관련 설비 조작원,경상북-구미시,False,
9a79a66f6fb846b9b406f5496fe62654,여자,58,50대,무직,부산-부산진구,True,11-14
51818b0fe566436d8a285fee1861b474,남자,88,60대+,무직,경기-화성시,False,
2c1b2ae223f243b08024cbc14125579c,여자,88,60대+,무직,서울-강남구,False,
149ed2a87a3241daa980edb9022ad799,여자,78,60대+,무직,경상북-울진군,False,
f6ac1d1ca7d94a6b97b430f27bcef741,여자,50,50대,무직,경기-남양주시,False,
23e2c6fb045d46f2af103779b631b507,여자,23,20대,보육교사,충청남-보령시,True,11-14
5c914f158e56425fb08041a924f9d3cf,여자,53,50대,보육교사,경기-구리시,True,17-21
851d4dba4e504757b27216b4ad47caa3,여자,42,40대,광고 전문가,대구-달서구,True,17-21
ad1e8c2aed594c3b9baf09d5d33e90c6,여자,87,60대+,무직,경상남-사천시,False,
fe63c323392c4577a664a525182d5598,남자,30,30대,그 외 플라스틱제품 생산기 조작원,경기-이천시,False,
bcd256f2c85b4ebda5d89dfd78c29626,여자,54,50대,그 외 돌봄 및 보건 서비스 종사원,경상북-안동시,True,11-14
fb9319aa66174d0a909f334d5158c292,여자,42,40대,무직,경상남-창원시 진해구,False,
fb0232086e374125b0ff3d2d72a0a61b,여자,42,40대,정육가공원,충청남-아산시,True,17-21
c3d6378fcb6e4a9893f47411a532bb35,여자,83,60대+,무직,경상북-경주시,False,
ec8a6d4467c541c89df5d8f3e5a87f16,여자,74,60대+,그 외 기계 조작원,대구-수성구,False,
e7cf0f39f33e472abd550233b7b05608,남자,38,30대,종이 제조 장치 조작원,경상남-거제시,False,
395df582646e4d9bbfbdfe5fe24ee80a,여자,58,50대,전문 간호사,서울-용산구,True,17-21
a23da59a148c43268221a735ff4c7eb1,여자,62,60대+,경리 사무원,경상남-함양군,False,
d57b4a0e162244b1b994a7298a306825,여자,60,60대+,음식 서비스 종사원,서울-관악구,True,00-06
4ea6a09c192d41ab920a32071905bdb6,남자,22,20대,무직,충청북-제천시,False,
14c2555d2dd540efa71c3ffc41f9b277,여자,29,20대,가사 도우미,경기-남양주시,False,
ea80369cb897450aaede0c6eb1a9ea68,여자,27,20대,회계 사무원,서울-영등포구,True,17-21
b6463f4ff93545729175a38b9e02b4be,남자,25,20대,무직,경기-구리시,False,
263a1e84b8d044ce9b1a055420cfc6d0,남자,68,60대+,무직,경기-양평군,False,
6d7463ba1ac84436bd01b6a2099c284d,남자,58,50대,그 외 일반 영업원,제주-제주시,False,
c0c4e1048ec64151a9712a9e38501e33,여자,26,20대,여행 사무원,서울-용산구,True,17-21
e3a47d4dd06048c58e5f48b2c2cc342e,여자,20,20대,무직,충청남-아산시,False,
a83974e2e7af479f9cb9b7d4d129064e,여자,30,30대,학습지 방문강사,서울-영등포구,True,17-21
e8874707abf14c54af9b59966259edbb,남자,41,40대,육군 부사관,강원-강릉시,False,
d37e5e4f4ac649148671d85df77ab9cc,남자,46,40대,무직,전북-무주군,False,
59032d3e2fae4e3b9925e6f013e90956,여자,44,40대,가죽 및 모피 가공원,경기-의정부시,True,14-17
d073f77b9d9e4487bddb9d47347f454f,여자,49,40대,사무 보조원,경기-광주시,False,
0c1750c2639847649a0c06f6c12474c5,남자,57,50대,우편집배원,전북-전주시 덕진구,False,
22455be05a43462f8c9120bf28462d8a,남자,34,30대,그 외 공학 관련 기술자 및 시험원,서울-양천구,True,17-21
e128ad0cf12648a784b1d7b3bd038d20,남자,23,20대,무직,서울-성동구,True,17-21
7693d08a4ec449bbb5b43bc84bd6f77f,남자,79,60대+,무직,경상북-영천시,False,
3d98e57aa12f46bbb5f3a105a3e56259,남자,58,50대,병무행정 사무원,부산-해운대구,False,
c8c183d6833944fc8e4f80cf26f07e83,여자,65,60대+,무직,대구-수성구,False,
78d6da19022743d0a4d5322cc2523140,여자,58,50대,자동차 경정비원,경상남-김해시,False,
877d2a8c62974800ac250589363790f1,여자,51,50대,화장품 판매원,광주-서구,True,14-17
65357194111d453ca850829abe8d3100,남자,63,60대+,무직,서울-중구,True,11-14
62ccc44dbf51404c8517bdda98223a37,여자,51,50대,무직,제주-제주시,False,
ab4510be0671440ba7a5c615a0353b77,남자,44,40대,소규모 상점 경영자,인천-계양구,False,
010ae4f858ea460e8957441298f38b2a,여자,56,50대,무직,경기-양주시,False,
2f346ca275f4430493e15ce8890433ed,남자,36,30대,경영 컨설턴트,경기-광주시,True,17-21
e7c2ec290c0a42eaab42b722ac4b8611,여자,48,40대,보험 사무원,제주-제주시,False,
12d89cb6c9f74180b07dd1d170fd9e91,남자,77,60대+,인조석 설치원,서울-강동구,False,
d80f44de8fed4192af73d1b6331ce0f7,여자,34,30대,데이터 분석가,서울-관악구,False,
b299d8c6acc34279a069086b043beb80,여자,60,60대+,무직,대구-서구,False,
54719169f3754081b05d2d6eccc4a09e,남자,63,60대+,기업 고위 임원,서울-성북구,True,14-17
249b97c2b9ef4d35a94b5017a9eeb444,남자,35,30대,데이터 관리 및 운영자,서울-강서구,False,
c42fa26b85984e90a642cf3cace16cfd,여자,52,50대,건물 청소원,경기-안양시 동안구,False,
447ec02a34d14a1880069cc0a86033fa,여자,40,40대,화장품 및 비누제품 시험원,경기-남양주시,False,
7077a92c50854ca0814c4db223719711,남자,34,30대,그 외 전기공학 기술자 및 연구원,경상남-하동군,False,
2bacf391cb5845e0a455b3d35c61a866,여자,81,60대+,무직,충청남-서천군,False,
8b23472d2b104b0d9bbb30af59fe7f8e,여자,59,50대,무직,울산-남구,False,
2573f42bd6a64866889d67da44385a41,남자,80,60대+,그 외 기획 및 마케팅 사무원,서울-은평구,False,
dcc7129527c046e6b81472236a3318c4,여자,69,60대+,무직,경기-평택시,False,
87410ab5e1364b04a31c98ce0e9a0637,남자,56,50대,하역 및 적재 관련 단순 종사원,경기-용인시 기흥구,False,
0d627474b6af4ee089a15bba6feeb4dd,여자,86,60대+,무직,충청북-괴산군,False,
f2875732670f4bd183827bd75504a083,남자,65,60대+,전기 감리 기술자 및 연구원,경기-군포시,False,
d44d399876bb4e1fa94423f06388099e,남자,47,40대,산업용로봇 조작원,경상북-경산시,False,
a5cbba3466d54b70a2dfc039e04b9cea,여자,59,50대,승용차 및 승합차 운전원,서울-노원구,True,17-21
f52b21fb5e2c46baba77d40343d6872c,남자,42,40대,무직,인천-남동구,False,
6944a70ed1b84056b43844c46ef267ea,남자,87,60대+,무직,충청남-논산시,False,
1c04e72b17264a4e9ac892aa9fbd4ab7,여자,66,60대+,무직,서울-강서구,False,
6ce4c452f86046079a28f966df55b8d1,남자,41,40대,자동차 경정비원,울산-남구,False,
1c2c1c37d58b4d3d8d87e205579fa8bc,남자,81,60대+,무직,서울-강서구,False,
c54c2ee20bc041f7bb9027922ba4119f,남자,45,40대,조사 전문가,전북-전주시 완산구,False,
e089dbd7e93843c8a090bd50b4bf32a3,남자,54,50대,무직,강원-원주시,False,
4dbfa250f9ef4a649b1e7f14787d246f,여자,51,50대,통신장비 기술자 및 연구원,경기-여주시,False,
14320f204a18444f8239b86938ee5c32,여자,43,40대,그 외 금속 공작 기계 조작원,경상북-경산시,False,
75c1b647ea414b83bc2a7b28447b1a14,남자,45,40대,무직,경상남-창원시 마산합포구,False,
eb088d47da8448a8afe5b6d3556db072,남자,38,30대,변호사,전라남-영암군,False,
bd5591d1a49c4c269bb29be7d29647fd,남자,26,20대,무직,서울-관악구,True,17-21
5c58f1e3a8c6422ca8cf5e275410316b,여자,48,40대,119 구조대원,광주-남구,False,
edf3d2effef44492a9d076c8a57f76c7,남자,61,60대+,무직,경상남-창원시 의창구,False,
7dc433acbbcf4a2196aaa2ade9709d3d,남자,39,30대,조사 전문가,대구-남구,False,
1961296100fe46ee83f2c97a6e601b74,남자,56,50대,육군 장교,경기-용인시 기흥구,False,
8df59a084ed74f7abc515cab2d2afeb3,남자,26,20대,무직,부산-강서구,True,17-21
a7941d1b47554cdbaaa79b880521e9c9,여자,22,20대,무직,서울-동대문구,True,14-17
b5d30c02c5c94ddab478074ab6a1c7fa,남자,36,30대,회계 사무원,서울-종로구,True,11-14
95b92cf6e838437693169c2aa80c232a,여자,66,60대+,건물 청소원,경기-부천시 소사구,False,
1f83caf89ca04bbcba7895750b97f10f,여자,53,50대,무직,충청북-청주시 흥덕구,False,
5455c187c7ba41ffba42d231e53b6ce3,여자,35,30대,경리 사무원,서울-동대문구,True,11-14
73a7a76f2e494070861a9880e8f97049,남자,21,20대,경영 기획 사무원,경기-용인시 수지구,False,
41a51e143a2b40aca8e2abc7446d7e2d,남자,54,50대,토목 제도사,광주-광산구,False,
ee8cdeb37aa9406c95829c97dffc2220,여자,56,50대,철도운송 관련 종사원,서울-강동구,False,
d8397c71e105468abca8ff0b7f22dc18,여자,54,50대,무직,서울-관악구,False,
0deaca69a68245638206e3a98bf622df,남자,56,50대,하역 및 적재 관련 단순 종사원,서울-관악구,True,17-21
62f56c1b51ce4e3da798917a6e1ecd70,남자,26,20대,그 외 고객 상담 사무원,서울-구로구,True,17-21
6bc6744fada74d88b53851acb12ac792,여자,78,60대+,손톱 관리사,전라남-목포시,False,
ca816e9362214b13b5a07e3ac2956a13,남자,44,40대,사회복지사,대전-동구,False,
d94203b02166440896db8e1e2fdfb3fb,여자,27,20대,가사 도우미,경기-수원시 팔달구,False,
4f27967943fe4efa84c6c3d7a78e7e9b,여자,62,60대+,무직,부산-해운대구,False,
029cb3c2eb4c43ad91f71a885ac9a9ee,남자,34,30대,모바일 애플리케이션 프로그래머,대전-유성구,False,
21f8e596fe08446189dcccee479598cc,여자,71,60대+,무직,경상남-창원시 진해구,False,
31421a2130734e999dab10b0ebb5b0c1,여자,46,40대,승용차 및 승합차 운전원,경기-군포시,False,
288c61c8c90a44c5adfdc4989473d057,여자,31,30대,냉난방·공조공학 기술자 및 연구원,경상북-경주시,False,
23e689017c8445c69cdf07ca2a9d8a01,여자,73,60대+,무직,광주-북구,False,
c7db6dc75a874d6ba24b773ef5373f33,여자,44,40대,일반 경찰관 및 수사관,경상남-사천시,False,
3e3d1a83d9fe4dcbb529c8d0755e5b7d,여자,27,20대,마케팅 전문가,경기-의정부시,True,17-21
23bce0f2f92e40daba195002b0815241,여자,86,60대+,무직,서울-노원구,False,
32a5c052031841a9afc0d85c7649c08b,남자,22,20대,무직,경상남-양산시,False,
ebe013f4230a422d8969301472129578,남자,28,20대,시설 경비원,경상남-창원시 마산합포구,False,
f8812728dbbf43ed99ccb9e98dae2ec2,남자,81,60대+,무직,전라남-완도군,False,
549bad69a4964ade97e06fb22a9c87dc,남자,61,60대+,무직,경상북-안동시,False,
f978eff6b83f4f65a3d2766074d9a922,남자,66,60대+,무직,경기-안양시 만안구,False,
c3de62afc2e24d6d99a03294f9efd1ed,남자,73,60대+,무직,인천-서구,False,
d36dadb3ae2e48a78923d708ca3dae5e,여자,21,20대,무직,서울-노원구,True,14-17
16ff39b0886a424f83682fb660e49b18,남자,58,50대,범용 소프트웨어 프로그래머,경상북-경산시,False,
5233a0b662fd49c4825e2c5cfb388b2f,여자,51,50대,금형원,경기-평택시,False,
6e546e512ab14808981395051b4c607a,여자,35,30대,요양 보호사,경기-오산시,False,
9b466e08e61b4e2a9fb3af7a533c2f32,여자,36,30대,무직,경상남-김해시,False,
5e5f11aa9c0f49c6a82f91839e844545,남자,28,20대,인사 및 노무 사무원,경기-의왕시,False,
8cb6b7aba2874314b1db2129d74019e8,남자,59,50대,경량 철골공,부산-북구,False,
7221f653507f4203bf1518246e442fcc,여자,34,30대,예약 및 접수 사무원,경상남-창원시 진해구,False,
f44f5c7447234386bd5101e80ec2e283,남자,55,50대,금속제품 도장기 조작원,경상북-구미시,False,
03286bbbf0cf4d5db641d824fbebeea1,남자,62,60대+,무직,인천-서구,False,
f2fad4b83e494d119f5960b9c63822fe,남자,59,50대,사무 보조원,서울-중랑구,False,
873c97c79d6a4b25aae02b6b628dba53,여자,69,60대+,무직,경기-포천시,False,
41388a7b4d11409aad2deead09fec46d,남자,63,60대+,재무 관리자,대구-서구,False,
a1deca888bef466aa447718b25eeaa66,남자,55,50대,식품 영업원,경기-성남시 수정구,True,17-21
20055da995a94115a24f5d7badec0a89,남자,59,50대,철로 설치원,서울-노원구,True,17-21
a9ca807022ca4c77b744635a6dc584f8,남자,27,20대,무직,서울-서초구,True,14-17
6e0b28c599894c019f96a250f8c88b3a,남자,43,40대,경리 사무원,인천-서구,False,
103027414cf3455ba6a56a4cf0e0e753,여자,36,30대,전화 상담원,서울-은평구,False,
199464565edb4f84949f915d790f378d,남자,47,40대,관리 비서,인천-계양구,False,
7e7c1a0ca582432a9b48431247f52a1a,남자,56,50대,무직,인천-부평구,False,
7e9fc9d149ec475d84f2f474a6d21785,남자,43,40대,건물 내 전기 설치 및 정비원,경기-수원시 권선구,True,17-21
31e524e9c02a45b9b832d3e6a52fa605,남자,33,30대,자재 관리 사무원,서울-관악구,False,
5a852cd16d264362a80d4b1538ff7f58,여자,64,60대+,무직,서울-관악구,False,
1f17aba2594647509f673f997aaeb4f7,남자,74,60대+,그 외 서비스 관련 단순 종사원,강원-원주시,False,
0bd780255e09456091b3488f1ee98fa0,남자,22,20대,"전직 통신기기 기술자 및 연구원, 현재 구직중",인천-서구,True,14-17
9a79c93b3a184be980fa27b84007be16,여자,38,30대,일반 간호사,서울-강북구,False,
ec62b6f8c303456aa619a7cae209bdf5,남자,33,30대,"전직 변호사, 현재 구직중",광주-북구,False,
ff0f7072c91647a593e9708d93d2a2b6,여자,29,20대,그 외 화학제품 생산기 조작원,충청북-진천군,False,
620b4a9d3ead4405b618612576440fc7,여자,92,60대+,무직,서울-강북구,False,
11164dd80ad94e82a6b96b92e239436c,남자,30,30대,무직,서울-서초구,True,14-17
dabbe87c1758449d95e30da940cd62dd,여자,62,60대+,"전직 마케팅 전문가, 현재 구직중",경기-수원시 영통구,False,
c5d0cd17b890423d97a69f9735baea90,여자,67,60대+,무직,부산-사상구,False,
b906d4d44a4142359480d5d3bce0f4f7,남자,35,30대,회계 사무원,부산-수영구,False,
519133c282824340931a4c462fde8ca9,남자,40,40대,기업 고위 임원,경기-동두천시,True,17-21
e051d65f615d443ca21bcbdbe142b1dc,남자,53,50대,소규모 상점 경영자,경기-김포시,True,11-14
d38e51c8ea6e4a949092bb9ad1b0f0ad,여자,41,40대,전화 상담원,대구-달성군,False,
b524b5ea5fb04a8caf15bbc7ed031ff9,여자,39,30대,광고 및 홍보 사무원,경상남-창원시 성산구,False,
c8709f781ded4c8eaedbfb40f1c4db78,여자,73,60대+,무직,대구-수성구,False,
69db177de38e45259e1010ead3c2b306,여자,54,50대,그 외 전문 의사,경기-수원시 장안구,False,
09cd1b2e0448408aa101927ac1b2c434,여자,61,60대+,쓰레기 수거원,경기-수원시 영통구,False,
1a0f97606e3c4cc4926ea63d22441852,여자,53,50대,회계 사무원,대구-달서구,False,
d8dbd9fd0f2a49c9b8c208d6228aa826,여자,74,60대+,무직,서울-노원구,False,
411a22456d3c4938b847638fb57a8434,남자,62,60대+,주차 관리원,부산-중구,False,
595a9b38f8c849d480d1a5f7e80429f9,남자,21,20대,무직,경상남-창원시 성산구,False,
b8ecdcac81944d638794b1c070d67790,남자,58,50대,시설 경비원,강원-삼척시,False,
d3049ca0f8ad47bc87ec26ae49157d70,남자,41,40대,건물 경비원,경상남-밀양시,False,
d25a451b59c64feb8c3cdc9de0ef42d1,여자,46,40대,한식 조리사,경기-용인시 수지구,False,
431dd7c8bcd8483c8ff808eca1d6c8f4,여자,58,50대,무직,서울-성동구,False,
7aafbd01221446e49387f3db3ee8c22a,남자,48,40대,용융 도금기 조작원,충청남-천안시 서북구,False,
fb72e49323304bf084a701b829fc7c4a,여자,75,60대+,무직,경기-고양시 일산서구,False,
2fc8a03fdd9247069bb6248d27079139,남자,44,40대,자재 관리 사무원,광주-광산구,False,
a7aed9d78a634c35a7b476c48d4b5c5e,남자,33,30대,가전제품 판매원,서울-강동구,True,17-21
76459fb1fe0d4009b627cffab667d446,남자,63,60대+,무직,부산-북구,False,
02f0b66705ad481d8b2cb84dc9bffd2c,남자,89,60대+,무직,경기-용인시 수지구,False,
2d74d1da296d40df959f7516b13c5d1e,남자,65,60대+,무직,부산-부산진구,False,
494e76ec924f464d930b49bf7cc6ac97,여자,53,50대,무직,서울-송파구,False,
5081e3002c4246149e73973b67214521,여자,58,50대,시설 경비원,경상북-칠곡군,False,
71b630fb58df4b479a1c0cbf849fa7f8,여자,74,60대+,무직,경기-안양시 동안구,False,
faac6707d78d40f1a84b6cd2ee9b9197,여자,42,40대,광고 및 홍보 사무원,서울-구로구,False,
ee1228dce8b7421c8175316c3da5c73e,여자,71,60대+,간병인,경기-수원시 권선구,False,
d5d6c0e2b8f0425193b35664ebe12c0d,여자,38,30대,학습지 방문강사,대구-중구,False,
e807536b66854ec48b916420dbfdb735,여자,75,60대+,무직,인천-서구,False,
10741c9c6beb40fb959c3dbdfce24486,남자,58,50대,범용 소프트웨어 프로그래머,경기-고양시 덕양구,False,
c292cd06b8aa4a40bcda282c78a1098d,여자,43,40대,건물 청소원,경상북-구미시,False,
e3c45dbae7d746c1b2313bebcf2d211c,여자,41,40대,그 외 건축 도장공,울산-울주군,False,
67181940da7a482199709e5bf011b43f,여자,28,20대,"전직 상품 기획자, 현재 구직중",경기-수원시 장안구,False,
2880a16529f9417e830ff7765caeb9b4,남자,45,40대,하역 및 적재 관련 단순 종사원,경기-용인시 처인구,False,
ca952bc50aa8440a8599769839ba10c1,여자,39,30대,장학관 및 장학사,서울-영등포구,False,
62a53e8b04bc4b54928b8380ad0afba4,여자,65,60대+,무직,경상남-창원시 마산회원구,False,
1e2104f09d7c430aa0b2634025215f3b,여자,30,30대,무직,경기-안양시 만안구,False,
9df729b8bc6b4737aff822ef0028b401,여자,84,60대+,무직,인천-부평구,False,
834cf210c64d40a39d570efc8dbf45f6,남자,75,60대+,"전직 그 외 서비스 관련 단순 종사원, 현재 구직중",서울-송파구,False,
547e848f2a2348bda671b9cba4106ec6,여자,64,60대+,무직,서울-강남구,False,
fccc6066eff646498f1f1b74ca89a32d,여자,54,50대,교육 및 훈련 사무원,제주-제주시,False,
cd805ca5255d40cea309d18719b04c0c,남자,65,60대+,무직,서울-구로구,False,
bfa371125db444c7a8a9ecbcb8f21232,남자,78,60대+,무직,경기-용인시 수지구,False,
092cde17b12044e2a5ad9811e8173eff,남자,39,30대,소음 진동 기술자 및 연구원,경상북-구미시,False,
ea775cdee1eb4e1d9fa9ff8c759b9b64,남자,65,60대+,무직,부산-서구,False,
0a9916e5a23544138c3c349877c5d4a5,남자,48,40대,방송장비 설치 및 수리원,경기-안양시 만안구,False,
d0a64ee309da4338a97ed2f300208b39,여자,50,50대,"전직 한식 조리사, 현재 구직중",서울-강동구,False,
e767c6b38a6b4c97a14529270c1ef8a3,여자,31,30대,일반 비서,부산-북구,False,
f1e107ccb68c4f73b21a110b53dce828,남자,62,60대+,건물 청소원,경기-용인시 기흥구,False,
cac72cc84d404fbebe2f2eb0c74a79fa,남자,67,60대+,무직,경기-파주시,False,
6db75bda0cff4e21a7f0fe672b42d97a,남자,67,60대+,무직,서울-금천구,False,
f3a175b77c7e4807bf483518ee4a25cf,남자,49,40대,실업 교사,서울-동대문구,False,
63342b94d4e94610956de68371369f1a,여자,40,40대,지게차 운전원,경기-용인시 처인구,False,
bda6e764e6ed49af92cd38f47eb4b868,여자,41,40대,무직,충청남-천안시 서북구,False,
9e34475a24b441c0b60eb39f781d49f6,여자,61,60대+,무직,경기-안산시 단원구,False,
2c69a3583f7c4a95ad6d7b81075ebcca,남자,58,50대,그 외 기능 관련 종사원,경상남-창녕군,False,
02ecf559736a46cca25c6ab52e1c6c33,남자,64,60대+,무직,전북-완주군,False,
47e3d1cdf7be4a42a13c194434b9cd3f,여자,74,60대+,약사,대구-남구,False,
f6a1120191cf44b7a86e933f2173264d,여자,71,60대+,무직,경기-고양시 일산서구,False,
a31c65bcc1eb443a8b8821a92b21f6ac,여자,57,50대,일반 간호사,경기-수원시 권선구,False,
13976fdcfc0343abbe4420ea784a16f0,여자,59,50대,일반 간호사,경기-김포시,True,21-24
878461c5b9144a0e87a2a8416c53c835,남자,35,30대,프레스기 및 절단기 조작원,경기-용인시 처인구,False,
41e5da94e7f4495aba45ae7beb7aeb0c,남자,63,60대+,전기 용접원,충청북-증평군,False,
185766715980486fbbc30bdb6d83a194,남자,60,60대+,무직,경기-부천시 원미구,False,
cd23143e85c84e309ad75a86b538afc1,남자,46,40대,그 외 법률 관련 사무원,경기-고양시 일산서구,False,
05b60e163c95479eba8e6e95b4499453,여자,63,60대+,"전직 노점 및 이동 판매원, 현재 구직중",부산-동구,True,11-14
6ff0ab02f3154abe822b5039a014eb53,여자,60,60대+,무직,대전-동구,False,
70c66ef233a44372becb37d025e4be7e,남자,60,60대+,무직,전북-전주시 덕진구,False,
7c7d8055ce5f4459af10665bb802d979,여자,66,60대+,무직,서울-중랑구,False,
642c20ffcf4c430396d024ab80c3b3c9,여자,62,60대+,무직,충청남-부여군,False,
dbc6b34a3c1e40aea4b5eb8ccb3e597e,남자,22,20대,무직,강원-춘천시,True,14-17
5acc72d2b35540068966beba08f661f1,여자,59,50대,건설 단순 종사원,세종-세종시,False,
8f41f6487f864297a4cf103b54545dd1,여자,76,60대+,건물 청소원,경기-김포시,False,
03b639fa6d0b4a439b8429bd22cbaf04,남자,39,30대,지게차 운전원,경기-화성시,False,
7066a0571b094eb0aa797e486b7ff149,남자,56,50대,강구조물 건립원,서울-강북구,False,
1aaf1d9234ee4d1c8f6f60fc747e05cc,여자,47,40대,무직,충청북-진천군,False,
e0687ec968444f0ba3d1bc22306b4035,여자,86,60대+,무직,전라남-장성군,False,
cd9024e4e8e945c1b72dbaa1c66abd6b,남자,80,60대+,무직,충청남-천안시 동남구,False,
9818f27a693f45e0b24753774ed426e5,여자,24,20대,보육교사,강원-삼척시,True,17-21
2de7c07631e54a57badeda2a4c4e1591,남자,65,60대+,의무 기록사,전북-전주시 덕진구,False,
85d9d57e84eb4616914725716122cadc,남자,41,40대,가구 판매원,충청남-예산군,False,
058d5d6783ce408d92005d7b0e4c76d6,남자,40,40대,약사,제주-제주시,False,
6e695b01dee541e090177057b2c68277,남자,42,40대,회계 사무원,서울-구로구,True,17-21
93a0076607f54c3e94bc0f4dc5103c4e,남자,41,40대,정보 시스템 운영자,경상남-창원시 의창구,False,
ec738df2396e444e996f5816b1a0ebce,여자,50,50대,택배원,서울-동작구,False,
3f41027629d143b891adcd573444570e,남자,29,20대,그 외 법률 관련 사무원,경기-수원시 권선구,True,17-21
e034861f7d144a378172288533e6dcb3,여자,62,60대+,무직,경상남-거제시,False,
e5a42f32310f476780c1b775159adba7,여자,79,60대+,"전직 건물 청소원, 현재 구직중",대전-동구,False,
2c5d1df648fb4d4296910bf6cc48470f,남자,88,60대+,무직,대구-동구,False,
dd524646c3c6406ab94242f3e117f66c,남자,42,40대,건물 경비원,경기-안양시 만안구,False,
d828ad49001948ae81cd6767171e9a9d,남자,59,50대,사무 보조원,인천-연수구,False,
8b62d06604eb4cbf82811c6a11b44766,남자,58,50대,전화 상담원,대구-수성구,False,
0572b9e09f0b466a9bcac09623edd58d,여자,56,50대,전화 상담원,서울-광진구,False,
fb0149110e1e4c27978660648d216735,남자,56,50대,덤프트럭 운전원,전라남-여수시,False,
cfdc06b5a673483d801619b8fbaa4a13,남자,66,60대+,중식 조리사,광주-동구,False,
4f4c6a5de8f74faeb6d35ca842666781,남자,45,40대,직물 패턴사,경기-안산시 상록구,True,11-14
3fce59438d5c4150a73a42cd98ccb50e,여자,73,60대+,무직,인천-서구,False,
a2b17661fbe0476797973cb4d16d58ff,남자,45,40대,무직,서울-서대문구,False,
58a8bf6d90df464daea4e373f4d7fbaf,여자,57,50대,한식 조리사,인천-남동구,False,
07daa053946c4643a9e4bd4a9c3064a4,남자,42,40대,그 외 건물 관리원,서울-도봉구,True,17-21
1df0681b0b4e46ee8b6aa9a146b76a2e,남자,32,30대,지게차 운전원,서울-용산구,True,17-21
004b831638f0456099d504ec71c7cb55,남자,40,40대,보육교사,울산-동구,False,
179f5b52535d428a8133bf317636d596,여자,43,40대,회계 사무원,경기-김포시,False,
1d923b2f660a4c47b85edc3843f68b9d,남자,29,20대,무직,경기-의왕시,False,
3271d91b5726458da1f5789339c0210f,남자,58,50대,경·소형 화물차 운전원,부산-사하구,False,
a79b27ac5b9f4fb18f8cfcd3fa24b10b,남자,47,40대,수동 포장원,경기-남양주시,False,
c4d0227d3bfc4162b17b81dd014b1f15,여자,61,60대+,무직,경기-안산시 상록구,False,
34261967d2124eee8d89fa57ad022787,남자,63,60대+,무직,충청남-논산시,False,
cbbcaf5b34c2414cbff70df74ffd6b4a,남자,53,50대,강구조물 건립원,충청북-진천군,False,
ff3b64ae1bf24c8e83ec8d459f61f19a,남자,30,30대,냉동 및 냉장기 설비 조작원,인천-서구,False,
345f0ff709c540b6bec156fe5e398dce,남자,38,30대,사무 보조원,서울-중랑구,True,17-21
14e6a4808cfe4ac8acdb81209dd33567,남자,42,40대,플랜트공학 기술자 및 연구원,부산-기장군,False,
e7c588fb82464e0d9e7a8b9b797abd6c,남자,56,50대,철도운송 관련 종사원,경기-남양주시,False,
ffbdc84993f447baabc68944bf958f95,여자,31,30대,무직,경상북-구미시,False,
6b141781547e46c582909d7fe982c9e9,여자,60,60대+,무직,인천-강화군,False,
2e11da62f9f24482b6c19fb14e55cc1f,여자,80,60대+,무직,인천-계양구,False,
93ce2f16f8164e31b622d0bddd65f157,남자,52,50대,엘리베이터 설치 및 정비원,경기-화성시,False,
5bfb73ddf65d45558d18bc8df932efd0,여자,67,60대+,무직,경기-시흥시,False,
b859ebdbb4ab43c9a52ee87a11490eb9,여자,58,50대,그 외 건축 마감 관련 기능 종사원,경기-수원시 장안구,False,
5cfdc12d5d754099aa4c93f42db0d5ce,여자,60,60대+,무직,경기-평택시,False,
e494c74fbea24404ad01d7951d147856,남자,62,60대+,무직,서울-서초구,False,
a2cf0c33403d4096830c6245f054e2cd,남자,46,40대,건물 경비원,경기-용인시 기흥구,False,
5207c1369d4d4ffd98b164827488aaca,여자,72,60대+,무직,강원-횡성군,False,
4dae974e8d5d4c989e4f11998dda302f,여자,73,60대+,무직,대구-북구,False,
1ee54e0991d542f79c0ae9a644ac34bb,남자,27,20대,무직,충청북-청주시 흥덕구,False,
126c82c1228749e18c2bcb3ea3f8455f,남자,39,30대,가스 점검원,서울-금천구,False,
e0ef4e6ec3814bff91d3e320d557565c,여자,40,40대,무직,서울-송파구,False,
8f4e5ec6e8fd4b6e895e864f1fabf42e,남자,58,50대,무직,서울-송파구,False,
48cd58e2b04f443c802c4bbc4f8b2e7d,여자,65,60대+,시외 및 고속 버스 운전원,서울-강서구,False,
d575e804e69d43bea41fa13af82545b1,여자,67,60대+,무직,경기-광주시,False,
63bb5cb0363d4aaa8b24404dbb963fee,여자,47,40대,"전직 일반 비서, 현재 구직중",경기-수원시 팔달구,True,17-21
f34f94ce8a4c43fb917bd118c5a1513c,여자,25,20대,"전직 그 외 상점 판매원, 현재 구직중",경기-안산시 상록구,True,14-17
2946d770bef6480f93e8eb2c7dbdafd5,여자,36,30대,"전직 마케팅 전문가, 현재 구직중",경기-광명시,True,14-17
22751daec4794c74b0f6066cb20b1126,여자,22,20대,광고 및 홍보 사무원,전라남-장성군,False,
295f774edcb7408d8c00bde3e0c41f7a,여자,84,60대+,보육교사,전북-군산시,False,
1406ae4a63d841bf8518e00bc3e4cd33,여자,42,40대,그 외 돌봄 및 보건 서비스 종사원,대구-동구,False,
cd263620174f4f509ae91ff4150e3744,남자,44,40대,"전직 생산관리 사무원, 현재 구직중",인천-서구,True,14-17
84ecc83a1dee489ca15ddd64d7a6c03f,남자,39,30대,기계제품 생산 관리자,울산-남구,False,
a4341ffe7e5741d1821dba5b870d32cd,남자,20,20대,그 외 하역 및 적재 단순 종사원,경기-평택시,True,21-24
a26581df50974f7bb41bf9eea7fcf122,여자,62,60대+,무직,강원-원주시,False,
81ca0731d1b8434ca4a584ab860205c3,여자,21,20대,무직,경기-용인시 수지구,True,14-17
3297f309ae124074899521f8f93475bb,여자,47,40대,기업 고위 임원,전북-익산시,False,
bb2cc9e20f894230bf2430a4d631337a,남자,24,20대,철도운송 관련 종사원,경기-안산시 단원구,True,11-14
957de125cda74788b5740e6dc9058c17,남자,46,40대,엘리베이터 설치 및 정비원,광주-서구,False,
e983cfc96c7f46afbd82c7bb86ecfd5f,여자,50,50대,시설 경비원,경상남-김해시,False,
2bdc784ee69f4f87b2c5a9814fa0666f,남자,66,60대+,가스 점검원,경기-파주시,False,
21b968861e1a4078a21a5db56bbaead3,남자,34,30대,전화 상담원,경기-시흥시,True,17-21
4ad70a66d6a84e8c87897da0918610f9,남자,38,30대,"전직 석유화학 기술자 및 연구원, 현재 구직중",부산-사하구,False,
e7de233590db45329cec1988497bc2f6,남자,55,50대,경영 기획 사무원,서울-영등포구,True,11-14
b91ef64f9c9a4b88a7435e1e60a9612e,여자,52,50대,관리 비서,전북-진안군,False,
a523499dc1f74c6ea0aa76e7cc966dc7,남자,56,50대,무직,경상남-창원시 진해구,False,
54b59a7280994f239cc814cb6ea41934,남자,30,30대,발전설비 기술자 및 연구원,전라남-순천시,False,
db3f0bfec6d3435dbe96ffdc44856dfa,남자,19,10대,무직,서울-서초구,True,21-24
d9bbcaadbd06422097d20e7d1c111e1e,남자,46,40대,가스 생산기 조작원,울산-남구,False,
84d6dc5bd82541089c703810bdc90273,남자,64,60대+,노점 및 이동 판매원,부산-해운대구,False,
2149a564d1074b95ba627a8847917634,남자,53,50대,무직,경기-이천시,False,
ca71397289d24e96b5b55238323cf66e,여자,86,60대+,건물 청소원,대구-수성구,False,
41519ac6b32a4fa7ab91635f465b5258,남자,61,60대+,리프트 조작원,경기-성남시 분당구,False,
7fb2614f21374f5ba5438b7786528cc5,여자,25,20대,무직,인천-서구,True,17-21
bd53cda26baf4d4caa5ecf3233f5d2c7,여자,41,40대,기업 고위 임원,서울-양천구,True,17-21
0aded72b5c2545e1b72ab969be790475,남자,50,50대,무직,경기-용인시 수지구,False,
6ad33e7485f74a1db12677cb438add9a,여자,63,60대+,무직,전북-순창군,False,
a52dfa2518f340beac93b78e09712a7b,남자,47,40대,전화 상담원,대구-달서구,False,
f7f81f70b73b43929bcc0059a76135bb,남자,63,60대+,무직,인천-부평구,False,
c47ac8400e55446d81ffad4048ac046b,여자,89,60대+,무직,전라남-해남군,False,
24231f9a5fa447569ff86fc46a1713ff,남자,47,40대,관세행정 사무원,경기-고양시 덕양구,False,
a422bd4abd2943fba41f8aadcd5632a4,남자,23,20대,무직,인천-서구,True,17-21
7a05e3bc965c4ac6bf54fe83d1cbd3b7,남자,35,30대,그 외 제조 관련 단순 종사원,경상북-문경시,False,
89566306cc8e478083123e202a305798,여자,61,60대+,무직,인천-미추홀구,False,
7d64038238764158a4355b548fa15c33,남자,35,30대,보안 관제원,충청남-홍성군,False,
866c4d744176488da1eafe9fea832b0a,남자,41,40대,경리 사무원,대구-북구,False,
57c54c097fa844ff8c53bf4b9434dbef,남자,61,60대+,철도교통 관제사,경기-의정부시,False,
a6551b32e00e4a809071326ffed883ab,남자,33,30대,타이어 생산기 조작원,경기-남양주시,False,
d0cfa9759b5f4f6a9c1701b84d82cf47,여자,41,40대,무직,경기-하남시,False,
d3c4847c4921492da48eaf165ca527d5,여자,33,30대,무직,부산-부산진구,False,
ffd29bcd15684180ac5c1c49911e3d18,남자,83,60대+,무직,경상북-성주군,False,
0d7e0f93f3f44a51b072fc53790e1553,여자,29,20대,무직,서울-강동구,True,14-17
2b123ac1a8214979ad6efdc84dbf6365,남자,58,50대,소규모 상점 경영자,경기-구리시,True,14-17
d3355e63bb9b4117893851c86c598e1c,여자,62,60대+,무직,부산-북구,False,
caca79b99e5c4d8aa5c221d11b20f29d,남자,39,30대,그 외 금속 및 재료 공학 시험원,충청북-청주시 흥덕구,False,
4188fd76db3e44c38c564a0ad40bf814,여자,22,20대,미술관·박물관 해설 및 안내원,경기-안산시 상록구,False,
684beb0b98af4dadb506c79ba05c82a0,남자,52,50대,총무 사무원,강원-춘천시,False,
9ffc0824bb5e4ce0a21a0fd6e2489fc3,여자,35,30대,경리 사무원,충청남-보령시,False,
2ba3dbc2f5fb4ad8851123777e91857f,여자,69,60대+,무직,대구-달서구,False,
e139792193da489ca8cc04fb1a96bc1e,여자,56,50대,기업 고위 임원,경기-광명시,False,
d7633090d7d64d7f8402360dc174b6f8,여자,62,60대+,한식 조리사,서울-도봉구,True,11-14
7ebcd1d6108e493e808e8296022727e9,남자,57,50대,강구조물 건립원,인천-남동구,False,
9b46094644164a4db1f16eff81b83cc8,여자,34,30대,한식 조리사,충청남-보령시,False,
adbac2f08c654babb24a8fd595b08361,남자,51,50대,금형원,충청남-천안시 서북구,False,
7d8fbd7be45543ae82fb1fda4f406986,남자,66,60대+,무직,부산-금정구,False,
5d47c430d6e048d7b7aab56512a5f1a3,남자,31,30대,굴삭기 및 불도저 운전원,강원-원주시,False,
6178cfb3af4e48e8ad9bde78c8caa1f5,여자,65,60대+,무직,부산-기장군,False,
0597212251764fcd9e3af5e02b4f9a65,여자,45,40대,총무 사무원,경기-안산시 단원구,False,
c45237dbb8344312a2bc2bb881a9767e,여자,66,60대+,음식료품 판매원,경기-화성시,True,11-14
fff7708ae34849d1a0828884e099b23e,여자,45,40대,그 외 일반 영업원,경기-안산시 상록구,False,
cc9727ad9ce64595a8a1b9b17d14c650,남자,82,60대+,무직,경기-안산시 상록구,False,
a78d2d8518ee4104a2ea66573cff854d,여자,51,50대,보육 관련 시설 서비스 종사원,인천-남동구,False,
177c250eab3c41499c7d53144c53692b,남자,34,30대,정보 보안 전문가,서울-영등포구,False,
aafbfc0f593241c586dd9a746415e868,남자,66,60대+,그 외 서비스 관련 단순 종사원,서울-강북구,False,
7ffd082e586b41b182a93f91f403c9a0,여자,32,30대,투자 권유 대행인,서울-강서구,False,
9dc5db78e40542c4b12038ad1c2bbe55,남자,67,60대+,무직,울산-울주군,False,
8e409e318f064b37981479151628d203,남자,75,60대+,무직,전북-고창군,False,
a47d07ec81af4e6d9b3a4e451c505ec9,남자,30,30대,승용차 및 승합차 운전원,충청남-서산시,False,
f59485e85c114aeaa6779ba9073f2443,남자,41,40대,네트워크 시스템 개발자,경기-성남시 분당구,False,
ac4760edd7784da3be044c414147575d,여자,77,60대+,지방행정 사무원,경상북-청송군,False,
a3ac644eaf154213a0bc25194062f6e4,여자,66,60대+,무직,광주-동구,False,
3668b9a9a9054f0ea9388f6e50fc13b3,여자,75,60대+,거리 미화원,경기-오산시,False,
7efe00ade9664d2db2727b3e7db97bd7,여자,24,20대,무직,강원-춘천시,True,14-17
c34a8025cf9b418c9ec4a9918be4762f,남자,32,30대,무직,경기-안성시,True,14-17
5eb3230ae6f44613a839c31c654b8a2e,남자,42,40대,건물 내 전기 설치 및 정비원,서울-구로구,True,17-21
3949fec9d1b6443687e40e40e36a3f70,남자,52,50대,기업 고위 임원,경기-수원시 영통구,False,
4cf505764c5540c9aa3f09ddb708606d,여자,66,60대+,무직,전북-전주시 덕진구,False,
ddbdcbc2f0c4447888c093260db857d1,여자,42,40대,무직,충청북-청주시 상당구,True,14-17
e9996dd63339464da5083178d48b2948,여자,45,40대,회계 사무원,강원-원주시,False,
c0cef8dd21fb42e5a63ffcdf2acc8f8b,여자,69,60대+,무직,경기-수원시 영통구,False,
188f446cc5ca46e8a44d07cc4f7b10a9,여자,30,30대,보육교사,서울-구로구,True,17-21
803b952fee894307b02bc14c98cc2dda,남자,60,60대+,경리 사무원,경기-김포시,False,
98203a9688f24e6cbde149a4cc34445d,남자,56,50대,무직,경기-남양주시,False,
d737a4c1a1bd4b96b1e90d67fdb1b50f,여자,63,60대+,무직,서울-은평구,False,
ee3e918cdbcd4207b671752cf13eca27,남자,36,30대,산업용로봇 조작원,경기-화성시,True,17-21
8bcec59027244f95a73bc7d4e6267c2e,여자,47,40대,무직,서울-서초구,False,
796717971fbd481d996e3415a67679da,남자,71,60대+,무직,경상북-구미시,False,
ebe7f938eb6046418011ae9f0a1af076,남자,45,40대,경리 사무원,경기-화성시,False,
0eca5eb41adb42beb4fcd1149960c9df,여자,25,20대,도정기 조작원,경기-수원시 권선구,True,14-17
2200f05bed2f49428940cfdb679b11b0,여자,66,60대+,음식 서비스 종사원,서울-강북구,False,
c395e7a9457143e59a1f812cda16c190,남자,79,60대+,무직,경기-남양주시,False,
e0eeacd325fd426bbd018fa293194e77,남자,64,60대+,무직,경기-파주시,False,
280817f4228947fc995a551593405eba,여자,93,60대+,무직,경기-성남시 분당구,False,
f1c287fa84134698b008fa5921139501,여자,22,20대,무직,경기-평택시,False,
8c6f0333362f49a7ab835f37e0be21a1,여자,50,50대,일반 간호사,부산-수영구,False,
7f0b917dad864921ae729d3b454b29dd,여자,28,20대,무직,경기-화성시,False,
7f9f7c7fdee647ef9008b003de3bec2d,남자,66,60대+,"전직 하역 및 적재 관련 단순 종사원, 현재 구직중",경기-파주시,False,
2af369db883846aeb146a7737915c9b9,여자,59,50대,무직,대구-북구,False,
202051619b214619a1fd0af0be96e387,여자,51,50대,통계 사무원,서울-노원구,True,17-21
b06598f18f784bcb99482d38f59322b7,남자,85,60대+,무직,충청남-공주시,False,
194b7ff457514f8db5341e56e4fa7373,남자,26,20대,통신장비 기사,경기-시흥시,True,17-21
5ab65a29b55145ecaef30224065fb645,여자,64,60대+,주방 보조원,제주-제주시,False,
b28d825638854ea3a347de0dfcd32592,여자,51,50대,무직,경기-수원시 영통구,False,
f0e4a2f65cfc4424a1540cf9a8239ff7,여자,26,20대,"전직 온라인 쇼핑 판매원, 현재 구직중",경기-화성시,True,11-14
5704b677a3fb404c99484cd671a02a42,남자,77,60대+,크레인 운전원,인천-미추홀구,False,
45db7bdf4847485f86d62699f15f9c98,여자,39,30대,중형 화물차 운전원,전북-전주시 완산구,False,
0f4e1eb8ea584c7cb3b8cbe0b75c7363,남자,37,30대,회계 사무원,서울-양천구,True,17-21
dd052d5731b24f5993571758584d7a56,여자,64,60대+,무직,서울-광진구,False,
9adf82b96fb042ce938cc552ebee67fa,남자,29,20대,무직,서울-강북구,False,
a0c7b842e319408a8223ec837e5378a5,여자,58,50대,그 외 음식 서비스 종사원,경기-평택시,False,
86a95df55c724e54b1d18a7449cef824,남자,19,10대,무직,인천-중구,False,
74d8602e170643f9acc8ff2ac83a0c9f,여자,53,50대,보석 세공원,경기-광주시,True,14-17
c1437770512742988edad29d932f0e5b,여자,74,60대+,무직,서울-강동구,False,
f024c5e9df62415896944ec8165d8a3f,남자,51,50대,그 외 물품 이동 장비 조작원,울산-남구,False,
e831b4b3f6f24e84ab6a860204153a6b,여자,71,60대+,시설 경비원,서울-강북구,False,
6152acb705fc409984f36c55be21cd92,남자,66,60대+,무직,전북-군산시,False,
a57479f044114d8da9cc206cacb96bb3,남자,43,40대,그 외 일반 영업원,충청남-공주시,True,11-14
2145b8aea01a427d8e2a6673e14c41b8,여자,44,40대,경영 컨설턴트,대전-서구,False,
4434d565886f4010a639b97879930e23,여자,35,30대,우편집배원,경기-시흥시,False,
dee2accb64fc481a844d5c1c6d22cb4d,여자,24,20대,무직,충청남-천안시 동남구,False,
513d86e9fd51491caa89a797dc6bea3f,남자,54,50대,웹 운영자,강원-원주시,False,
44f34eb5663147e88169279263773248,여자,78,60대+,무직,강원-원주시,False,
8fedf2de806249f2b270326754974b67,남자,64,60대+,무직,경상북-경주시,False,
8a57514e63404cd58d15067e33016e0c,남자,71,60대+,무직,대구-수성구,False,
35eaf980051b41e29b856930f5e01d46,남자,49,40대,생산관리 사무원,경상남-김해시,False,
2fb5fe9d125e48709f1d404ab6882a83,남자,78,60대+,무직,경기-의왕시,False,
9014a79f6e994f02805802038aab0b7f,남자,26,20대,범용 소프트웨어 프로그래머,충청북-옥천군,True,17-21
d48983bf767c41a584778ac7ad7bf4b5,여자,69,60대+,건물 청소원,대구-동구,False,
a13b3be1d0fc48bda22ec9915686610b,여자,23,20대,양식 조리사,인천-미추홀구,True,11-14
85f3dc14ccf34704a2f94fb476460576,남자,59,50대,무직,부산-사상구,False,
8de2b8688a2246d0826f7497df1f7f1e,남자,34,30대,사회복지사,강원-원주시,True,17-21
3c40539917744d7589103673de4b0236,여자,43,40대,일반 비서,경상북-김천시,False,
8db27ef004b64450b838ba1dc8bbe6c1,여자,75,60대+,무직,경기-시흥시,False,
62a6ffb6865c4f30bdbb78d74a3d0c94,여자,43,40대,냉난방기 관련 설비 조작원,경기-용인시 기흥구,False,
e319ac1a97e44f2a9928852861c5cb54,여자,62,60대+,무직,경기-수원시 영통구,False,
ead587bed7db4e87b5a60668cbde73be,여자,71,60대+,무직,충청북-청주시 청원구,False,
0fb84171b1494201bc66ead8ea276742,여자,25,20대,건물 내 전기 설치 및 정비원,경기-부천시 원미구,True,14-17
2f9bd4cc96a849fa935ce5961786a3a4,여자,74,60대+,방문 고객 상담원,경기-군포시,False,
d0f4c8f561914aaf94bc481f73f5c7f1,여자,42,40대,시내버스 운전원,충청남-아산시,False,
f3850e5b59a3465993fc909bcf0ac3df,여자,88,60대+,무직,인천-서구,False,
fb464795da364d649c3f336b1f0fe882,여자,73,60대+,무직,경상남-진주시,False,
1e9bfa9fe9cc4651ab2f50c67d4482ff,남자,60,60대+,무직,부산-해운대구,False,
2e351778a84946389a1889f2bdf69cc1,여자,58,50대,무직,충청남-보령시,False,
3219b3d41cae4d9e80795423e569f1ff,여자,69,60대+,무직,전라남-목포시,False,
df71344e28dd4756be443ee0e741fd1b,여자,51,50대,재무 관리자,서울-마포구,False,
054d69c45aa94a58b73b350ad0ee1a88,여자,70,60대+,무직,서울-구로구,False,
c8ea857136544ae8922c899948497885,남자,20,20대,"전직 회계 사무원, 현재 구직중",경기-광명시,True,14-17
839457ddcd5c4d98bb906b269c62b4e6,여자,89,60대+,건물 경비원,서울-중랑구,False,
34e08cf682d84f7989e4de5df279f99f,남자,21,20대,그 외 화학물 가공 장치 조작원,충청북-음성군,True,11-14
73440f8030e04605a43e2b886ae00e89,여자,36,30대,그 외 서비스 관련 단순 종사원,경기-부천시 원미구,True,14-17
c355e5554b1b4e9281f32f30baebd0f2,여자,30,30대,지게차 운전원,경상남-창원시 진해구,False,
bb9eff4b13de4b9d866f87f1efd6bbe6,남자,45,40대,보안 관제원,경기-고양시 일산서구,False,
28fe057b60d240928ee8d2b7f5bc0d7f,여자,58,50대,시설 경비원,서울-광진구,False,
7260f3c763394d8db1c340832a217081,남자,47,40대,경영 컨설턴트,서울-은평구,True,17-21
bd1179151626460c8c2bd7114ca67022,여자,61,60대+,무직,경기-성남시 분당구,False,
2c4764ed541d46f1a3a3b85f0d3707c5,여자,31,30대,해양 경찰관 및 수사관,경기-구리시,True,17-21
322c6cb660d044da8889bde407f5eafa,남자,66,60대+,무직,서울-서대문구,False,
f4bddb7d015d4f0d879618eaf79cca0b,남자,19,10대,무직,서울-강남구,True,14-17
0439080564e343a3a0280a58ac7c1cd9,여자,59,50대,무직,충청남-보령시,False,
ec13b68af9ba4a2fa156ad046a5bbb8e,남자,32,30대,가죽 및 모피 가공원,부산-금정구,False,
56cc120530e342a1bcbd035f87792e10,남자,67,60대+,무직,경기-성남시 중원구,False,
36e307a80c8e49e6a55940ad2e388c26,남자,32,30대,토목안전 기술자,부산-북구,False,
c0450702297d4541804311174b2a5a80,남자,26,20대,무직,충청남-천안시 서북구,True,14-17
815086c5fc684c8f943113b0dc0aee5e,여자,53,50대,무직,강원-동해시,False,
2872e8ed4d6c4d229dfff1087535e9c0,여자,69,60대+,무직,서울-강서구,False,
4fd043ea741b4915be2df0d039373e27,남자,53,50대,경영 기획 사무원,강원-횡성군,True,17-21
6f8514e0c3f640fcbdd163a4d2e00367,남자,53,50대,그 외 전기공학 기술자 및 연구원,경기-성남시 수정구,True,17-21
e728bbd7800044a88363d3f32ac345a2,남자,59,50대,기계 경비원,경기-파주시,False,
0ead0defd91340258efd59d7b6668548,여자,43,40대,편직기 조작원,울산-북구,False,
e72ec68bd1554f62a92508bbc9b2f3e2,남자,43,40대,생산관리 사무원,서울-노원구,True,17-21
f57da1d114bc47bdba741381e9a8c101,남자,24,20대,무직,부산-부산진구,False,
a77891bab4aa4c5089d95bb7173e43f6,여자,62,60대+,무직,경기-이천시,False,
6fa060e9435541b482ac3ad28b7b2c08,여자,95,60대+,무직,충청남-서천군,False,
433dd62eb00a43e988d820347c662930,여자,91,60대+,무직,경상남-함안군,False,
0039d78caa8448008c6a682886c37047,남자,26,20대,그 외 일반 영업원,충청남-공주시,False,
c502ecec56984308ae1bfac146e9a06b,여자,44,40대,주류 서비스 종사원,충청북-청주시 흥덕구,False,
1dd67fc8980c4ba987205bc3b7744988,남자,34,30대,하역 및 적재 관련 단순 종사원,경기-화성시,False,
cc9f86ba56204a498025baee8965efb2,남자,87,60대+,무직,경상북-의성군,False,
d4b593c64c7c4a7685a613542745e8bb,남자,36,30대,전기계측 제어 기술자 및 연구원,서울-강서구,False,
597ec9bed71c4883b6cc3c2efb798225,여자,52,50대,전화 상담원,경기-성남시 분당구,False,
68735ee74d3048feb4d3d246d672e104,남자,73,60대+,무직,서울-성북구,False,
d96c6ae40f9b4f1781a63538abd7bfeb,여자,52,50대,교육 및 훈련 사무원,경기-고양시 일산동구,False,
d76ea20fceba4f0484feb80bd0ca0d13,남자,37,30대,그 외 법률 관련 사무원,인천-서구,False,
e183f3fe4a584aebb3d101392a200a98,남자,54,50대,경영 기획 사무원,광주-광산구,False,
47781f5b120f48368f60e5600194e5a0,남자,57,50대,냉난방·공조공학 기술자 및 연구원,경상남-창원시 성산구,False,
0cf66b46019b4dddaa3c49675b61e291,남자,51,50대,드릴링기 및 보링기 조작원,경기-안산시 단원구,False,
b78f4255a5a44b999cf1f47fc977ab58,남자,61,60대+,경리 사무원,강원-영월군,False,
51423a314809474e9967c970370605f7,여자,47,40대,마케팅 전문가,경상북-칠곡군,False,
e9d2a410bc6045b380d2e490b729479c,여자,40,40대,법무 사무원,충청남-천안시 서북구,False,
038152267f2b49758c2fab81353d0bd7,남자,37,30대,그 외 금속가공 기계 조작원,경기-용인시 처인구,False,
d88d30ada06c4d139ddab31ea063806b,남자,45,40대,경영 기획 사무원,서울-중랑구,False,
69b7cb32e0cd4546a1d40827b0eeabdc,여자,19,10대,무직,강원-삼척시,False,
2dc23cc1ef1a41ab842fdaa36c4f8de6,여자,58,50대,한식 조리사,인천-연수구,False,
171bdac9ef4348bab8fa9cec23f35bc3,여자,31,30대,국가행정 사무원,서울-동대문구,False,
983fcf69e60a43ad8f1289d208a364c6,남자,37,30대,조사 전문가,서울-성북구,False,
4299049d4eba42cb91d6558b387eb470,여자,58,50대,정보 시스템 운영자,대전-동구,False,
89033dd157354834a6b12e5f9039f5d5,여자,74,60대+,무직,경상남-고성군,False,
610128c0f79e46f39c051fe65cdb6f25,여자,61,60대+,무직,서울-강서구,False,
d11a368f31a149458fe517de76581c84,남자,39,30대,섬유 공정 개발 기술자 및 연구원,충청북-청주시 청원구,True,11-14
6d8a393407384c63b718bd2d82c674c5,남자,54,50대,상품 기획자,대전-중구,True,11-14
b7d1e2f948ee4970969b46dc5ee1ccd1,여자,54,50대,무직,인천-부평구,False,
d42c819d24b44ab3af6edfebdec73fe4,남자,54,50대,경·소형 화물차 운전원,대구-남구,False,
8a705d530ee84f8d923cd2241deac54f,남자,44,40대,무직,대구-수성구,False,
034cdf293bb04f3fbc7abbd572d2c7a8,남자,46,40대,상·하수 배관공,경상남-창원시 의창구,False,
73cba5e072a8482ab78852e4a6dd6092,여자,58,50대,무직,서울-강서구,False,
737ee41affc944b0861a6cfab21b2433,남자,37,30대,경·소형 화물차 운전원,경기-동두천시,False,
0b5b60ed60ab45bd828def3b3808f4f5,남자,20,20대,경리 사무원,전라남-여수시,False,
badd619d44964ca889445c723af7f8aa,남자,44,40대,그 외 기계 조작원,경기-평택시,False,
21f54500d1a74de4ab44dc6190d3fbe9,남자,19,10대,무직,경기-남양주시,False,
54cd5839ef5a4b3595ea44878887f605,여자,88,60대+,건물 경비원,대전-유성구,False,
8758d7fdecdc4411bbb96268971f2fe1,남자,72,60대+,무직,경상남-창원시 성산구,False,
5cffe71b3fc546a6be80d6d3dc7cede1,여자,38,30대,단말기 및 통신 서비스 판매원,경기-용인시 처인구,True,17-21
cc10e32c6cfb4fdcbc030cc0a8f3cccd,여자,68,60대+,무직,경기-남양주시,False,
a0df2ee3217e4b40a2668dde6aae0587,남자,66,60대+,무직,경기-수원시 영통구,False,
f64c9860a41d4249a918f2c60173aaa9,여자,50,50대,유치원 교사,대전-서구,True,17-21
23a852b919ed47ac8e799a915af6214d,여자,26,20대,그 외 일반 영업원,경기-수원시 영통구,True,17-21
34a442acebf24c2fb068bd14656ec812,여자,70,60대+,무직,경기-부천시 소사구,False,
c1e86598d77a42759efff1528597ccaa,남자,36,30대,무직,경기-수원시 팔달구,False,
ed9af63394674b45b27456936076877a,남자,48,40대,측량 및 지리 정보 기술자,경기-성남시 분당구,False,
7f318b9333024191b8cb18709fcd775b,남자,42,40대,화학물 증류기 및 반응기 조작원,경상남-창원시 성산구,False,
76a600f50e4b4143a65202e9c81b2948,여자,58,50대,무직,경기-수원시 권선구,False,
24cf0666a8c44d9caf419d999932e01c,여자,58,50대,주방 보조원,전라남-순천시,False,
ef7d9b2335d64c86bf44e871108c5d17,여자,72,60대+,노인 및 장애인 돌봄 서비스 종사원,광주-광산구,False,
d971a3af8d5f4a0ab7ca0d5d2e0aad5b,남자,35,30대,방송 송출 장비 기사,경기-군포시,False,
5e19f488f3c74485956985d658d3da01,여자,31,30대,"전직 데이터 분석가, 현재 구직중",경기-평택시,False,
efa92ac82ec94154b8b378cd3ab0008f,남자,62,60대+,경리 사무원,경기-화성시,False,
8ee0c2f6a4c44ce2a678ee3bd8bd8db9,남자,37,30대,무직,부산-금정구,False,
2ef09b7d1bb3472289e91ab06e446e49,여자,70,60대+,무직,경기-고양시 일산동구,False,
c8319513f053451389590f1fbd6f7dd9,여자,28,20대,유치원 교사,충청남-보령시,False,
af3ec3e202b34b45925ddfba2f04520c,여자,28,20대,사무 보조원,부산-동래구,False,
102811e6d8204436881215ac9aa4f7de,남자,59,50대,네트워크 시스템 개발자,경상북-울진군,False,
58106fb3c38a441eb602c2b291fdc6f3,남자,38,30대,생산관리 사무원,대구-달서구,False,
bca99454549141e4aaf798d6bd1094bd,남자,52,50대,통신장비 기사,경기-시흥시,False,
2ef4f7548b0449ebb1813ca02d622a84,남자,49,40대,교육 및 훈련 사무원,경상남-창원시 성산구,False,
6ba3ba2dfaff409ab73ddcbc80cb5bd7,여자,42,40대,일반 비서,대전-유성구,False,
5583c040fdb1457e9603017e4d4d8f57,여자,75,60대+,무직,경기-안산시 상록구,False,
f8d588e34eca4182a38b6b38eb56f7d7,남자,66,60대+,무직,경기-남양주시,False,
ac2068bd499f447d8eac8b41c34116b5,남자,32,30대,중식 조리사,경기-성남시 수정구,False,
1f9a35b58b644fc5acea110512cc1c68,여자,19,10대,무직,경상남-창원시 진해구,False,
fc7b8de0e80349e6ae2f1ae1f6a09e68,남자,46,40대,농수산물 중개인 및 경매사,경상남-창원시 성산구,True,11-14
3623f316d69b448dae51e2ed1b7695dc,남자,44,40대,강구조물 건립원,충청북-청주시 상당구,False,
b5b549e9a05e4b1eac0c4cb35a05b42d,여자,61,60대+,주방 보조원,경기-광명시,False,
df560761e7314af3a9ce30cff0f8d63f,여자,27,20대,네트워크 시스템 개발자,경상남-진주시,False,
6d3293fcc4d14598b69773aa186659ec,여자,74,60대+,주방 보조원,부산-해운대구,False,
a4eb348c99ff4702b5f651ca326f7f13,여자,54,50대,무직,부산-동구,False,
b5dc02d62a6544bf899ffca169179cab,남자,63,60대+,무직,전북-전주시 덕진구,False,
be676e063ee9480baa2930e05a3180c1,남자,55,50대,그 외 기능 관련 종사원,부산-북구,False,
5981d5259bc14350867d6ad974e9fd12,남자,48,40대,입학 사정관,충청남-천안시 동남구,False,
c270c48db3d840cbb46634e74d2c9cf5,여자,66,60대+,그 외 서비스 관련 단순 종사원,경기-파주시,False,
99f18bd53a6e46169d732b7d51d743c4,남자,59,50대,그 외 교육 전문가,대구-수성구,False,
084027523822418b81cd1016296f763e,남자,20,20대,식품 영업원,서울-송파구,True,17-21
3275c85fc9e74eb7960248b26fe1343b,여자,32,30대,그 외 기계공학 기술자 및 연구원,충청남-천안시 동남구,False,
adf6cd91b22d4027b8d4cf6b66a9ce3e,여자,53,50대,보육교사,경상남-창원시 성산구,False,
3081328b2470401fbec68e7b8efd1c8f,여자,32,30대,일반 비서,충청북-진천군,False,
8f9478bb334b4bf39be0e5ad14fc8316,여자,31,30대,학습지 방문강사,대구-달서구,False,
f6a941f18e3e411ebf41011d576f946f,여자,73,60대+,무직,경기-용인시 기흥구,False,
a6a2b79c7ba345889b0358efc1ff36cb,남자,39,30대,무직,부산-부산진구,False,
0103fbd24299494c94e0073d186a6d4e,남자,34,30대,금속절곡기 조작원,광주-광산구,False,
89ff30446b5c4913a43d8e8c9be4a51c,남자,56,50대,철도운송 관련 종사원,서울-구로구,True,00-06
151ae7f86ef946aaa893e6b1334df546,여자,28,20대,무직,광주-북구,False,
b52c94f95747489a967e0a9c1a2b61e8,여자,20,20대,무직,인천-부평구,False,
ff6c9bb1005d4d0d83ed9a96eb19f634,남자,49,40대,철도운송 관련 종사원,서울-동대문구,True,00-06
039188ff842c4228be4d4484a10e6be2,여자,22,20대,유치원 교사,경상북-경산시,False,
161bc9cb296f4a1e867bb3252d8bb664,남자,53,50대,양식 조리사,충청남-당진시,False,
b3bc51f199b74754a52e8d656ae438d4,여자,75,60대+,가사 도우미,경기-안양시 만안구,False,
9866e9cfe18c43a6aa72cc7176771b74,남자,26,20대,무직,제주-서귀포시,False,
2de76f1c01be42c188df193b898d6196,여자,31,30대,조사 전문가,광주-북구,False,
61f4abde44204fd0af5628c723da1350,남자,55,50대,가전제품 설치 및 수리원,전북-정읍시,False,
02d7185ec38b43dbb401253d1b657a0b,여자,41,40대,시설 경비원,경상남-양산시,False,
98eca21f8dc44d99abe892f9756a157a,여자,76,60대+,무직,대구-동구,False,
1c46327a33784d61b1aefdea9719f6eb,남자,44,40대,차량 도장기 조작원,광주-서구,False,
106893d0880a4fd28226ccda00c9046f,여자,42,40대,농학 연구원,제주-서귀포시,False,
94b0934ab0fd4f0fbd5b6cb87ac4e84a,여자,48,40대,무직,경기-김포시,False,
0fae10245526426088317e28b3a3e6e2,여자,65,60대+,무직,서울-관악구,False,
716e16942e064d9b89c29460c24b9917,남자,57,50대,그 외 식품가공 관련 기계 조작원,전라남-화순군,False,
c76c75a91c8a41e4ae820d3e657b1332,여자,59,50대,상담 전문가,전라남-화순군,False,
b2011d82ee5a47a5b723e13b81259de7,여자,72,60대+,무직,전라남-여수시,False,
0802a99cd3b448a2af1ec65da12bbf7e,남자,23,20대,무직,서울-구로구,False,
d34937fa71124f8e834cf752909927e9,남자,28,20대,무직,인천-남동구,False,
76f3921755d94430815db16de36df599,여자,64,60대+,무직,광주-동구,False,
82ef6e9bd2f74e9399e90807c483b64a,여자,19,10대,무직,인천-계양구,False,
33e2a85d1be049578c7f3879d6dbf780,남자,42,40대,119 구조대원,제주-제주시,False,
918c1be9c8c949b7a7a2249c3bf50166,여자,64,60대+,무직,대전-동구,False,
0a8985991f024bc282982d2b1e100934,남자,54,50대,목형원,전북-정읍시,False,
f2bba45ce5c84bd8869177c18f9bb71f,여자,68,60대+,무직,광주-남구,False,
08ee1d8c81924571bfbe1ee1adea7661,남자,86,60대+,무직,경기-이천시,False,
f4c8bfb2fc28498cac37e9b79629f1c9,남자,33,30대,경영 기획 사무원,제주-제주시,False,
de97c1fbe07142f78839ca02df3281b6,여자,62,60대+,무직,전북-익산시,False,
c52ebab8a6bb47259d61065bb1720e59,남자,52,50대,철로 설치원,서울-동작구,False,
ba9fba8ea1354e93b63d0c8310bc083b,여자,53,50대,커피 조리사,울산-남구,True,11-14
adbb5f9ca67f44c8bf3059bd525a1eb8,여자,60,60대+,"전직 사무 보조원, 현재 구직중",서울-동대문구,True,11-14
2d2be61c2f41401b89b6c1a604234a53,남자,27,20대,인사 및 노무 사무원,전북-장수군,True,17-21
7459a3c380cf420aab058dce3c82e39c,남자,34,30대,바텐더,서울-은평구,False,
871b6ce5664d4f8091e650a398e0d01f,여자,65,60대+,무직,서울-강남구,False,
5839099e284f49b8ae11fe1e9726300c,여자,21,20대,무직,울산-남구,False,
ce131481fd644e04bae9bfa12f39f880,남자,65,60대+,무직,강원-원주시,False,
ca6257fef643471ba42fd03366e4f9ad,남자,45,40대,산업 안전원,인천-부평구,False,
4cda5512993d494ba39b489f95ff94f9,남자,60,60대+,무직,충청남-서산시,False,
ba0bd3b6b52546058e1ce14467fdb638,남자,34,30대,무직,경상남-창원시 진해구,False,
b9396b16330447ab8f56c609b2489bca,남자,27,20대,육상운송 관련 관리자,서울-종로구,True,17-21
33d37dca528043bfbcfbca02edd2ce6d,여자,71,60대+,무직,전라남-목포시,False,
0f5878c004424292b42e334999769625,남자,57,50대,택배원,전라남-해남군,False,
51127b2be8834d3286eb4a437d3c085f,여자,73,60대+,건물 청소원,서울-마포구,False,
698ddf0c0e2349738f223b62d8c169cd,남자,30,30대,약사,대구-북구,False,
751419732f8342af8a04dc1869709372,남자,46,40대,회계 사무원,서울-양천구,False,
a6698322aea644a6a2abcd51f947d932,남자,51,50대,그 외 섬유 및 가죽 관련 기능 종사원,부산-수영구,True,11-14
312c64559f4045f1b22cb6dbeafc925b,남자,41,40대,건물 내 전기 설치 및 정비원,경기-시흥시,False,
01e92a54a2db4258b223cad457e9fea5,여자,49,40대,경리 사무원,경기-고양시 덕양구,False,
9103e74f06b54cd4a51cd7866a37db86,남자,51,50대,경리 사무원,서울-양천구,False,
ca5d197311c34368abe912986b160b95,남자,28,20대,가스 용접원,전라남-여수시,True,11-14
a913b80e067f4657a2c8f9005c3d5654,남자,43,40대,지게차 운전원,인천-남동구,True,11-14
3b5b20119dec448785391ff3be7cdadd,남자,48,40대,무직,대구-동구,False,
306e33dd4d0c403ea7a8e1c06f22776e,여자,38,30대,교육 및 훈련 사무원,서울-송파구,False,
e22ef67697654affbf41ec7db574f48d,여자,75,60대+,무직,강원-원주시,False,
43b1639c71d4425f8fb913dacd8072cc,남자,53,50대,그 외 기획 및 마케팅 사무원,서울-강서구,True,17-21
fe3eed55d1e04e8da6323947923030f0,남자,29,20대,산불 감시원,충청남-논산시,False,
7808ec6a15344277bfdb4591552774ee,여자,22,20대,그 외 상점 판매원,대구-수성구,False,
1316c9cccc1a4d5da16aeb7d327f130d,여자,64,60대+,무직,서울-중랑구,False,
f8896fb0509b4a9595b0b28c7e3807f1,여자,84,60대+,무직,서울-성동구,False,
ce93b267345c4adf8953a2048a0a3732,남자,56,50대,육군 장교,경기-부천시 오정구,False,
b1811d4f53114341b6976ab648ef3288,남자,38,30대,육군 장교,서울-용산구,True,17-21
db29ed8233a149a586cc38cbee6bd1c4,남자,47,40대,방송장비 설치 및 수리원,경기-여주시,False,
ece1cf468a5240aebc155a7eb288dba9,남자,66,60대+,무직,서울-도봉구,False,
fc552931ed9e42b58e42d23cc28e88ba,여자,46,40대,무직,강원-태백시,False,
23be2d82a41e4c5eae21540c790fd0a2,남자,63,60대+,국가행정 사무원,부산-서구,True,17-21
a18ca07d69dd42d6b98f2bc86144589a,여자,68,60대+,무직,부산-금정구,False,
4ec27da06a5e4f27b7441a93fc628ec3,남자,25,20대,경영 기획 사무원,경기-안산시 단원구,True,17-21
cb0f3ea7d1f04d7e928022bd6dc2ba78,여자,61,60대+,무직,충청북-진천군,False,
56c0070315914c31862c82861af606b5,여자,31,30대,의상 디자이너,서울-강남구,True,17-21
3237a86099ef49948018037c870ddc90,여자,51,50대,무직,서울-금천구,False,
54a5a91980af41a28166537cb2f64b41,남자,68,60대+,기업 고위 임원,경기-안산시 단원구,False,
dbfe0e02f74d4f35bad44f03529c65e6,남자,86,60대+,노점 및 이동 판매원,서울-강북구,False,
f38cd52c4e7449b4bef46e9ecee164c0,여자,42,40대,예체능 교사,경기-용인시 처인구,False,
c1e0e47e798d40289a31b360351c1bac,남자,63,60대+,하역 및 적재 관련 단순 종사원,경기-고양시 덕양구,False,
c46a4b715eac491a94f55a5c87e8fbf1,남자,25,20대,품질 관리 사무원,경기-안성시,True,17-21
8f8fbbc8b6ea4d3e92843ffb2dabede5,여자,31,30대,전자제품 제조 기계 조작원,충청북-청주시 서원구,True,17-21
f16fb78c920a4115a6edfd678ed9f3cd,남자,32,30대,무직,경기-화성시,False,
7553ea8b0ce6453c83a89176c1868797,남자,45,40대,양복 제조원,경기-성남시 수정구,True,17-21
00d6d777377d415e97995e1dcdade059,여자,34,30대,무직,경기-안양시 만안구,False,
a19168c76bdf444d865d7900d69a69be,여자,73,60대+,음식 서비스 종사원,강원-동해시,False,
05f748a2510c4353b6ca7266fd9cd6ed,여자,23,20대,무직,대전-유성구,False,
8febe289f46f4ac98f9fab1acc5b2fd0,남자,74,60대+,무직,울산-남구,False,
57f49f1b64b74fbc9afd40ceb358db5c,여자,52,50대,노인 및 장애인 돌봄 서비스 종사원,전북-완주군,False,
44d3516160b24b0295140a6f6eb0e18c,여자,47,40대,무직,서울-중랑구,False,
55aab275706c4ac08073bd44c39f35ed,남자,52,50대,무직,경기-양주시,False,
dbd0e30dfee24d16b27b281b1a5b9e1d,여자,34,30대,무직,서울-구로구,True,17-21
895f606bf60e49419684a20aa2318ab2,여자,28,20대,관리 비서,경상북-영천시,False,
93d6620d7a444775a6a5879462dc5b5c,남자,69,60대+,무직,울산-울주군,False,
124387001c4b431d90365636bdaf1449,남자,60,60대+,무직,세종-세종시,False,
d1f689638e824a3c99cfae848e9cee64,남자,50,50대,무직,대전-중구,True,14-17
5880b5deb7de45129cc0716914a86319,여자,76,60대+,무직,제주-제주시,False,
486b9c7916344ce1b84aacfaf27552b5,여자,58,50대,웹 프로그래머,경기-성남시 분당구,False,
1a265547d70842f2b09117eca91953ad,남자,59,50대,시설 경비원,경기-화성시,False,
3c54331d506f4b5c9f826cbae930a0c0,여자,68,60대+,무직,서울-송파구,False,
d47ae49f625147168f2ee22117908da6,여자,30,30대,무직,경기-수원시 영통구,False,
3fb5aba8741f46e6b2c13d151a4cb38a,남자,44,40대,지게차 운전원,충청남-아산시,False,
48b489c21b8f4b6da0725c8f6f8833d3,여자,45,40대,통신장비 설치 및 수리원,경기-광주시,False,
43c2d15e55804feda79ad159bded14c0,여자,82,60대+,무직,대구-서구,False,
b1392545f2b648ed8a198e03918e4944,남자,30,30대,사무용 전자기기 설치 및 수리원,경상남-창원시 진해구,False,
d82797d9c8294c59996aa33a0f42fab6,여자,45,40대,무직,충청남-아산시,False,
4c08228471cf46b3b6afa54e98b58e6b,남자,56,50대,해병대 장교,서울-성북구,False,
2b18d67100e64a1881357299d7aba714,여자,42,40대,조사 전문가,서울-광진구,False,
df8571352fdf4fc8b3766b82fee1f98a,남자,29,20대,전화 상담원,서울-마포구,False,
dea06e71420440789a47a216bd1bfd18,남자,57,50대,무직,경기-고양시 덕양구,False,
a395d0c7f40a4eec82c65c89a2d5c5dd,남자,21,20대,경영 컨설턴트,경기-남양주시,False,
df0276c1cbe44347834f5d11a6a6fb84,여자,28,20대,보험 중개인,경기-광명시,False,
67a356f1073b4302a45daddfcf36fa82,여자,52,50대,한식 조리사,부산-동래구,False,
9e11db02518942c88890a438d49dd8a3,남자,26,20대,데이터 설계 및 프로그래머,서울-강남구,True,17-21
0ab338a8ac4040548fd046a994c8cd35,여자,90,60대+,무직,부산-남구,False,
3cfb56d1aae84cd7ac78e92e4bc8bb1b,여자,38,30대,국가행정 사무원,부산-동래구,False,
1b8f7845817040dbbf3757b2f8d18358,여자,35,30대,사무용 전자기기 설치 및 수리원,대전-동구,False,
11679132729844a3af6dcd5bb0db29ce,남자,73,60대+,무직,경상북-구미시,False,
f00218f306924e589509b382ac11a138,여자,58,50대,그 외 서비스 관련 단순 종사원,경기-수원시 영통구,False,
2ac57c5a0bf74478b17a17772b0c6204,여자,34,30대,무직,전라남-광양시,False,
c2292ac6e3204eca98c256040971ba9d,남자,59,50대,무직,광주-광산구,False,
6b9eb768a74e49a19e5397258b9d9302,여자,84,60대+,무직,강원-삼척시,False,
43e51033c3da4fb68314c27d8a4f3345,남자,23,20대,"전직 사무 보조원, 현재 구직중",충청북-옥천군,True,11-14
67aefe9cf66344e7b8f27c5bc9cd84ae,남자,71,60대+,그 외 하역 및 적재 단순 종사원,충청남-예산군,False,
5d43929fb2414a86a8ec3e75c945f38d,남자,52,50대,무직,경상북-구미시,False,
189ee7020da84fc58d992e9d84c232c3,여자,31,30대,청소년 지도사,광주-광산구,False,
c07c7bf8f1204ac4a39b2fded59529ee,여자,32,30대,보험 인수 심사원,서울-영등포구,True,17-21
406d48f09aa9403eb4c613d018343c49,남자,65,60대+,그 외 건물 관리원,인천-서구,False,
34f4902b00a9476c8ac5f350dfb5479d,여자,55,50대,무직,경상북-포항시 남구,False,
36872428d75f4f50958f01e3f126f7e4,남자,32,30대,산업 특화 소프트웨어 프로그래머,서울-관악구,False,
5f4e42f3bd2c48fbafc8b1a2d9b467a4,여자,85,60대+,무직,대전-중구,False,
be70a620f090420bbfa0f5910ba92873,남자,27,20대,무직,인천-중구,True,14-17
a0140eb77dad42fa9c19dec0c2b866a1,여자,35,30대,그 외 음식 서비스 종사원,경상남-양산시,False,
04246b2b5c6e4703a6cedd0cb64d4246,남자,46,40대,지도 제작 기술자,서울-금천구,False,
0192629599454e79a000f2e0a340516d,여자,30,30대,시계 및 카메라 수리원,부산-북구,True,17-21
eb1e9b955b664cb8968aa0d775907ecb,여자,69,60대+,무직,대구-달서구,False,
fcdb686fb49c4dfe9aa2a732c9aaa6cb,남자,43,40대,교통안전 연구원,인천-연수구,False,
cfe80b49194a4feb8d3b54378f3dee4e,남자,44,40대,변호사,서울-금천구,False,
4b20b4727e654538b4dc6832793c1288,남자,35,30대,해군 장교,경상남-창원시 성산구,False,
c7f28072b1f64a0aa2211dee40e735e4,남자,42,40대,무직,서울-동작구,False,
b8fde9e6f725481eae7cb738eaa18d8e,남자,39,30대,경영 기획 사무원,경기-고양시 일산동구,False,
f1018a7dc1cb448eadd2ac504a11c058,남자,60,60대+,압연기 조작원,경기-평택시,False,
98b360e1d32a47e9add6903e6fbfeb12,남자,60,60대+,하역 및 적재 관련 단순 종사원,전라남-신안군,False,
fc3db00f70354bfe949f7c3ee556e034,남자,68,60대+,가스 점검원,제주-제주시,False,
7d4f69a26a9d489ab4f8a72ca4e3dc0d,여자,62,60대+,주류 서비스 종사원,경상북-김천시,False,
fbe7e09a87a846368e81ddfa64ead54b,여자,67,60대+,무직,경상북-울진군,False,
478f6cc564744991adf49a865cf3bb01,여자,71,60대+,무직,부산-남구,False,
7352993f8c1d4d6f8cde6cc541734928,남자,70,60대+,무직,경기-평택시,False,
130720def18f4dcc8437ca27373cb493,남자,42,40대,일반 비서,경기-부천시 원미구,False,
9ca85216d4ba414ea8dcc68f6fb80fad,남자,50,50대,산업 안전원,전북-익산시,False,
548752b2eaf6456ba5c25f6852f4398b,남자,68,60대+,무직,경상북-경주시,False,
c975207cf6c5410a8a466e4fc04a2a04,남자,48,40대,경리 사무원,인천-남동구,False,
6d098afb9c8c4b13949ab7dc1d2ff559,여자,36,30대,무직,경기-고양시 덕양구,False,
19836c7592e44df6b5c8f05915e4d4e2,남자,36,30대,단말기 및 통신 서비스 판매원,경기-성남시 분당구,False,
3d92bedcf8cf4e1fa8434b97ca61d309,여자,24,20대,경호원,강원-춘천시,False,
5bca7b10a6a54125b29d14171877844b,남자,62,60대+,그 외 하역 및 적재 단순 종사원,인천-남동구,False,
f072c09a375847cc8828ad872d19e5a2,남자,55,50대,무직,인천-미추홀구,False,
ca4746035d57407291f544806970de39,남자,76,60대+,그 외 하역 및 적재 단순 종사원,대구-달서구,False,
3984620fd2d444519fb9515c1ba06257,여자,81,60대+,무직,경기-파주시,False,
9bbb6b0332df41a79795bc993f1bc1c1,남자,31,30대,경영 기획 사무원,경기-성남시 수정구,False,
3510c517c40449798d7c40640e28d176,남자,57,50대,지게차 운전원,경기-부천시 소사구,False,
17a6a911707d467ca5263d7d844427e7,남자,61,60대+,무직,충청남-서천군,False,
434537f722de405ba5b3581ea61c3d89,여자,44,40대,노점 및 이동 판매원,경기-안산시 상록구,True,17-21
c69dd5b7046b403c8d57f327ebf1c14a,남자,72,60대+,국가행정 사무원,서울-양천구,True,11-14
239b1c2a9c854dceade5ecefb595778d,남자,44,40대,무직,서울-동대문구,False,
b34e7724ffc54acd8a249461f65d6e6b,여자,58,50대,사무 보조원,경기-시흥시,False,
cbfbee599548499c8e9b824c52aabe2f,여자,37,30대,공공행정 사무원,충청남-논산시,False,
d9dc8e922634493dbafeb96597a0aceb,여자,47,40대,경영 기획 사무원,부산-부산진구,False,
ab4df0024eb4409782d2fbe1643baa5e,남자,39,30대,조사 전문가,경기-성남시 분당구,False,
9d5d5a5691da421a813730448a42953f,남자,24,20대,상품 기획자,경기-이천시,False,
6437450ac27445548526c4e40f3e1374,남자,59,50대,그 외 건설 관련 기능 종사원,경기-광명시,False,
667125f1576d4c09bee7a124a2f6934b,여자,60,60대+,무직,인천-미추홀구,False,
e2a900a1e1eb4c12a84a79f11e42ca75,남자,65,60대+,무직,경기-평택시,False,
059c88e04534466ca1c3dde73e76fb4f,여자,37,30대,무직,서울-관악구,True,17-21
095046005c674af48f95c7822acbcd14,남자,67,60대+,그 외 택배원,경상북-성주군,False,
fd80b4b47f1a431ea8bc74b8333e6b15,남자,50,50대,그 외 전기공학 기술자 및 연구원,서울-서초구,True,11-14
bd18b40e671748b390bdbd055bfdf10f,남자,52,50대,농수산물 중개인 및 경매사,강원-고성군,True,11-14
986e07e9b45a4aef8e1f319e01ad9602,남자,68,60대+,무직,서울-양천구,False,
1703293681244efd89e86b53bbb21124,남자,76,60대+,무직,전북-정읍시,False,
117bcc25faad4f8cbf993696d8c6736d,여자,35,30대,무직,경상북-구미시,False,
09532c4e16d9483185f852fd750c1126,남자,29,20대,무직,경기-부천시 소사구,False,
5aa576f9601d45f2a896460dc7533789,남자,53,50대,무직,경기-안산시 상록구,False,
89a12eba648547af8a8eaad205f04697,여자,19,10대,무직,경기-오산시,True,14-17
69ff73cc94a448e389bf4cb0fee2189f,남자,53,50대,무직,대구-달서구,False,
70035fc3ffd74230b08c1e2c0b56d57a,여자,61,60대+,무직,경기-안산시 단원구,False,
bbe58c21f1864b45887d1de031721bdf,남자,60,60대+,그 외 상점 판매원,울산-동구,True,06-11
084949402435484388b0c560df4b26ed,여자,51,50대,공공행정 사무원,서울-동작구,True,17-21
021c8b9dae334aac84ca5612fc7b3678,여자,39,30대,유치원 교사,서울-서대문구,True,17-21
e2aee43dd83e458ab11845f5a2ed9737,여자,31,30대,보육교사,경상남-거제시,False,
fbfee0d99cc04286bc038a79a37134e8,여자,30,30대,무직,경기-안산시 단원구,False,
5d5669ec09a9455fb38259eab9395987,남자,45,40대,소규모 상점 경영자,부산-사하구,True,11-14
a8eaab804d9c4530acf7a9e00ba05219,여자,48,40대,아파트 경비원,경기-광주시,False,
da3fd57d66b84fd4bb8c75976f450013,남자,48,40대,시설 경비원,대구-달서구,False,
5227c4f02f1c42ee935d7edbad312a14,여자,46,40대,여행 사무원,경기-김포시,True,11-14
87c22586cbfc47d78da31fad93b155e8,여자,32,30대,소규모 상점 일선 관리 종사원,서울-강동구,True,17-21
fa9b0993ccfa48449de08ebf07f1941d,남자,58,50대,생산관리 사무원,경상북-예천군,False,
fc0fab302a254c7ebced3c832e0bb12c,여자,47,40대,조경원,전라남-목포시,False,
4a981761b06f48beafb83df09c103d7c,남자,49,40대,플랜트공학 기술자 및 연구원,서울-동작구,True,17-21
78884944b0d2482cb52c5c7401797057,남자,48,40대,금형원,강원-원주시,False,
243de1bf524f4d748e2c919e2db438c5,남자,51,50대,무직,전북-군산시,False,
5cded2dbf17e4eb4b0d224a89fb2f498,남자,64,60대+,농약 및 비료 시험원,경상북-구미시,False,
81cfd29a34b64cbeaaf5bd2c421a98ba,남자,66,60대+,이삿짐 운반원,강원-원주시,False,
0857fef9945540708f002f84e5ace4a6,여자,66,60대+,그 외 기능 관련 종사원,서울-노원구,False,
4ef49385c95f4dab894a84aab4ad5597,남자,48,40대,철도운송 관련 종사원,경기-고양시 덕양구,False,
3bba2bbb1287427a9388e61bde473afa,여자,49,40대,일반 비서,경기-포천시,True,17-21
f297a040bc6f40998529283379425e31,남자,55,50대,무직,서울-금천구,False,
864276d21e694bcb94b90c0413761db4,남자,62,60대+,무직,강원-횡성군,False,
b65b85f8a44a4ea7aac45543ec7bf0bc,여자,68,60대+,텔레마케터,대전-동구,False,
2922db9e8e244e6ebdc0b29153fb3ab1,여자,68,60대+,무직,서울-영등포구,False,
922faecf9b4b46c3b16f0ec16938080d,남자,48,40대,무직,대구-달성군,False,
746823d9ea6c4678ab10c1a84522ddc8,남자,66,60대+,무직,충청남-예산군,False,
e4708b62324b445380d2065dc52befc7,여자,58,50대,건물 청소원,경기-광명시,False,
9aecc87b04604c3a949f9bd7e8c6649e,남자,33,30대,건물 경비원,경기-파주시,False,
5079bf9479bf4999bd014237afc38317,여자,56,50대,무직,서울-성북구,False,
80216d54621544a68b73c35c71e139a3,여자,63,60대+,무직,전북-고창군,False,
3b432d05904d4d2dbc23f3fd1e3fb8df,남자,67,60대+,건물 경비원,경상북-의성군,False,
25f8f5208cc74e23986efd867e8ba4e2,여자,35,30대,관세행정 사무원,부산-서구,True,17-21
78c8e5af7058438b878a173f61a9b357,남자,66,60대+,건물 경비원,경기-부천시 소사구,False,
10d1b46837784b5ca0a6344588184821,남자,51,50대,무직,경기-고양시 일산동구,False,
686c263863e143df95cf796974e696de,여자,27,20대,무직,대구-수성구,True,14-17
70e0ee5468e04e2da90a6d811d71e0aa,남자,66,60대+,산업 안전원,대전-서구,False,
41f1b00dcf1d4544a860cd03614ed951,남자,74,60대+,무직,경기-부천시 오정구,False,
aa94cd5c2a634a429ca41d455af593a3,남자,38,30대,"전직 온라인 쇼핑 판매원, 현재 구직중",경기-안양시 만안구,True,11-14
18126b97871f465ea415f6052a2b0095,여자,52,50대,그 외 직물·신발 관련 기계 조작원 및 조립원,서울-중랑구,True,17-21
b0a0cb38146748a58e7aab34ccfc02f2,남자,85,60대+,무직,경상북-영주시,False,
086469c8443a437a99f5a208a0bbfc1a,남자,49,40대,그 외 고객 상담 사무원,대전-동구,False,
d05d23ea86d944b5b4e91ae5db8dc201,여자,50,50대,건물 청소원,경기-남양주시,False,
b24866ba04464593acf368ad85170cc8,남자,40,40대,산업 안전원,경기-남양주시,False,
f305327b76a445f1ae61fffdaf758288,남자,29,20대,산업 안전원,충청북-청주시 서원구,False,
e127262305854c088d96c29bf70d2d4c,남자,61,60대+,냉난방·공조공학 기술자 및 연구원,서울-양천구,True,17-21
650c7523d659468daa55963c1c0374c0,여자,51,50대,금형원,경기-화성시,True,17-21
37f457748b844570a322e16d04395157,남자,82,60대+,무직,경기-광주시,False,
24791413e44c4f2d9ca41fcfac46d4f2,여자,67,60대+,일반 비서,경기-수원시 영통구,False,
9b3683f3f82b4de6a69335b1d424bb68,여자,52,50대,한식 조리사,경기-포천시,False,
b0cda8003d494f6a8159d395cf2f4a65,남자,25,20대,무직,경기-군포시,False,
b0114209eb474c4fb10ff3950b6451b9,여자,78,60대+,노인 및 장애인 돌봄 서비스 종사원,경기-부천시 소사구,False,
80870239fe6d4f70b637331936facc30,남자,55,50대,석재 부설원,대구-중구,False,
bc4f354c7b3a468ba5ed933119fc8f41,남자,21,20대,노점 및 이동 판매원,경기-남양주시,True,17-21
2d4dd1c4a85749b48db72429ea78a2d8,남자,46,40대,금속 열처리로 조작원,경상남-함안군,False,
4df280761acf4ea28a1621bbe53968c0,남자,56,50대,한식 조리사,인천-미추홀구,False,
445ca1ecbccc46a9afef0ea0086596a6,남자,72,60대+,무직,부산-북구,False,
53c4bc61e0634cbbb9a4cc0370ee4ed5,남자,49,40대,"전직 사진작가, 현재 구직중",인천-동구,False,
6b03e21633d54f0b824780596dd4d1d0,남자,23,20대,사무 보조원,경기-용인시 수지구,False,
5affc48aa45e4d7d8a8351488e86c678,여자,43,40대,바텐더,강원-강릉시,False,
eef5b483b17846ed857b79a5f4f16b5c,남자,49,40대,재활용 처리 기계 조작원,경기-용인시 기흥구,False,
1a507fb881b442448b4422e7d801ed20,남자,40,40대,육군 부사관,전라남-진도군,False,
10d3ef9b9fca45daa1569a8c64271afe,남자,61,60대+,마케팅 전문가,서울-강동구,True,17-21
fb6754665612430a9f5de3e60f09c449,여자,65,60대+,무직,경상남-창원시 성산구,False,
42c26c210ed9473480f618a02f4846ec,여자,68,60대+,"전직 그 외 서비스 관련 단순 종사원, 현재 구직중",경기-고양시 일산서구,False,
0df62468714b46d09cdf3ee9d6d269b3,남자,71,60대+,무직,충청남-천안시 동남구,False,
5eca5e35851f482cb517f77a61392738,남자,55,50대,철도교통 관제사,경기-남양주시,False,
b81bb4b006fd4013996524c30daa4251,남자,19,10대,무직,경상북-칠곡군,False,
9818239f53e84dbbaace2801696892f1,여자,55,50대,무직,충청남-논산시,False,
24dd3b095f5240dbb5d63ecf5095e74e,남자,72,60대+,그 외 서비스 관련 단순 종사원,경상남-창원시 마산합포구,False,
84e4e7a8e14644af9d063af3d8f53bfb,여자,47,40대,데이터 분석가,경상북-영천시,False,
7919e11753cd41b5a96c640b557188ef,남자,62,60대+,무직,인천-계양구,False,
1a9e4325604e4b27b2e3e1a1e1d23841,남자,75,60대+,무직,부산-서구,False,
bd06baf18c1c4db39d54b7e6c945b359,남자,36,30대,정보 보안 전문가,서울-양천구,False,
ce3e1776d77d4657b96cbbddeef76293,남자,51,50대,무직,대전-서구,False,
9e19a4e0030d45b0815e8ff5182a2de1,여자,76,60대+,무직,인천-남동구,False,
0db71fe2bd4e4fa29a148a0759314693,여자,30,30대,상품 기획자,서울-강북구,True,14-17
fbaa53ec10954213aa0501f802c15524,남자,60,60대+,건물 경비원,전북-김제시,False,
b38c83cd055d42e4b774a81ac0a18bf3,여자,58,50대,아파트 경비원,서울-강남구,False,
490b373e016746d4b76e3d59c769ec26,여자,60,60대+,무직,부산-북구,False,
63342fcb69c24b47a3e82805f1396791,남자,70,60대+,무직,인천-중구,False,
e4388999cfc44c358c877214f8e86bac,여자,21,20대,간호조무사,대구-동구,False,
d7896f29d4954b348a3da2832e01101b,남자,73,60대+,무직,충청북-보은군,False,
325865cf6d2a4141966d48a535ad2aa9,남자,27,20대,정보 보안 전문가,대구-동구,True,17-21
c21ecb6b5e654823b68444a5ec04265f,남자,26,20대,지방행정 사무원,경기-광주시,False,
71ff75530d2040eb9d4565375ef73182,남자,44,40대,"전직 생산관리 사무원, 현재 구직중",대전-대덕구,False,
f14155689b8244d693ce16e72acf3c37,남자,30,30대,그 외 철도 및 전동차 기관사,서울-중랑구,True,17-21
4fbac03cf8ec482db5771abf1a3988f9,여자,57,50대,상담 전문가,서울-광진구,False,
bc3566dc2c594047a64ee7a140dbcb3e,여자,89,60대+,건물 청소원,서울-서초구,False,
390a21d78a284747b5f5627a5ef90261,남자,36,30대,특허 사무원,경기-시흥시,False,
980ea4289f1641a78457cf72edad49e9,남자,49,40대,출납 창구 사무원,인천-중구,False,
ad962fc0bae74643b421dd9aade36bab,남자,37,30대,그 외 건설·전기 및 생산 관련 관리자,경기-광명시,False,
8f95824f20614fc18dbc149e07f534de,남자,51,50대,그 외 배달원,서울-노원구,False,
d6696a8859294d39a24e1e6853e6c466,남자,31,30대,산업 안전원,경기-안양시 동안구,False,
c4528355159e4727be5569629f263c86,남자,88,60대+,무직,전라남-고흥군,False,
8431bb857c234cdd843d44177f6d6a05,여자,68,60대+,무직,울산-울주군,False,
193f217461674a649f0addd19e627beb,남자,39,30대,그 외 일반 영업원,부산-남구,False,
5aede713dad74c3b8a0a8ac2c9dddd7b,여자,33,30대,마케팅 전문가,경기-성남시 중원구,False,
59f7880f53b44b61afb27aff03409180,여자,20,20대,웹 운영자,인천-연수구,True,17-21
6859153913714d26933d1323ca1cb4fc,남자,46,40대,건물 경비원,충청남-천안시 서북구,False,
a831bc5b8f2d40b080a527c8f49954b9,남자,29,20대,토목 제도사,경기-수원시 권선구,False,
fa33550b3b29423c8fe1cec93abb680c,남자,34,30대,그 외 서비스 관련 단순 종사원,경기-부천시 소사구,False,
2f4e8d502e1b4191a62fe26e3ccfd416,남자,61,60대+,소규모 상점 경영자,인천-계양구,True,14-17
6896be9188164fbaa55f795414e954eb,여자,22,20대,국어 교사,대구-달성군,False,
64420b1b74fb4db383d69e1b24c14b49,남자,33,30대,그 외 기능 관련 종사원,세종-세종시,False,
a52fdb1fc9a947609a1183da407a8511,여자,35,30대,무직,충청남-천안시 동남구,False,
107f3373a8404dd1803b83c33c6b7f76,남자,76,60대+,마케팅 전문가,광주-남구,False,
84977e0141e041f78b968fe46e6fe110,여자,46,40대,미술관·박물관 해설 및 안내원,경기-오산시,False,
b801e62857f94ad5a6c9468ace8d2703,남자,24,20대,지게차 운전원,경상북-경산시,False,
7d293b113ed24ebebb0345884fe4a70c,여자,61,60대+,지게차 운전원,경기-평택시,False,
d8c6d139cfa94cdbbc9d01fead3776f0,여자,76,60대+,무직,경상남-밀양시,False,
5ed4a81e891d42b8981eb6fac4d73718,남자,44,40대,용접기 조작원,울산-북구,False,
ed1c9810433440a7a8ca2ad962def514,남자,33,30대,게임 프로그래머,서울-강동구,True,17-21
6a00fbd1fa274c4e82ec6e5aaeea24ea,남자,36,30대,"전직 이삿짐 운반원, 현재 구직중",충청남-아산시,False,
5b53010d944d4439ab76d463501add62,여자,59,50대,건물 경비원,전라남-해남군,False,
65e772050e1e40ba979d2d09cce042e4,여자,36,30대,인사 및 노무 사무원,서울-강서구,True,17-21
e3e674e21206479d9c2301fbfcd73ad7,남자,59,50대,철도 고가 전선 가설원,서울-관악구,False,
768de9be82ce4001b8d1beb842afe099,여자,64,60대+,무직,경기-의정부시,False,
dcb80dc79b8947009231d597eabe877e,남자,30,30대,무직,서울-강남구,True,14-17
c35ef6a7089b4f599b23a646c2f70a16,여자,59,50대,웨딩플래너,경기-의왕시,False,
712f6e5c2a2b41c3b807c89a8d56136b,남자,26,20대,양복 제조원,서울-서대문구,True,17-21
8344d497463f4af28428d6a8b6d50cb1,여자,38,30대,유치원 교사,울산-울주군,False,
ad41419806884f86929ce9b1f086e594,남자,37,30대,그 외 기능 관련 종사원,서울-성북구,False,
22ee9218a07541b7ada0a36024abf425,여자,26,20대,시설 경비원,경기-고양시 일산동구,False,
0f1e221e3aa24fd8a6f6eacc61a126ec,여자,73,60대+,무직,경기-안산시 상록구,False,
b4e8ac7f874e472ca7d5666c02c088f7,여자,30,30대,음식료품 판매원,경기-군포시,False,
47cb8515b2ed4e18815b63e8a721fe1e,남자,40,40대,그 외 화물차 및 특수차 운전원,경기-수원시 권선구,False,
4ed3a25ac9194c6297fa158ab67cf08e,여자,67,60대+,무직,강원-춘천시,False,
9083b3a3a79c48f5b944308e0ae94f95,남자,30,30대,신차 영업원,경기-성남시 분당구,False,
39de77bfc42a49fe8921426797768d7d,여자,57,50대,전화 상담원,경기-용인시 기흥구,False,
e1d3c42cb6944089ac36d0e80284d2c2,여자,20,20대,무직,인천-연수구,False,
c7f9ef7e23474ed7897c5f16a3b8e73a,여자,63,60대+,무직,경상남-창원시 성산구,False,
577d9f192ed84f709b2c63ff32e856fb,남자,19,10대,무직,광주-북구,False,
96895928ea5e4a528689d75ca2deaaf2,남자,44,40대,건물 경비원,부산-서구,False,
d602829350024313a399d393ab3aa2b3,남자,30,30대,일식 조리사,경상북-경산시,True,17-21
d8639649ceff4e2bb561e3ac01dd392c,남자,44,40대,영업 관리 사무원,대전-서구,False,
df96bc1abf3a4a1198d18d2648ca3498,남자,51,50대,교육 및 훈련 사무원,울산-남구,False,
3fb25821532740178b7ea8e9e56ac2ce,여자,36,30대,유치원 교사,경기-남양주시,False,
947f2943b0364a319f51517d7101ea63,남자,62,60대+,무직,경상남-거창군,False,
fbeaf6659d394d98920f0087999cffc5,여자,28,20대,조사 전문가,경기-여주시,False,
7cb18dde85664fa78d2a3c7295bdea97,여자,59,50대,가사 도우미,경상남-창원시 마산합포구,False,
d743a74366464bae80276a9fa9c38cb7,남자,46,40대,콘크리트 타설원,전라남-순천시,False,
7652d47d818e4837ba00e01c487e463c,여자,87,60대+,무직,경기-평택시,False,
0d4f2221b899417398543007ab8435f0,여자,46,40대,무직,경기-오산시,False,
7f62bc9df5394d2b925fb9b451746601,여자,25,20대,무직,부산-연제구,False,
c9c8d057e4f44e7085d0ddd0a1449e1a,남자,37,30대,바텐더,서울-서초구,False,
b4644fe39ae8415f86f1597d53828b00,여자,66,60대+,무직,충청남-천안시 동남구,False,
d07db958f8c34f2b80a67e5eb93d247d,여자,55,50대,간호조무사,부산-강서구,False,
848eb98ee2e24cb1a350eba305c80d59,여자,35,30대,경리 사무원,서울-강북구,False,
db5c238bf7af4a549acf8fb3764f23fb,남자,61,60대+,한식 조리사,인천-계양구,False,
7fd1cab5d51e4305947557a18d86dea7,여자,50,50대,플랜트 전기 설치원,전라남-여수시,False,
b494789199054299ba6d23f485ff05b2,남자,53,50대,방수공,인천-미추홀구,False,
d12d6960c5e740b9afa82e8fba8b1e46,여자,44,40대,무직,서울-강남구,False,
958467f412424a08bd5b39066ace9483,여자,25,20대,데이터 관리 및 운영자,전라남-목포시,False,
d5530acab330464697bc3c781b3e61a2,남자,63,60대+,강구조물 건립원,전북-완주군,False,
5c73e5a44b3d42ec9ce9822c3bd0c7be,여자,45,40대,음식 서비스 종사원,경기-부천시 오정구,False,
6d8a8a981022407b8c10aff93b111993,남자,22,20대,무직,경상남-김해시,False,
fbf979792a4c4ffaa285378b54ee97f6,남자,43,40대,시설 경비원,경상남-양산시,False,
9bfa4daa2f74437f8b2be4a32effe6b6,남자,59,50대,무직,경기-하남시,False,
6b417951455b47cd97f1ee39868ef924,남자,39,30대,식품 영업원,강원-홍천군,False,
096a28c1d4c146d0b6c0070b1827302c,여자,50,50대,무직,부산-동래구,False,
360f0769963041ce9ea0a09eb4c98f08,남자,24,20대,금속공학 기술자 및 연구원,경기-수원시 영통구,False,
db24bba4e620477cad4380d247e2dc4d,여자,45,40대,경리 사무원,서울-서초구,True,17-21
63df7564232d4cd7ae432c1e3f82d7e4,여자,78,60대+,무직,경기-수원시 영통구,False,
f46c16a7fb724f699fe9ff1c76cb8072,여자,59,50대,음식 서비스 종사원,경상남-김해시,False,
75849e76148b414d92f936a36aaf7f26,남자,31,30대,전기 용접원,전라남-나주시,False,
91dfbf0bbc85498a948e0b2e4a33caee,여자,58,50대,건물 청소원,충청북-청주시 청원구,False,
a5037302d88b46119df6a46643153c0f,남자,63,60대+,공학·제조 및 건설 분야 시간강사,서울-강남구,False,
f0be48e6eef04799828da76880510644,여자,25,20대,무직,인천-부평구,False,
fd7a36a6531446d5a8238357cea27a34,여자,24,20대,무직,인천-중구,True,17-21
ef6379f1ff614111b81a9ff18f833828,여자,67,60대+,무직,경상남-양산시,False,
e391798842c0446d8f9b2928640289b1,남자,27,20대,무직,서울-강북구,False,
b17f67448a294aac9f82030eb10288fb,여자,42,40대,일식 조리사,경기-고양시 일산동구,False,
bcf65409acc14a198a61c7a4e219dd37,여자,45,40대,무직,전북-익산시,False,
5b2965ed373a494fb3e47242eb44b534,여자,49,40대,마케팅 전문가,경기-성남시 분당구,False,
69b798e469c141b18317d1c9f460278f,남자,31,30대,수동 포장원,경기-부천시 소사구,False,
7f923cdbec6240a482decbaf304608f9,여자,75,60대+,무직,대구-수성구,False,
7f008c3e1db646959aeaa43e298fe9a3,여자,50,50대,농업 단순 종사원,전라남-완도군,False,
ef51af72b5664e89a9b2568f328f61be,남자,55,50대,승용차 및 승합차 운전원,부산-강서구,False,
15cf56eaf84446d7be0ee68a67f4e008,남자,77,60대+,하역 및 적재 관련 단순 종사원,충청북-옥천군,False,
c3916385bc954d8d9aebdd66170eab75,남자,53,50대,승용차 및 승합차 운전원,경상남-김해시,False,
5c26c5be16c34d37ba0769edafc0538d,여자,63,60대+,부동산 중개사,전북-익산시,False,
15f1ee90b89a452ebf11875d7e7105a6,여자,29,20대,농학 연구원,충청북-청주시 청원구,False,
414617ed439c4fe8937c892db6441a0f,남자,55,50대,건물 경비원,전북-군산시,False,
bf62dcc006db4ba2a22d616870271d7a,여자,54,50대,사무용 전자기기 설치 및 수리원,경상남-김해시,False,
70a32356320040438f8137a3dbe2ccbc,여자,39,30대,무직,경기-용인시 기흥구,False,
befbd426fb584345944a150bf1146e97,여자,74,60대+,국가행정 사무원,충청북-음성군,False,
72042baff1df49ba835f5578bfbab532,여자,55,50대,무직,전북-정읍시,False,
8cc9699ac22041c59a6bd174694f4400,여자,45,40대,무직,충청남-서산시,False,
f2193df7977f4a60b5341f9fe352ec7e,여자,73,60대+,무직,세종-세종시,False,
7f196f3070da48918942b7dc58af9818,여자,52,50대,무직,서울-성북구,False,
8b37a35cb86f4290b43d7dceb66898c0,여자,62,60대+,무직,서울-도봉구,False,
9ef67b6e73c94a0f90a43ab9f65be589,여자,37,30대,특허 사무원,충청남-천안시 동남구,False,
038f2fe3457f4c3c8ad8c1bd30dfe210,남자,84,60대+,무직,전북-김제시,False,
5226c3514eb34ed5818c8a5c411fcf34,여자,49,40대,무직,충청남-서천군,False,
c2b61911781f42869142f3fa228b6153,남자,67,60대+,그 외 기능 관련 종사원,경상남-사천시,False,
93aa41a3113846699d0c6e2ac52b2ced,남자,60,60대+,무직,경기-수원시 권선구,False,
8180ad5b2a5448159ce38aedbd93071d,남자,58,50대,무직,대구-동구,False,
5aec76f29b7a4c7a8f4cfc91fc209602,여자,31,30대,금속공학 기술자 및 연구원,경기-파주시,False,
23663321d03e46d4a3a91bfe040c6e79,여자,28,20대,화장품 및 비누제품 시험원,서울-강서구,True,17-21
350ca89a71b44921a1159cfc7c7d400e,남자,45,40대,압연기 조작원,경기-고양시 덕양구,False,
ca10b23e34e84e8189eadfc9025d3149,남자,51,50대,생산관리 사무원,경기-평택시,False,
f215fe92a1a44f01995002a284f2957e,남자,20,20대,시설 경비원,광주-동구,False,
389b7a9585014be7b8c507c2f71248da,남자,67,60대+,주조기 조작원,경상남-창원시 의창구,False,
db14e69a04924b46a90b776d1c7b76e9,남자,30,30대,그 외 조경 관련 기술자,경상북-경산시,False,
6b0b46cc2fb6481d99b9474da5825398,여자,33,30대,인사 및 노무 사무원,서울-강남구,False,
fa88575395d646a6bd960a4c66f5bf9d,여자,68,60대+,무직,인천-계양구,False,
a647d650eae94532bc303f1cbfcd467d,여자,76,60대+,무직,전라남-영광군,False,
b36f5b8ec6374211b6249e5213b2f592,여자,52,50대,노점 및 이동 판매원,광주-서구,True,11-14
3b3ef9c81e5c454bb9f38da750452e07,여자,60,60대+,가스 생산기 조작원,울산-울주군,False,
d1c510f5d0874004b22d71a18a1831ab,남자,49,40대,교육 및 훈련 사무원,경기-용인시 기흥구,False,
47865dd3815c4f89830d9cf6c7f5b90e,남자,69,60대+,무직,충청남-공주시,False,
36c0b18eac0f447180bda5c8e273046c,여자,29,20대,무직,경기-수원시 권선구,False,
22176f763eca43cdaf8eaef220950537,여자,38,30대,구급 요원,부산-동래구,False,
909bb59db9ca4138be331405092a2799,여자,68,60대+,경리 사무원,서울-마포구,True,17-21
d0fdbfd4d47d4c2ca7df425284ccf654,남자,76,60대+,무직,충청북-괴산군,False,
f82f3a1f68754504b26bcbdb7e0685e6,남자,22,20대,비파괴 검사원,인천-남동구,False,
c43cf972d60f456f942cb8f31b8abeda,남자,55,50대,중식 조리사,서울-구로구,True,11-14
55363928276f4183b931eca6335dda7a,남자,44,40대,온라인 쇼핑 판매원,서울-마포구,True,17-21
1bf501243d424d7f927e72c6561b8d49,여자,44,40대,음식료품 판매원,경상남-밀양시,False,
38efcfa5bc9e41b7a14b0139583b6ec9,여자,59,50대,무직,경기-성남시 수정구,False,
4c3949475bc440d28fc4bf3c0385f47d,여자,44,40대,한식 조리사,전북-전주시 덕진구,False,
e83e8a642e5e4d03858befccd72fdce0,여자,50,50대,용접기 조작원,전라남-여수시,False,
c87331dd4024434599a491686f9152c5,여자,65,60대+,무직,강원-춘천시,False,
80f28002864a40dd99e8b47eb1f12d57,남자,46,40대,품질 관리 사무원,울산-남구,False,
e1e2718bf71e4ea581761109c4d0bd51,남자,25,20대,특허 사무원,대구-북구,False,
4103b4db36ac436ba2aec2d17576350b,남자,62,60대+,일반 비서,서울-강동구,False,
74963c199ee44157a4110cbd0c078d78,여자,49,40대,통계 사무원,부산-해운대구,False,
a70b42244b3f442ea57c79fb18b98b97,남자,52,50대,전기장비 조립원,서울-도봉구,False,
fb73d64d495944a4ada6db8fc202ab47,여자,32,30대,경리 사무원,강원-홍천군,False,
37f64457e5344633a0dddec31c74e8de,여자,39,30대,조세행정 사무원,제주-서귀포시,False,
07abb5d9da4544e3b651f6dee7235e7b,여자,70,60대+,육아 도우미,경기-용인시 기흥구,False,
7667713f0a4e40c79f9259b844d450f5,여자,48,40대,무직,서울-서초구,False,
6cc9f84c39664b2d9d18969c948d4495,남자,20,20대,품질 관리 사무원,경상북-상주시,False,
9089edc10b7e4e8496839ff2fef21112,남자,58,50대,시설 경비원,서울-종로구,True,17-21
c391576fad8c4951ae6a8b88265f89bd,남자,40,40대,무직,전북-전주시 완산구,False,
c470df2797b5424ea827cc63caf65ec3,남자,73,60대+,무직,대구-달성군,False,
2bc851a0b6ae4572a90af2dd2fc1ea27,남자,48,40대,데이터 설계 및 프로그래머,서울-강서구,True,11-14
40bb00ffb86444838d269a505c9bf4fe,여자,25,20대,조사 전문가,광주-광산구,False,
1d26fc4a0b2941e486242ae25c547829,여자,70,60대+,무직,부산-금정구,False,
f734ed6e6b7546f58e0bae27c36dc6c4,남자,59,50대,그 외 상점 판매원,서울-양천구,True,11-14
ebecbede54b84afba5ecfbb8f9bc1085,남자,57,50대,그 외 일반 영업원,서울-양천구,True,17-21
7e6c9302b05a4327bcc49b081670f9bf,여자,62,60대+,경영 컨설턴트,전라남-여수시,False,
1a8c0048c9fd4b89aa01417ce6d16837,남자,39,30대,상품 기획자,전라남-순천시,False,
01e9e8c9b30240259556e38d2f468661,여자,47,40대,시내버스 운전원,경기-남양주시,False,
e89ce529cfc247aeac1f800b04219a76,남자,46,40대,무직,경기-포천시,False,
820b86f6520542088abb3ef7fca274ba,여자,45,40대,시내버스 운전원,경기-광주시,False,
45086d9de5de4b8095543bedd1d7569c,남자,32,30대,"전직 영업 관리 사무원, 현재 구직중",서울-중구,True,11-14
5f0262246ac946ea85bdcd3b60ab85c7,남자,82,60대+,산불 감시원,서울-구로구,False,
2fa7804951834ee7b4ff1e27e571854e,남자,70,60대+,시설 경비원,서울-마포구,True,17-21
610214870252450093720ac20260c430,여자,31,30대,"전직 전화 상담원, 현재 구직중",서울-강동구,True,11-14
06f7aad274974aadbbb38c487f65ca50,남자,54,50대,시설 경비원,인천-서구,False,
9ab30a1744054898830b21f7832b3a35,남자,42,40대,무직,대구-북구,False,
587b7ef246b841ed8044638dc38c52fc,남자,20,20대,모바일 애플리케이션 프로그래머,인천-서구,False,
08fc59fc2cad4273974804cddb6c2e97,남자,77,60대+,무직,경기-파주시,False,
928f2592aa834b79bdb8491e25675da4,남자,66,60대+,무직,서울-서대문구,False,
34b968d8a5404a289aae81e0dbdd0f58,남자,40,40대,그 외 화학제품 생산기 조작원,경기-남양주시,False,
451620bbb90a45d4b352c2c95b346ea0,남자,57,50대,경·소형 화물차 운전원,서울-강서구,False,
dc694d78add14f6f975b1669116b3bea,남자,47,40대,무직,대구-달서구,False,
f4d5fe870b874d6e8351ffd30961202c,남자,77,60대+,그 외 물품 이동 장비 조작원,전북-군산시,False,
f1dfa91a1a294003a1975ce96e17e0b4,여자,20,20대,무직,경상남-진주시,False,
3e022293a28743628530a2021483b1c7,남자,43,40대,무직,광주-남구,False,
d7b15f73e0e3494c82fa3abe5a2164c9,여자,51,50대,무직,경기-안산시 단원구,False,
12a9294a426b496f89f33b79cc751098,여자,23,20대,무직,광주-서구,False,
79e93b21a8e549f69a90948d7af25839,여자,22,20대,무직,경기-김포시,False,
c43abaeb2ad345a0b86bc0ba726a6b74,남자,59,50대,통신장비 기사,서울-강남구,False,
13e747b58fea482f8f726f18c7d1d31b,남자,57,50대,산업 안전원,경기-과천시,False,
4ea79e635d40417aa209b44b17d782a9,여자,45,40대,회계 사무원,대구-동구,False,
8acf3867321749918989ec803e3d6a47,여자,68,60대+,무직,부산-금정구,False,
8fc8510093f246e49c884eacc5433510,여자,43,40대,경영 기획 사무원,서울-송파구,False,
edd6bc2d2d07421595874f0fc7b598e7,남자,50,50대,강구조물 건립원,충청남-논산시,False,
fb37e9e956bb405187a222d0489187f5,남자,37,30대,관리 비서,서울-강서구,False,
cbf9f2e7a46b4daab30f855a41ce6d2d,남자,36,30대,자재 및 구매 관리자,인천-남동구,False,
db7f4e0ab96c48e8ad4d64505989d966,남자,42,40대,교육 및 훈련 사무원,충청남-공주시,False,
9c45bab4f9b9437d9aa230329f75660f,여자,64,60대+,무직,서울-동대문구,True,11-14
5019b54674cf4fa49e6515305b3aa3f5,남자,29,20대,"전직 품질 관리 사무원, 현재 구직중",경기-오산시,False,
9442f1ea0c794b5e9b8629c3737d9f5d,여자,40,40대,전자제품 개발 기술자 및 연구원,부산-금정구,False,
07dc918e52a846d38d612a9bb3d6423d,남자,43,40대,무직,경상북-상주시,False,
cb97ad558df74aaba25bedcbe186f88e,남자,58,50대,그 외 건설 관련 기능 종사원,경기-평택시,False,
a67933876e1849009c23adefec9d0d90,여자,64,60대+,무직,충청북-청주시 흥덕구,False,
1756e9007b464026845157deb67daa80,여자,46,40대,무직,부산-수영구,False,
97535de03c6a492e91220510b3bda2b1,남자,62,60대+,무직,서울-금천구,False,
ee1c4055352e4af793e3cd9ae78093ef,남자,63,60대+,부동산 중개사,경기-안산시 상록구,False,
c026fbf1f0b645e2b2a77a05fc10b8c3,남자,69,60대+,무직,대전-동구,False,
e1547286c07f4dfda09ec914bfab5b62,남자,27,20대,무직,경기-안산시 단원구,True,14-17
27f71ed64db245f49fa831acbfa4a99c,여자,65,60대+,무직,경상북-포항시 북구,False,
d927ba97da7e4b059e6f48d89b295bdc,남자,48,40대,지게차 운전원,경기-용인시 수지구,False,
229eaeff30114f3bad4eee2567862075,남자,56,50대,하역 및 적재 관련 단순 종사원,대구-달서구,False,
003088f25f164409ad25b5e03e1bf85e,남자,60,60대+,무직,전북-익산시,False,
82aeb519f522486084bc5a4e6577ac58,남자,29,20대,그 외 공업기계 설치 및 정비원,부산-금정구,False,
f07686cc66684e28b72dd6fa6309e2a4,여자,82,60대+,무직,경상북-안동시,False,
2e182a59567146428d45c15af7baf584,남자,34,30대,그 외 기획 및 마케팅 사무원,서울-구로구,True,17-21
273e7aa6bc0a4bb8abc4b48dbee7cc72,여자,62,60대+,무직,경상남-창원시 의창구,False,
9e3ca7cd3b2d45d89bf3f5d1d51f0230,여자,33,30대,그 외 음식 서비스 종사원,충청북-청주시 상당구,False,
16671242599b4d62983ebddd22795b69,여자,37,30대,음식 서비스 종사원,경기-김포시,False,
241c659f0ef34df78446ec574fac126b,여자,50,50대,통신장비 설치 및 수리원,경기-오산시,False,
f2c990912a274653ac5b202181813b32,남자,51,50대,영업 관리 사무원,인천-서구,False,
483e8eefdf6f4efcb10d44d4bc937482,남자,82,60대+,무직,경기-의정부시,False,
b8676a07e43541c5b28862a48fb1ef0b,여자,57,50대,교통안전 연구원,경상남-진주시,False,
84a76392ca3148c8ad302e20ddd42c9c,여자,41,40대,무직,제주-제주시,False,
48aa2473314049548676a26534e12039,남자,49,40대,공공행정 사무원,경상남-김해시,False,
872bc0984d6c4e1ab0f90a2789fafdb8,여자,77,60대+,무직,경기-화성시,False,
04afa4b8a45541d894e03f80de877664,남자,22,20대,품질 관리 사무원,경기-안산시 단원구,True,14-17
fc807281e3274fb68b7fb241f659c1a1,남자,39,30대,"전직 위성방송 안테나 설치 및 수리원, 현재 구직중",충청남-당진시,False,
7713de4c9c73465cb110cbe4690b6bd6,여자,72,60대+,대출 모집인,경상남-양산시,False,
5c23b504fa3d4236b7914a3e9c0557be,남자,47,40대,그 외 일반 영업원,대전-서구,False,
64a0a88b0d234887b667b391ea0ae3fc,남자,63,60대+,철도 기관사,경기-남양주시,False,
a6ca35d388874e47bdcea1297d5f59c4,남자,64,60대+,건물 경비원,대구-달서구,False,
a4412ecb86484141b278c49e3fe97a99,여자,62,60대+,그 외 조리사,부산-강서구,False,
dda48330208a40d788e3e2d3ededd57d,남자,23,20대,품질 인증 심사 전문가,경상북-포항시 북구,False,
4fe683586c1847a8845c5c64a12a3524,여자,68,60대+,텔레마케터,제주-제주시,False,
ae3a31a8b2c8454d86bc518cf720b5a3,여자,40,40대,유치원 교사,광주-동구,False,
87465bac67d542c886717061d652619c,남자,19,10대,무직,대전-서구,True,14-17
612393d45d7e4cba835444a9e006c992,여자,36,30대,중식 조리사,경기-고양시 일산동구,True,11-14
4fe7bc98e7c94cf6ba0b31e33bebd357,남자,49,40대,강구조물 건립원,경기-성남시 중원구,False,
6d8aa00ba3b24811a64396b6a312be92,남자,77,60대+,그 외 하역 및 적재 단순 종사원,전라남-영암군,False,
38e3457fcde54c3ba20d4e968a9db325,여자,67,60대+,건물 청소원,충청남-논산시,False,
8c1fd22547934ef495bfb5390eaebb34,남자,67,60대+,무직,서울-구로구,False,
680fa318e9ce47be80d2f64b5b3b8041,남자,27,20대,무직,경기-화성시,False,
ae33761b2af04380b01e477165bd3fbc,남자,52,50대,지게차 운전원,전북-장수군,False,
0fdc29a5089d41398582ffcb09b45a34,여자,62,60대+,음료 배달원,충청남-논산시,False,
654ca76f67784b99b35ca64c713d6e0e,남자,85,60대+,무직,대구-동구,False,
7dec2a74e60246a69f9f8445749513ad,남자,40,40대,하역 및 적재 관련 단순 종사원,경기-수원시 권선구,False,
98c9031dd3bb475ea381ccf390464567,남자,49,40대,플랜트공학 기술자 및 연구원,서울-강남구,False,
94f602e89ccc4260b6a57c30f7bd1047,남자,65,60대+,머시닝센터 조작원,서울-중랑구,True,00-06
fdec2083df6445aabceed77978fc3cdf,남자,29,20대,시설 경비원,광주-북구,False,
fd5a07f37f614aea836d462950770ca9,남자,25,20대,무직,서울-도봉구,False,
cc5fc940e84d4089941b8fee44c3b729,여자,65,60대+,무직,전라남-순천시,False,
df3163a1a873466b9ff9348f22701cb3,여자,51,50대,건물 청소원,서울-금천구,False,
acb9a1bb2f064a7eaa3acaaee80a4fc8,남자,44,40대,무직,제주-제주시,False,
39b02bca966643b0bf8a770e37f2bfc6,여자,41,40대,승용차 및 승합차 운전원,대구-달서구,False,
d4a3eeaecfa64ac9a5079e130e80cb44,남자,27,20대,일반 비서,경기-수원시 권선구,False,
1478f56e58cc4388baf2a30150d40f53,남자,85,60대+,무직,인천-미추홀구,False,
44efebd646604f758bf41b35a6051840,여자,29,20대,전문 한의사,강원-춘천시,False,
3a2c0b6299ff4971b2f0c2c198321800,여자,71,60대+,무직,부산-기장군,False,
82cde5a3fd274ac39b9e4b3d899ae6b2,여자,63,60대+,음료 서비스 종사원,대구-동구,False,
be7ffd2af7254791b4b388d080836e0e,남자,27,20대,공공행정 전문가,경기-고양시 일산서구,False,
5e3ff5127db14f72a21de6cf15d1a2f7,남자,55,50대,기업 고위 임원,부산-영도구,False,
b81a11c862e34b4596d87ae91d3f21b3,여자,35,30대,무직,서울-강남구,True,14-17
a624b13097224fd1865072fe245488b3,남자,76,60대+,건물 경비원,대구-동구,False,
39c98cfa78294216aca2ebb4189b6227,여자,79,60대+,무직,부산-동구,False,
0a3520d53a594634bbcab32e2921939a,여자,39,30대,일반 비서,경기-고양시 일산서구,False,
84888984c46a419997471631054c1a53,여자,61,60대+,무직,경기-과천시,False,
f8b2eb983cdf41229ea152b89081246e,여자,27,20대,무직,부산-강서구,False,
c3c27cbd5f1a4b0298ec74f54c45d0e5,여자,55,50대,농업 단순 종사원,전라남-장흥군,False,
77957688484e410789be140fc748b216,여자,55,50대,건물 청소원,전라남-고흥군,False,
09be37698cc84baf96a88647650a0c0b,여자,41,40대,투자 권유 대행인,경기-고양시 일산동구,False,
474fb9e2a3c94436a0008f32c7d63c9c,남자,41,40대,석유화학 기술자 및 연구원,경상남-진주시,False,
9cefd3f8be0447b3b8e5cf1f1c090147,남자,58,50대,그 외 일반 영업원,전라남-순천시,False,
d18748beb9c141eabb4cb04a2aaeb9d5,남자,35,30대,자동차 튜닝원,부산-강서구,True,11-14
673f289568844e7dab8710ed2377fa25,남자,33,30대,토목 관련 관리자,경기-성남시 중원구,False,
fd739e91d26a4130850af8598bdd3022,남자,39,30대,산업 안전원,경상남-양산시,False,
fa4006cfb18540aa85478a045fd87de1,남자,58,50대,경리 사무원,부산-금정구,False,
694dae5723c540878643b666aa85549b,여자,63,60대+,음식료품 판매원,경기-여주시,False,
3835c5dadb454182a31b7e83f9ec5853,남자,30,30대,무직,서울-동대문구,False,
750b9d8ccbe84c1fab9d5a89c7d90128,남자,19,10대,무직,충청남-천안시 서북구,False,
7a153cd4f7db401daaff7f37375e180b,여자,75,60대+,건물 청소원,경상북-영주시,False,
8fa409e123c74c4c8c8789907163e49b,남자,37,30대,우편집배원,경기-안양시 만안구,False,
5949d5bb44674fee8cabc42261da96ed,남자,62,60대+,건물 경비원,전라남-무안군,False,
b48a42506d9c46d5be66f00cd2f34cd0,여자,50,50대,전화 상담원,서울-성북구,False,
1083cf4cd2174366bfd1c23aa2023b77,여자,31,30대,무직,서울-영등포구,True,14-17
198214301dc24ec991a6d16f51bbd310,남자,50,50대,건물 칸막이 설치원,충청남-당진시,False,
b97e2d943802486cacf61e782965e5c5,남자,64,60대+,냉난방기 관련 설비 조작원,서울-관악구,False,
9fa8ff3f2ff5439380b8e0eed3477ef5,남자,69,60대+,무직,전라남-함평군,False,
4a77144a775840c78793196e3ad8b3a1,남자,61,60대+,무직,충청남-천안시 서북구,False,
77bb21541f834baeaaf8844fed96c139,여자,79,60대+,무직,전북-정읍시,False,
1bf773c1db7a44388a8396d0a63a9558,여자,56,50대,경리 사무원,경기-안성시,False,
3100bd22b299415599caaf1ab230c507,여자,65,60대+,건물 청소원,경상남-진주시,False,
74ddf1d7b7a2425c9ed03835c4e771c1,여자,63,60대+,여행 사무원,인천-부평구,True,11-14
3dc8a50abe084f1b9e511663f883c0ce,남자,32,30대,철도 고가 전선 가설원,전라남-광양시,False,
ec364c1a3fbe47ad8e59a6e6db9867e5,남자,21,20대,무직,경기-용인시 처인구,False,
9595ae5f0c42460ca0b01c4ec0cdd6e4,남자,49,40대,경리 사무원,대구-수성구,False,
db15feba5fad45e999758432dab7f1d1,남자,35,30대,방송장비 설치 및 수리원,경기-고양시 일산서구,False,
19691b4ed2dd473485add0b3d3377865,여자,87,60대+,무직,대구-중구,False,
042c083cf67a47d8956cf2b50ec12f0c,여자,74,60대+,무직,충청북-청주시 서원구,False,
4c9e80935fa943acbffefb9ec4880b75,남자,76,60대+,무직,경기-부천시 원미구,False,
b7b34b06aae44d86b3a4c203300d94a6,남자,47,40대,교사 교육 보조원,광주-북구,False,
2873bfbfca08415892f5a20cef7f5be6,여자,69,60대+,드라이클리닝기 조작원,경기-용인시 기흥구,False,
ad49fbafbdcc42c48138d46bf21c7e9e,여자,38,30대,압연기 조작원,경기-안산시 상록구,False,
3dc876310e5d4a129d79cf2fe3c45c86,남자,72,60대+,농업 단순 종사원,전북-임실군,False,
0a06c412b55e40cab8c33ee1b69acb1c,남자,67,60대+,무직,충청북-음성군,False,
10efcd7bcbb44a9c96a53207fbd75df5,남자,67,60대+,무직,충청북-영동군,False,
d4236dbc6ab94800afd5f9bf59484877,남자,63,60대+,그 외 상점 판매원,경상남-통영시,False,
781a61765c824e0c8dd332162da282c7,남자,36,30대,조세행정 사무원,강원-춘천시,False,
1023b99ececc421bbef00e7e1470c929,여자,63,60대+,그 외 조리사,인천-미추홀구,False,
edad59cfa6bc4c60b28c81fcb7685783,여자,54,50대,유통 및 매장 감시원,경기-군포시,False,
eece1c9a6ea847708cae414ade5da28e,여자,80,60대+,무직,서울-노원구,False,
b3539b72429a43c2a2cfd9bf847ee413,여자,25,20대,무직,부산-해운대구,True,14-17
5d7d162eb32241f99102861be9d7eae5,여자,61,60대+,관광버스 운전원,경기-성남시 분당구,True,11-14
284f45dfae834121831977ed22df3fa2,남자,73,60대+,그 외 하역 및 적재 단순 종사원,경상북-영천시,False,
e38bb6d5c3cb4d428db27a254c6738d7,여자,43,40대,경리 사무원,서울-강남구,False,
7a19a7728bf744f996b06d1c4ecc9c66,남자,56,50대,경영 기획 사무원,경기-군포시,False,
89557722979840ad820ea05c37c27b41,남자,25,20대,통신장비 기사,충청북-청주시 흥덕구,False,
4177c41a5e094f27b955d0732a99b04c,여자,79,60대+,무직,전라남-나주시,False,
baff19976bda4bc283a376cba90761b3,남자,26,20대,생산관리 사무원,경기-용인시 수지구,False,
536af85c18144f1295d14964a0b97263,남자,47,40대,기업 고위 임원,전라남-나주시,False,
df66312dd1484cf88b36031533b4d483,남자,55,50대,경리 사무원,부산-부산진구,False,
c15dd123f85541beb37135454b31deec,여자,74,60대+,무직,인천-남동구,False,
06289e0e1a3e4016b78290555a00f89b,여자,45,40대,시설 경비원,경기-안양시 만안구,False,
2f3a3f786e5a46ed8315c62956e7a7aa,남자,50,50대,상품 기획자,대구-서구,False,
97b7c38245854308a55ed2194bec429a,남자,64,60대+,상·하수 배관공,경상북-봉화군,False,
d5db90a227504311bf0e3470a041e4d1,남자,71,60대+,운송장비 청소원,전북-익산시,False,
7296ebd417354be4a513535f1a4f09b5,여자,27,20대,부동산 중개사,경기-과천시,False,
6edb7fa706a04794aed87425e4f7c80f,여자,51,50대,무직,전북-전주시 덕진구,False,
49cc81fdb4b644b185fb737a33891718,남자,61,60대+,무직,서울-양천구,False,
b48f4d86d97840e98d89ff808e535a9d,남자,38,30대,그 외 일반 영업원,경상남-진주시,False,
a5be59f45c084a5f875a696efcf478b1,남자,64,60대+,무직,서울-영등포구,False,
a5584823d8f340ea859bd2c6a8439166,여자,34,30대,무직,서울-중구,True,11-14
55dc781de107415d84181d2756748ea7,여자,55,50대,무직,강원-동해시,False,
22e2c5fc26d94464a605c597b8b87a43,여자,53,50대,무직,경상남-창원시 마산회원구,False,
3a2297a5d27541b18c9c45003e5583d4,여자,67,60대+,무직,전북-익산시,False,
370820ff058e4aac9c3bfd1281cad0e1,여자,57,50대,노인 및 장애인 돌봄 서비스 종사원,부산-강서구,False,
baa2180594a74470845645a9d0fd4500,남자,55,50대,경영 컨설턴트,서울-동대문구,True,11-14
3c82a7c6f13d46019d406a3f9d8db25a,여자,33,30대,조사 전문가,광주-서구,False,
4e830ee43615497ab6e2a186d443db45,여자,77,60대+,무직,강원-철원군,False,
5fa956cde8604c37abc0450af9bd3ef4,남자,61,60대+,건물 경비원,충청남-보령시,False,
7c6e0ae666fb4a97bdf4f5936650e3fa,남자,55,50대,하역 및 적재 관련 단순 종사원,경기-수원시 장안구,False,
a43c4fed1e2a4c3b86e941b115172cba,남자,73,60대+,수동 포장원,전라남-영광군,False,
e5e35f92a60a4362b49006bfcf35c50d,여자,82,60대+,무직,서울-송파구,False,
dc5b8b04a1fb489d8b90098ab9ca25eb,여자,71,60대+,무직,충청남-아산시,False,
5b16fe75624c460f9db79086963a8900,남자,53,50대,경·소형 화물차 운전원,경상남-김해시,False,
42bfe770b4504a3eb7483dee1b7214da,남자,68,60대+,하역 및 적재 관련 단순 종사원,충청남-공주시,False,
5413474113ed46e3a4b3086be7a9f12b,남자,54,50대,무직,경기-의정부시,False,
02dd376b6445401292b0b4929d2d6fa8,남자,89,60대+,건물 청소원,경기-부천시 오정구,False,
54619c22f2754d25891717916f45c541,남자,29,20대,"전직 범용 소프트웨어 프로그래머, 현재 구직중",서울-동대문구,True,14-17
fb68ca4bf38b41f8b6238e9fc1cadb4e,여자,39,30대,그 외 음식 서비스 종사원,인천-계양구,False,
e73bcaa4e3b54273a92ca6772f52dd1b,남자,60,60대+,자동차 부품 기술 영업원,충청북-청주시 서원구,False,
bed6b05436fb41669307a606d930ee59,여자,19,10대,무직,경상남-창원시 진해구,False,
2f0fef7205704232be981d8fdc0a33ed,남자,63,60대+,무직,강원-원주시,False,
8cda4d6d979d42d3bf8ff49004b48e7a,여자,72,60대+,무직,서울-송파구,False,
df8de8fa07534e288f64155bbcf259e0,남자,44,40대,전동차 기관사,전라남-무안군,False,
ff1919d070ba43d9b1eb46a0f2ae0f89,여자,56,50대,무직,충청북-청주시 서원구,False,
03e5d87b9ce846b28d72b0e8cb65abf2,남자,43,40대,전기제어장치 설치 및 정비원,경기-용인시 처인구,False,
f730b11d4e03443ebe5c9a7fdb17968c,남자,50,50대,유리 관련 기능 종사원,충청북-진천군,False,
9acf02ca564d4b73ad540304b3be5268,여자,45,40대,디스플레이 디자이너,서울-도봉구,True,17-21
4acf1d2e13b040c1a391a87611b0de19,남자,21,20대,무직,강원-강릉시,False,
a6f5bfc7b3cf461fbec62ea5b47f30ef,여자,57,50대,행사 및 홍보 도우미,경기-성남시 분당구,False,
3d19013c575c4ce1a62ad96693bd3a21,남자,48,40대,거리 미화원,경기-동두천시,False,
8377181bd8b94566b23c9d067db118bc,여자,43,40대,경·소형 화물차 운전원,전북-익산시,False,
3a312a41e99447009a2f684ebfc18126,남자,48,40대,시설 경비원,인천-서구,False,
2968cbeff5fa4d46987f61718d64a41c,남자,66,60대+,마케팅 전문가,서울-강서구,False,
e62384f548a4428582017f0879fee875,남자,46,40대,가스 관련 관리자,강원-삼척시,False,
8c30e9e917fa44bf9ea8d4639792463a,여자,64,60대+,무직,서울-중랑구,False,
a901e2f436134caaa7acad65371d6e4f,남자,22,20대,무직,대전-동구,False,
00875ae4a8be4619bccac2f5039ffad6,남자,36,30대,통신장비 기사,인천-서구,False,
5ca8ccc4384d4eb28de78e445315cb5c,여자,33,30대,에스컬레이터 설치 및 정비원,경기-파주시,False,
65feb4f3e6a9487abfb98c85036c094e,남자,64,60대+,무직,부산-수영구,False,
5878aa48e7454ba5a2fd32015c9d1da7,남자,69,60대+,건물 경비원,경기-부천시 소사구,False,
3c32f9e9bc304adc96434e688c0d81ec,여자,21,20대,인쇄 관련 기능 종사원,서울-노원구,True,14-17
0e8eb24ebcf842d9bf6146a6cc1d389d,남자,60,60대+,무직,경기-고양시 덕양구,False,
d01d83f188b642ebaf6cf835ba4f7854,여자,56,50대,방수공,대전-중구,False,
6f845e62de44458b9e4dfdb042d7f186,여자,59,50대,무직,서울-도봉구,False,
fee2f36a7c4a4177bda767e3a0d95c1e,여자,65,60대+,무직,서울-송파구,False,
96f8fc3dad5f4660ae7e9f9a35a40632,남자,46,40대,일반 비서,전라남-여수시,False,
408fe36143904f9095979c1075562c16,여자,60,60대+,무직,경상북-구미시,False,
400cdf0a984b4c5bac7651da17bd3e7f,남자,57,50대,그 외 목제품 제조 관련 종사원,경기-오산시,False,
9cfccf76f08d48c39ad64dd13f0b85f3,남자,28,20대,무직,울산-울주군,False,
e7535100f98f415bb7f19b35f842d13c,남자,28,20대,송배전설비 기술자 및 연구원,경기-성남시 수정구,False,
47134cd8846b4a9499d0d576868f090f,여자,85,60대+,무직,충청남-당진시,False,
0b769975806f48629ed639bbe673e8a0,남자,34,30대,관세행정 사무원,강원-강릉시,False,
1168e50029724f51a703114759e0f3d3,여자,43,40대,그 외 일반 영업원,경기-수원시 권선구,False,
9f9d0a771208433bb607b63824a27023,남자,26,20대,무직,울산-동구,False,
92266b4e633c491796f7c8618bc3db05,여자,48,40대,무직,경기-평택시,False,
5edbf20750a04f10a3d0bed332385130,여자,53,50대,간호조무사,인천-연수구,False,
9d7bf00a4a2c470185805db971874b74,여자,58,50대,주방 보조원,대전-서구,False,
594e51e31fc44923a5068bff66f300e3,여자,61,60대+,세탁원 및 다림질원,서울-양천구,False,
13fca206b9d64c0b8169bada1e5411ff,여자,46,40대,무직,경기-의왕시,False,
af77e13db899487697e7fd4db8a27bf5,여자,59,50대,무직,경기-의정부시,False,
00977e38507e40dea2cbca564e420696,여자,31,30대,사회학 연구원,경기-수원시 팔달구,False,
e48e7d2321744ec1843291fb2812cf5b,여자,47,40대,학습지 방문강사,경상남-진주시,False,
08795f63316a4b8891484b8946e65d6e,남자,54,50대,교육 및 훈련 사무원,서울-광진구,True,11-14
5dc3293f5da44872bf2b2b3440c8f490,여자,25,20대,일반 간호사,서울-성북구,True,17-21
36a5deeabd9745e98c78401a0b139763,여자,27,20대,무직,대전-서구,False,
10a799eba39747c9a92da6f66b4f786d,남자,24,20대,무직,서울-관악구,False,
d1a4217d86b349459528e5f2f5df7ee7,여자,52,50대,관세행정 사무원,서울-중랑구,True,11-14
a9c6a0b8961c4dad9244e71629638d78,남자,22,20대,무직,경기-군포시,False,
5770634946b8423a8302a2e8850b8068,남자,19,10대,무직,강원-양양군,False,
065c057deac740be89510ef59331e436,여자,45,40대,무직,충청남-서산시,False,
e5383d401fc44192861c1e69f9fcfa97,여자,46,40대,무직,경기-의왕시,False,
c44ccf25d2dd435babca84ef62332c10,여자,81,60대+,무직,강원-정선군,False,
4d12abd1b3844f28aa0e2a2ef7f820f9,여자,31,30대,경리 사무원,경기-양평군,False,
a2c6361636d54946ae176080a984a5da,남자,24,20대,일반 비서,경상북-경산시,False,
dcf5ea125a144fe3982bb208585edcf2,여자,22,20대,무직,대전-유성구,False,
517f40d2371f4b21b0edd75add609a45,남자,43,40대,시설 경비원,인천-미추홀구,False,
db46fde6d0024c3093d01c189e94a1ac,남자,69,60대+,무직,부산-남구,False,
4c8596becf48481382ee6e859fad8863,남자,28,20대,"전직 선박 객실 승무원, 현재 구직중",전라남-순천시,True,11-14
33b6943523b54ad2ad995edbf169de70,여자,83,60대+,무직,전라남-구례군,False,
a8a646f462d34b7a8af4a44e15551e5d,여자,53,50대,무직,충청남-천안시 서북구,False,
e92ade67cef747878af6e60e503886ee,여자,56,50대,사무 보조원,경기-오산시,False,
a2ea16fb801c45c0a51c92a8e8377d55,남자,38,30대,무직,서울-성동구,True,17-21
52f7c93e6931405ea44b5db7cd77cc1a,여자,30,30대,유치원 교사,대전-동구,False,
4751ddf3f24b4833abf2f885136ae59f,여자,60,60대+,무직,경상북-포항시 남구,False,
9cd37ab7b045457aaaba928fce78f238,여자,84,60대+,무직,경기-남양주시,False,
0a34ac91224b4b51ac553313c34ebc1f,남자,33,30대,농업용 기계장비 기술 영업원,경기-화성시,True,11-14
e694b83fccfb401eae8ade58ae7d3b29,여자,79,60대+,무직,대구-수성구,False,
38533ca07af540dc9a1009c8d24350a7,여자,47,40대,대여 제품 방문 점검원,서울-광진구,True,17-21
68d718bf99404ee0a9e34b36496dae6e,남자,44,40대,마케팅 전문가,서울-광진구,True,17-21
9bad268beee14bd1b589058b6d3390d1,남자,58,50대,택배원,경상남-진주시,False,
4eb5cc94533745dba32b760c0db45c92,여자,25,20대,언어재활사,경기-부천시 원미구,False,
2c09ba1b0ecf41fe81f32d09e93579c7,남자,50,50대,경·소형 화물차 운전원,경상남-창원시 마산회원구,False,
72690a11b858474fbac42f8c6880feef,남자,41,40대,무직,대구-달서구,False,
1850aaca8a5743ce997e65c6c792ab71,여자,51,50대,건물 청소원,충청남-서산시,False,
55cacf0127d44ad19c42f290f3ed0022,여자,49,40대,무직,경기-파주시,False,
7cd531e154df4c399cdfeb4c5146477f,여자,81,60대+,무직,부산-해운대구,False,
a371126e4d9547cfb6fab548e793b2d1,남자,67,60대+,자재 관리 사무원,인천-옹진군,False,
a6fb75ad76674343b62ba13b59e9fc72,남자,54,50대,육군 부사관,대구-달서구,False,
aba780c722ef422983c333a00d5ed5dc,여자,30,30대,신용카드 모집인,서울-강남구,True,17-21
f5414a39d8b44838bc8d907925a0bb73,여자,21,20대,유치원 교사,서울-강서구,True,17-21
63c8a0647bee436d8e2f739056f81113,남자,85,60대+,이삿짐 운반원,대전-중구,False,
2c7ddb3c50014f36a272ff91b89a8a40,여자,86,60대+,무직,서울-영등포구,False,
6d9030f5b8c749ab85f562774bb289a8,남자,51,50대,그 외 건물 관리원,충청남-아산시,False,
f9f36e66f19444b399524e9f0108aa24,남자,60,60대+,"전직 사진 인화 및 현상기 조작원, 현재 구직중",경기-부천시 소사구,False,
cbf8b821b2f24886ba859d04aa4fe0af,남자,80,60대+,생산관리 사무원,충청남-서산시,False,
b060dfcf7c624d8d8e5b4f7368792e2c,여자,49,40대,전기기기 설치 및 정비원,경기-오산시,True,14-17
45d2357482d34dc5bb0ba149256a8a19,여자,57,50대,무직,경기-화성시,False,
0b145f2994ee46579b6ca7f3ed937e2e,여자,62,60대+,무직,경기-남양주시,False,
b98f7f6b740b42408cec14a967a76182,남자,24,20대,경리 사무원,경기-안산시 상록구,True,17-21
9e0fb587e1424f63920ff922d4e1fcf9,남자,61,60대+,무직,인천-부평구,False,
8f324ca071b94fba9932acf10c0239f8,여자,53,50대,무직,경기-부천시 오정구,False,
7732be9aae4d45b39057078d225ffe4f,남자,29,20대,컴퓨터 하드웨어 기술자 및 연구원,경기-김포시,False,
ba76dae3fc4a4c4482597d291ee5bc1d,남자,32,30대,무직,대구-북구,False,
bf1b794ff5724cde90055397aaadefbe,여자,57,50대,무직,경기-수원시 권선구,False,
591c552279174a738550b8105ece4110,남자,40,40대,공구 조립원,대전-서구,False,
2bbac6129eb94d69949256d392c1c628,남자,80,60대+,무직,경상남-창원시 진해구,False,
57215df3419640b58279607ffbf6551c,남자,67,60대+,무직,경상남-창원시 성산구,False,
8736d26125ca452c800b8448da0a2359,여자,44,40대,그 외 일반 영업원,경기-안양시 만안구,True,17-21
a7e47f8749ee446a916d7bd456367094,여자,51,50대,유치원 교사,세종-세종시,False,
361d50ae9f0c400b9073424aa24778bf,남자,64,60대+,무직,전라남-화순군,False,
9fb58c07b67e42cab6660f09e3c83500,남자,31,30대,총무 사무원,경상남-양산시,False,
5016f6a4d23940d392415bece0cb8f7f,남자,61,60대+,무직,경상남-창녕군,False,
9594b57de7c0481889b1a4486b8163c6,여자,34,30대,유치원 교사,대구-달서구,True,17-21
8e1b61709df844f29b683327862ecf1a,여자,51,50대,무직,서울-용산구,True,17-21
00e1b33bee60476ebdd50227c32e6145,남자,64,60대+,어업 단순 종사원,인천-강화군,False,
107620c370474c41a7e3f6bb1bd2a4e1,여자,62,60대+,"전직 건물 청소원, 현재 구직중",서울-강북구,False,
41a8860867824126bee8b5f648d57041,남자,68,60대+,무직,부산-사상구,False,
2904b406b3874a7d8c0dfef0817712da,여자,22,20대,무직,충청남-아산시,False,
97934a4adc5f42baa6f9a9fb8dd2848d,남자,48,40대,가스 점검원,전라남-완도군,False,
eeddf51ba1734198b8a1885099b05569,남자,31,30대,마케팅 전문가,서울-강남구,True,17-21
f1c52cad98eb4db884c4fb6cc05533aa,여자,58,50대,무직,전라남-곡성군,False,
2ad9ff4edd0443ad989aebf5d0b5d53b,남자,23,20대,무직,서울-중랑구,False,
1629af90a7a84349bdcf574d6f3e0d9c,남자,27,20대,조사 전문가,서울-관악구,False,
ff4a8cf575e24ba9bb541cbce407f203,남자,71,60대+,무직,경기-고양시 덕양구,False,
acd2aae649b84c19a99c1e192c0593cb,남자,42,40대,무직,경기-안산시 단원구,False,
946e2b315216426ba3084550d2c383df,남자,28,20대,농약·비료 기술자 및 연구원,충청남-홍성군,False,
224ebcc7297b4e05b2de4b94d2d16e14,남자,46,40대,단말기 및 통신 서비스 판매원,서울-노원구,True,17-21
3431b339659d4757973f19d4421a7b95,여자,22,20대,무직,경기-화성시,False,
72ccd02f36e84862bdfb484337d4bb3b,여자,50,50대,그 외 돌봄 및 보건 서비스 종사원,전북-부안군,False,
ace5bbb99ccc4c198dc471d5156116f5,여자,41,40대,금형원,경기-양주시,False,
baa2fc0ddb62433791771f34a1c35823,여자,28,20대,사무 보조원,대전-유성구,False,
56c34242db19416a917f65c70f9ecf8d,남자,41,40대,자동차공학 기술자 및 연구원,전북-전주시 완산구,False,
ed4a2aa4b4244f0ab87c90138c581949,남자,30,30대,자동 조립라인 조작원,경상남-창원시 의창구,False,
2a2dc751c61145adb22a89567413b3ff,남자,70,60대+,무직,충청북-제천시,False,
b2ca35c48b23412fb803a07f26475806,남자,55,50대,무직,경기-시흥시,False,
cf5b7e8354b04986b29d40f4624352d8,여자,53,50대,보육 관련 시설 서비스 종사원,경상북-김천시,False,
4acf782e6b8f4901ab923217b77cff1a,남자,24,20대,무직,부산-영도구,False,
773a223e196042af85e26e7ef18bdf61,남자,42,40대,무직,서울-마포구,False,
91e0705f60b843c5b11891cd9e267803,여자,53,50대,주방 보조원,강원-동해시,False,
0ca9e3f2fa0a4509b62c442c0bbc3a26,여자,59,50대,머시닝센터 조작원,충청북-보은군,False,
07697f30fd9e4f1cb58e0cc23bd6a40e,여자,29,20대,무직,서울-중랑구,False,
76d85c2142454ec98d5e77d1f56b5455,여자,58,50대,그 외 산업 안전 및 위험 관리원,경기-성남시 분당구,False,
a584f3c571a44a5b9b25c9a9630f2b0c,여자,81,60대+,무직,대구-수성구,False,
20b7b8aaf46740d496ce936cd4446a23,남자,55,50대,무직,경기-성남시 중원구,False,
7e01591dbcda43a1b5a22eb50a093e6f,여자,56,50대,무직,경상남-진주시,False,
7be49541c525470485ea206095694187,남자,32,30대,일반 경찰관 및 수사관,경기-의정부시,False,
30b08e2a83cc4783bcfd465bb823bc9a,남자,23,20대,그 외 기능 관련 종사원,경기-성남시 중원구,True,11-14
17d8bf7e6e614f2b9c4c97efd9019d50,남자,65,60대+,쓰레기 수거원,제주-제주시,False,
faec0d18e3af4d65a389116fce1e37eb,여자,25,20대,무직,경기-광명시,False,
0735db5013e14b948f18c248df2b8557,여자,31,30대,유치원 교사,경기-의정부시,False,
07dc2c800908443f89964c8706fbbab8,여자,69,60대+,무직,경기-수원시 영통구,False,
1be4ccc0c8b546939e6c5db893ba25b0,여자,28,20대,사무 보조원,경기-시흥시,False,
5dc57e9161da4eb68be5038716c05634,여자,69,60대+,무직,서울-영등포구,False,
fcff7c3fd8be40dbb1421d8b18e97157,여자,64,60대+,무직,전라남-무안군,False,
d5e97ce8e89c427093807e0c298274a9,여자,69,60대+,무직,경상북-안동시,False,
67f69cde096341d28777f6f134949ce7,남자,49,40대,총무 사무원,강원-강릉시,False,
9251ecc96a4b46c0829e44139ab0f51c,남자,47,40대,무직,대전-동구,False,
0aca0d389edb40378119f637bd4bced0,여자,45,40대,의류 판매원,충청북-청주시 상당구,True,17-21
31dafe2ecd7646c58e032acebcc7c1fb,남자,52,50대,기업 대표이사,경기-안성시,False,
aff1d1aa5e6e449b8f81acd269fb02e1,여자,33,30대,조세행정 사무원,광주-서구,False,
9440014d6bca4f20a6fa1e74c7db7101,남자,54,50대,시설 경비원,경기-수원시 장안구,False,
0f0cdc76648747fb9ee3f763df8b81cf,여자,30,30대,보육 관련 시설 서비스 종사원,경기-광명시,False,
68037bb108964c8eb767021c4547b7d6,남자,53,50대,무직,경기-안양시 동안구,False,
d53922bd7383406394d97b52e2f2891a,여자,62,60대+,무직,서울-성북구,False,
818c2e33353548fe9c2e2444593e5f39,여자,76,60대+,무직,경기-안양시 만안구,False,
da0ecbca8db94de3b217d6531562b219,여자,73,60대+,무직,경기-평택시,False,
6ee1819ef6e4428ab83dec2c7c3d2bfb,여자,33,30대,"전직 학습지 방문강사, 현재 구직중",경기-군포시,True,17-21
ab837dbd8da14b31a2e14a59de17037f,여자,19,10대,한식 조리사,경기-용인시 기흥구,True,11-14
a17b8fabc776479d9f57095adfe69387,여자,20,20대,매장 정리원,경기-군포시,True,17-21
2b1a5e076b764b8ba23c4df4dd09bfaf,남자,21,20대,무직,울산-동구,False,
517320176e584e239c4f6137f5e6bd31,남자,55,50대,무직,서울-도봉구,True,17-21
5efd48c3ceaa43799a9eaf5ee527ce3c,남자,31,30대,화학물 가열 처리 장치 조작원,광주-북구,False,
51d8fb45ab484985b24e9a30d9a0f967,여자,64,60대+,건물 경비원,부산-사하구,False,
2ad86fea66bd4bd188473860a50360e3,여자,34,30대,공공행정 사무원,경기-시흥시,True,17-21
11ed1a09cb0d41629ba72b2b0da8b06a,여자,81,60대+,무직,충청남-서산시,False,
21bdb371ed1b4ca78d87b55e41138072,여자,42,40대,회계 사무원,서울-영등포구,True,17-21
8da2f501ee2f4631a14bcf4f95d7097c,남자,53,50대,무직,경상남-창원시 의창구,False,
db0036776cd7478e90d442b48b9de0d2,여자,76,60대+,건물 청소원,경기-하남시,False,
1d94436338504fd29fb3359bb5edee79,여자,59,50대,한식 조리사,서울-송파구,True,17-21
887b93d626a440b8b63417a26038de5e,여자,67,60대+,경리 사무원,경기-화성시,False,
5c518d45b11e4636a6a57a3e0683601c,여자,25,20대,무직,전라남-여수시,True,14-17
f066ca677c23427f8a9161e6054e529c,남자,41,40대,로봇공학 기술자 및 연구원,충청남-아산시,False,
e9543675d97d4dbf9d5251bae3d768a6,남자,27,20대,가전제품 판매원,전북-전주시 완산구,True,11-14
61da6ac408c94e87a776eeba23022f35,남자,22,20대,무직,경기-파주시,False,
efca73ee82884bb583d83117bc458064,여자,54,50대,외국어 교사,부산-수영구,False,
045e1ab28fde4feeaeb741fc7ae7b414,남자,35,30대,교육 및 훈련 사무원,충청남-천안시 서북구,False,
f8192ab1b6ff4a62b1eaad22a45d779b,남자,32,30대,생산관리 사무원,경기-오산시,False,
b20a24d6b3bc42db91fcb8db52de7507,남자,66,60대+,무직,서울-강서구,True,17-21
5dc16ad44969438890df32cff7cabb6f,남자,50,50대,시설 경비원,인천-서구,False,
952d59ab84e5445081872f8ed5b7a7ef,여자,20,20대,그 외 상점 판매원,서울-동대문구,True,17-21
9a8910fa6d41421f8b8accfd0c8dcb67,여자,74,60대+,무직,경기-연천군,False,
8fd070d3b17f4054ad619920461147e6,여자,42,40대,그 외 일반 영업원,광주-북구,False,
efd4e430f3a44af292eab025f0f46cf8,남자,46,40대,공군 부사관,경기-안산시 단원구,False,
246a68e1ce7b4a82a990790a5a953ca0,남자,63,60대+,무직,경상남-산청군,False,
f1358c6f2d404b379564a9188d104df3,남자,52,50대,수력발전장치 운전원,충청남-태안군,False,
bf56aa77717b4d1e87398229357041b8,남자,28,20대,건물 경비원,경기-부천시 오정구,False,
aa5140a2713c492da60a2459e6ab394b,여자,25,20대,국가행정 사무원,경상북-포항시 남구,False,
c976efb07ae148cab4e248a38214ae5d,남자,41,40대,일반 비서,경기-고양시 덕양구,False,
ab1dcc4a4b454ad2ad9a851c13598617,남자,68,60대+,관광버스 운전원,경상북-경산시,False,
55656bb5bd99400d9ffb7e1d2e2265df,남자,26,20대,무직,부산-강서구,False,
d711fd19dfe6414d96e1e66469e6dab6,여자,74,60대+,무직,서울-양천구,False,
41e096e4b10a476391355e63a7d272a4,남자,82,60대+,건물 경비원,경상남-남해군,False,
932f2ac862c449d4bca05cc87242a53d,남자,50,50대,사무 보조원,대구-중구,True,11-14
f5c54c345ce24f188096b1fac4aca81f,여자,29,20대,청소년 지도사,인천-연수구,False,
9a6cf33e2ed048428152166f832cb5b2,남자,30,30대,무직,경기-평택시,False,
abe61e6317294225a2cf99bddb2b5902,남자,57,50대,건물 경비원,경상남-김해시,False,
0a753f40689b41f4ac87023a69652c4f,여자,45,40대,양장 제조원,서울-도봉구,True,17-21
0a20c3197a304ceda3d129651d8a4555,여자,65,60대+,무직,충청남-공주시,False,
0fdbb7ef7e4447a58ea1c73a9321dd32,남자,46,40대,무직,경기-광명시,False,
27275cdf593a45e983fd1bbdae63247a,남자,80,60대+,무직,경상남-진주시,False,
caabd8d3574b4a3e967e3eec79d4e925,남자,33,30대,그 외 전기·전자기기 설치 및 수리원,서울-은평구,True,17-21
a45bd86588ff42708d44db29b8f9c9f4,여자,57,50대,프레스기 및 절단기 조작원,부산-사상구,False,
7c6d48f57dc9441695e5f571d520bbaa,남자,77,60대+,그 외 제조 관련 단순 종사원,전북-전주시 완산구,False,
b2d6e08e0c2b42589bda4cd0cabde01b,여자,40,40대,골프장 캐디,경기-용인시 처인구,False,
08ab1b0289d94d4d95ebaf7fd27c92d5,남자,31,30대,그 외 상점 판매원,경기-하남시,False,
8406ca8c2fff49559732a56fb3ac90d7,여자,36,30대,일반 비서,경기-평택시,False,
6094eb8cc26d49188d0ee77431063009,여자,53,50대,음료 서비스 종사원,경상남-창원시 의창구,False,
c117b1af44d04b3cbc1f665ba9592ab6,남자,69,60대+,일식 조리사,인천-미추홀구,False,
d8f2824e2e004038a7b209f4f1a1619d,여자,46,40대,무직,강원-원주시,False,
87056d9ec3854d2f854d89235b8a6abd,남자,68,60대+,경·소형 화물차 운전원,인천-남동구,False,
e3952366c3b94f3c8c3c1117d2cf436a,여자,24,20대,무직,서울-송파구,True,14-17
91798dda5b5341539e964f7eeb5b1fe5,여자,68,60대+,운송장비 청소원,전라남-순천시,False,
0819b3bc2afb4612b08fb415c79fc5cf,여자,69,60대+,무직,서울-도봉구,False,
7d4852df58f34776882b17c4cfc02f52,남자,32,30대,금속공학 기술자 및 연구원,인천-서구,False,
84fd76678685433f80dd7e37bd1beea1,여자,41,40대,무직,경기-김포시,False,
d0e9a033863e43a7ace213e3a84cbc97,남자,33,30대,산업 안전원,울산-남구,False,
e3da2186cf5f4b44ba31516cc61b8c19,남자,37,30대,사회 교사,울산-울주군,False,
09541272d3a4429b99cb411727e533ab,여자,62,60대+,그 외 돌봄 및 보건 서비스 종사원,경기-용인시 처인구,False,
34a187a0530a44649f0c55e472c5c8f5,여자,39,30대,한식 조리사,경상남-고성군,False,
d93c6c5a0d9c4823851a8fd7bc3ca79f,여자,62,60대+,무직,전북-임실군,False,
aad2146b170d43bc86d5458f60d644e3,여자,57,50대,그 외 기능 관련 종사원,경기-화성시,False,
f61c4dbfdb6e47349958a577244f7809,여자,26,20대,그 외 전기·전자기기 설치 및 수리원,경기-화성시,False,
4ddd96a7140f46b0989d3b6563a48a74,여자,83,60대+,주방 보조원,경기-평택시,False,
dabceb4e315449f4800ac9c6de430e98,남자,53,50대,그 외 자동차 운전원,부산-해운대구,False,
f22f908a231242128c3eabd5e0536bf6,남자,69,60대+,영업 관리 사무원,경기-성남시 수정구,False,
e9c79f5802054fbeb7f2137e20c91423,여자,66,60대+,무직,제주-제주시,False,
3ee2b66e16a149cea0cce5b451e3e0a5,남자,48,40대,건물 경비원,경상북-김천시,False,
48fe60e79b404677a497a29acd290708,남자,19,10대,무직,경상남-사천시,False,
d8e95f6ace5e49e5a975ba683f306c71,남자,40,40대,병무행정 사무원,대구-수성구,False,
bbd67342ceb64c28a4285d506e8223a4,남자,68,60대+,플랜트공학 기술자 및 연구원,부산-해운대구,False,
42cf3ff8ce6b45208cf162d79c8f2695,남자,41,40대,무직,서울-용산구,True,17-21
c76c01c9e4124aa98473e03febf2ac0f,여자,72,60대+,무직,경기-안양시 만안구,False,
52c86441965d40b29391535b3d606c37,여자,76,60대+,무직,서울-송파구,False,
e8ed74ee7f5541a786b47e85945443db,남자,26,20대,무직,전라남-광양시,False,
98fdc23a0f8d408ab317ee09e46d90be,여자,74,60대+,무직,전라남-해남군,False,
3389ed766c1e405fa1ac5562ea5ee528,남자,22,20대,육군 병사,전북-전주시 덕진구,True,17-21
81dd472b10dc4186b79ed1d25ffa98a2,남자,28,20대,경비 관련 관리자,서울-송파구,True,21-24
c2c456a037784d9c973a1f6143aa161c,남자,30,30대,상품 기획자,충청남-천안시 동남구,True,11-14
d52751ca6c534386b7878eaa5cc1f55a,남자,31,30대,특허 사무원,인천-연수구,True,17-21
0f43fce08d9f47e68f2a6b0b15a95e56,여자,44,40대,"전직 학습지 방문강사, 현재 구직중",서울-강남구,True,14-17
3e324834616a46ad8c875b3fb7b3f647,남자,25,20대,건물 경비원,경상남-함안군,False,
763b43a0ac30449ba4d0143da36063e9,여자,57,50대,무직,서울-동작구,False,
6fa81fcc9714445690cba97057afda1e,여자,71,60대+,무직,서울-광진구,False,
fdfa0f3b6eac4b3d938e3123aab54e82,여자,29,20대,화장품 판매원,광주-남구,True,14-17
5b608cf646814a5fbf51b23642eac08e,여자,50,50대,판매 관련 관리자,전북-전주시 덕진구,True,11-14
2021894b3ac643eaab6697865bb3b454,여자,40,40대,공공행정 사무원,대구-달서구,False,
cda0c28c69de4e16a44c3f9c5002fd6c,여자,50,50대,통계 사무원,서울-중랑구,False,
ee8d838273f742f2904c3963d80a1c13,여자,86,60대+,무직,경상남-김해시,False,
344d7eb88e314ef1821b318b297a30c8,여자,72,60대+,무직,서울-강서구,False,
221968ab0bf24e5f97e6d60176bb7d37,여자,79,60대+,무직,서울-중구,True,11-14
f935a64adc7a4dbc8ecaab0911de7065,여자,67,60대+,무직,서울-중랑구,False,
f908f4859fbc4c63b03ba6de6df247dd,여자,65,60대+,그 외 철도 및 전동차 기관사,서울-중구,True,06-11
ed36c618ebc9430a8395245f9aaff349,남자,20,20대,철도운송 관련 종사원,인천-남동구,False,
7e18a378af8948368457b5edbc8b68d2,남자,47,40대,수동 포장원,경상남-창원시 마산회원구,False,
4bfec8bffe2f4c8f9e70ccf4e15d11bc,여자,62,60대+,무직,경상남-통영시,False,
00fd476105d04d1bbfc3a11b30c98ff1,여자,34,30대,주조기 조작원,경상북-포항시 남구,False,
997a1471f27f4991a8b17c7eae8da776,여자,25,20대,그 외 기획 및 마케팅 사무원,전라남-화순군,False,
8ff8a00d7ad44479b9bddf1c7ffbd935,여자,43,40대,산업 안전원,경기-화성시,False,
14d4b46663304c7cb7ecd7503a718493,여자,40,40대,한식 조리사,인천-서구,False,
1c78ffbc5a294517adacd18800842cb2,남자,54,50대,건물 경비원,경기-성남시 수정구,False,
4cf70c5e1b364f99a4925e0b8a6fae59,남자,60,60대+,무직,강원-강릉시,False,
2690b2775c8640abbdde40cd8f3768c1,남자,29,20대,경영 기획 사무원,경기-성남시 수정구,False,
9d5c3219ac6c4f5e94292a8b902cee2a,남자,66,60대+,무직,경기-광주시,False,
eadf669abf824cddb16c7c189e7496b4,여자,44,40대,"전직 그 외 기능 관련 종사원, 현재 구직중",경기-김포시,False,
f8b7e38578554212b8443f82df854b67,여자,73,60대+,무직,전라남-순천시,False,
fa8cccc4d76d4044b2618532b70fdee5,남자,61,60대+,건물 경비원,충청북-영동군,False,
7a5aa0cbf95047159e630b74febfc597,여자,52,50대,금융 관리자,경기-안양시 동안구,False,
f9d3c54f7bb84a9aaa85ae592ae63163,여자,35,30대,보육교사,부산-해운대구,False,
c02bd97c3e0a49799466f14844fbeecf,여자,39,30대,무직,전북-전주시 완산구,False,
95a05657f6bc4c88ade7e41f2023d4ef,남자,32,30대,정보 보안 전문가,충청남-당진시,False,
2552945a646141559172cc13830b7d4f,남자,83,60대+,그 외 하역 및 적재 단순 종사원,경기-의정부시,False,
dd331e56610b42f19bf138a326f80850,여자,55,50대,그 외 법률 관련 사무원,경상남-거제시,False,
7a7dc61a96764e6fafc74762a23ef3fd,남자,68,60대+,유통 및 매장 감시원,서울-중랑구,True,00-06
92baa46187b140d5b0c1f761fc3e5bbb,남자,63,60대+,소규모 상점 경영자,경상남-창원시 마산합포구,True,11-14
cc1ccf325f51416fb605820eb318c960,여자,43,40대,데스크 안내원,서울-노원구,False,
3c135f1201f94f17a9b5879c8a304b40,여자,22,20대,무직,서울-은평구,False,
605b9194ea30453db7bff576f0f4aed1,여자,47,40대,사무 보조원,인천-미추홀구,False,
3c610398747c41058c3d2c5997b75d1f,여자,36,30대,마케팅 전문가,서울-송파구,True,17-21
079edb29ac2040caa636881f40c13311,여자,34,30대,일반 비서,서울-서초구,True,17-21
046460bed5524be9b875cafa1e9aacb8,남자,64,60대+,무직,부산-동래구,False,
80ffd374a0174470990bfd5b8cb5047a,남자,58,50대,온라인 쇼핑 판매원,서울-송파구,True,17-21
6b4492cc91a942128beadc171b51d329,여자,65,60대+,무직,경기-남양주시,False,
9f11405a95b34550b19285645eaaa73b,여자,50,50대,보육 관련 시설 서비스 종사원,경기-성남시 분당구,False,
fc6906426aa547eda7898c247528e8f4,남자,24,20대,무직,인천-미추홀구,False,
f32e34fb038b4170bab321f696f3dbee,여자,51,50대,한식 조리사,부산-부산진구,False,
9313ec2f34144bb592d7c376799f3c0b,남자,65,60대+,건물 경비원,경상남-진주시,False,
b57316f559d64b74b7387390361a3841,여자,66,60대+,손톱 관리사,경기-화성시,False,
9b97645bc38e4320a333495862abb842,여자,88,60대+,무직,부산-영도구,False,
0b6c4ae4a645464d91d0404e0d374c47,남자,49,40대,그 외 기계장비 설치 및 정비원,경기-안산시 상록구,False,
154bcbf48d1740769416c42fa80fb9eb,여자,42,40대,무직,서울-중랑구,False,
edae2a1559f14209936da6196476c66c,남자,53,50대,무직,경기-파주시,False,
8e246ddcee464301b8441b5e37e7f6bc,남자,76,60대+,그 외 서비스 관련 단순 종사원,서울-강동구,False,
f2446e7871af43c0bdbc9d3717eaf4df,남자,42,40대,무직,경기-파주시,False,
a97ae72c003e4aabbe0807ab8838a493,남자,62,60대+,건물 경비원,전북-남원시,False,
679256967b95467cabefea7f54394580,여자,53,50대,국가행정 사무원,인천-연수구,False,
da5bf423270c465abd20ff00c5deb9eb,여자,24,20대,사회복지사,서울-송파구,False,
38ae10e5dcbe490dad58eaabb76a7497,여자,80,60대+,무직,경기-부천시 원미구,False,
da71198afb2b4b319f8df980fabebed4,남자,43,40대,그 외 화물차 및 특수차 운전원,인천-미추홀구,False,
45e36b0b24e344b38dcca8ce0d67b7df,남자,38,30대,산업 안전원,부산-연제구,False,
6b3631dc091143a79929bd9d44f0ae79,남자,39,30대,감독 및 연출가,충청북-진천군,False,
54f1d4ee5ede40d881c30a6047056578,여자,61,60대+,건물 내 전기 설치 및 정비원,경상남-거제시,False,
7b3401ecde09485090d07a83b0678695,남자,55,50대,경·소형 화물차 운전원,서울-은평구,True,11-14
e017af25dd2f478580e8592b6c796b37,남자,53,50대,경리 사무원,경상남-창원시 마산회원구,False,
5a59a3bfdb6b428b981683fbbd08e304,여자,37,30대,일반 간호사,경기-수원시 권선구,False,
409845f5e6274421a697dfeb696819c3,여자,67,60대+,무직,인천-남동구,False,
c16d5597d68048b99ab20dde29e8c463,여자,69,60대+,무직,서울-용산구,False,
d29359f6ccab4de0bdaa250bdef30739,여자,82,60대+,무직,인천-연수구,False,
3d444476eee14e8d9356fb6737755391,여자,52,50대,무직,부산-동래구,False,
5147b33fdcbd48b8b2918ed349d6e433,남자,46,40대,석유화학 기술자 및 연구원,대전-서구,False,
feb614b07aa3428bb95d0cae561b621e,남자,28,20대,음료 배달원,경기-화성시,False,
5e0354b9d86b40b787f001085d1ca3ff,여자,68,60대+,무직,경기-안산시 단원구,False,
b60dd5bb55e24c24a20e7409db4e7474,여자,71,60대+,무직,부산-사하구,False,
9130dd99903e4cbaaeb384254ed46847,여자,70,60대+,무직,경기-안산시 상록구,False,
97b74c4846104fae948b173957b0ba81,남자,68,60대+,그 외 일반 영업원,충청남-천안시 서북구,True,11-14
63640c9a26e84ad7a471a790f23d2a3d,여자,36,30대,무직,전라남-나주시,False,
cf5e8c585ef64aaebc883d123da7079e,여자,65,60대+,무직,서울-강남구,False,
ee37bec852b3498eaf7f94d0f4767688,남자,33,30대,영업 관리 사무원,서울-송파구,True,11-14
7a4c0172f3e24b4091c0ba5a9eab85fe,여자,41,40대,데이터 분석가,인천-부평구,True,11-14
a9ae09acafd9430e8520ee8cd14e6315,남자,22,20대,양복 제조원,서울-강서구,True,17-21
bf6e09e71b874356844ea54f78f8b528,여자,41,40대,항공교통 관제사,부산-부산진구,False,
1769ae2640224395b8eefe6de13ad1e2,남자,64,60대+,무직,경상남-함양군,False,
d67c24d40e80431ab82e201c1be8f5ff,여자,30,30대,그 외 데이터 및 네트워크 관련 전문가,서울-관악구,True,17-21
6b2fd3a6d8624a82ac98bd26ac48bee5,남자,69,60대+,경리 사무원,경기-부천시 원미구,False,
b10c6403c8a646d1ab2f5cbe422ca8cb,남자,63,60대+,무직,서울-성동구,True,11-14
b6d58a55f07d43c5a1c7e11be79eed54,남자,61,60대+,전화 상담원,광주-북구,False,
b2e6d31065da4a70937cb9b8a53db335,여자,47,40대,온라인 쇼핑 판매원,경기-수원시 영통구,True,17-21
1f211d112a134a118caa185bb9bc9692,여자,56,50대,무직,경기-평택시,False,
d8fffada69704025be71505e41672a53,남자,49,40대,그 외 인쇄기 조작원,경상남-김해시,False,
ad71c47a7a1245e390ed76924d4777cf,남자,44,40대,회계 사무원,경기-부천시 원미구,False,
0081b4b275b64231bb04b4096475f78d,남자,66,60대+,무직,전북-무주군,False,
5994564541ac44759ac611be2f69dc59,남자,62,60대+,그 외 일반 영업원,서울-종로구,True,11-14
d2b58e69380348748a8e748120e07382,여자,35,30대,보육교사,경기-안산시 상록구,False,
eeb626034b264e828c3f8325767fce34,여자,65,60대+,텔레마케터,경기-파주시,False,
3feccf40fa9741259a70aedf035a0f0b,남자,29,20대,농업 시험원,충청북-음성군,False,
363f53bb251845068396a6bc34736e3f,남자,48,40대,무직,경상남-진주시,False,
2ad2069577d64c358f06f4ce7f82a549,여자,56,50대,일반 비서,인천-서구,False,
9699e1b5b99a40508428d7253842ec84,남자,52,50대,건물 전기 및 전자설비 조작원,광주-남구,False,
d9c040dd04a44e639d30d0fcca6063b4,남자,61,60대+,경영 컨설턴트,부산-해운대구,True,17-21
1bf6dd3f8a9041c9bfdf8b35f36c052f,여자,45,40대,일반 비서,경기-시흥시,False,
3c5577209b9140f8b6b3445cd4389720,남자,35,30대,무직,인천-연수구,False,
8786ff27ee004709894bd9057ed44052,남자,74,60대+,무직,부산-부산진구,False,
f331bb3c3a45423da3fff00f85d54222,여자,56,50대,조사 전문가,경기-수원시 장안구,False,
c1befd8350834c1fabb578d58a2b1c77,남자,25,20대,인사 및 노무 사무원,강원-춘천시,False,
3d31d3b099fa415a854a6be8b11e7ace,남자,57,50대,건물 경비원,경상북-경주시,False,
b335e2bead5f40c596c4dbd301fc8c2b,남자,50,50대,노점 및 이동 판매원,경기-포천시,False,
09b7ca37c73a4099a812742b7301cd66,여자,61,60대+,무직,서울-구로구,False,
5f1bc2e1384a4b10b66b669c7e363cec,남자,56,50대,무직,강원-강릉시,False,
f6ac0fb9ca474d389f8f578cee4e5067,여자,35,30대,전산 자료 입력원,경상남-거제시,False,
e6d92109473142f69f8625865d590dff,남자,52,50대,철도교통 관제사,서울-강남구,True,17-21
e25e09982a0c4114b2c86f9d3fc20432,남자,27,20대,무직,인천-서구,False,
ae2b6b3219144df7983531f3b718ccda,남자,56,50대,금형원,충청남-예산군,False,
c9bd18099163474398da59d66c15c3fd,남자,33,30대,그 외 전기공학 기술자 및 연구원,서울-송파구,True,17-21
6dcdf6a48543466ea61b021499695ea6,남자,52,50대,사무용 전자기기 설치 및 수리원,경기-군포시,False,
8a6fcc2180be4009af62d652f33fdd86,남자,22,20대,생산관리 사무원,충청남-천안시 서북구,False,
7a3e28f0b8ea46528be18d0f0d62a0eb,남자,29,20대,건물 경비원,경상북-울진군,False,
6ce2d9ddb67548f8979a5d208c48e252,여자,36,30대,플랜트공학 기술자 및 연구원,경기-남양주시,False,
ca431d28ee0a4f408302f12b2b67eb97,남자,27,20대,관리 비서,인천-부평구,True,17-21
bbd6767b4aaf4f878a9ee2692b00c8f8,남자,43,40대,전화 상담원,경기-의정부시,False,
ee8ac47265844d10bf06445fc9ad5404,여자,53,50대,무직,부산-북구,False,
a0207597ef934340ab99d14c6b73f44c,여자,33,30대,전기 용접원,전라남-영광군,False,
1ab10ac547094c07b5a3fc169a9f144d,남자,19,10대,마케팅 전문가,충청북-청주시 상당구,True,17-21
1e77e36bc118427e9646ced95f2e16d3,여자,61,60대+,무직,경상남-함안군,False,
024fee8f5d1d41ca91b8d8aaca563a12,남자,20,20대,영업 관리 사무원,대전-동구,True,17-21
b508686b514b44e795e308718b782f82,여자,76,60대+,그 외 서비스 관련 단순 종사원,경기-성남시 중원구,False,
3ce962b0d7034c7fa974d0e66fc25404,남자,31,30대,그 외 택배원,충청북-충주시,False,
b4f7911428a94a498aa7dbbf8963c1d0,남자,72,60대+,전화 상담원,경기-용인시 수지구,False,
5bad6fc728a24cf2b7fd231c0d86b29f,남자,56,50대,일반 비서,경기-화성시,False,
15d27f65b81a417c9bb74ba378bb28ed,여자,32,30대,일반 비서,경기-고양시 덕양구,True,17-21
7d1e1ca90f4a41f6b24ae9562337423b,남자,42,40대,건물 경비원,인천-남동구,False,
549ef01ab45542629f7e3ad5af68eac5,남자,57,50대,온라인 쇼핑 판매원,서울-관악구,True,21-24
0b1e6d01a750424480008cdd9f1e5eeb,남자,61,60대+,무직,경기-파주시,False,
d0aba8fba23c4ca084a1b3f288b88ead,여자,73,60대+,무직,부산-사하구,False,
ec86646bf09742c9b8a2fc8fc61d903a,여자,23,20대,그 외 기능 관련 종사원,경기-의정부시,True,17-21
6aaf6846733347a0a11283ae07c1a58e,여자,74,60대+,무직,충청북-제천시,False,
501acfc69e54434b963bb289df6e5d76,여자,26,20대,"전직 일반 비서, 현재 구직중",서울-도봉구,True,17-21
1bf38d15090e46e3b587cd5a1218e43c,여자,71,60대+,무직,서울-강북구,False,
8be6d1c62ed643deb7516c9d26d15be1,여자,53,50대,자동 재봉설비 조작원,대전-중구,False,
3a0099d31d07409a9c1c8c5f9697a363,남자,71,60대+,농업 단순 종사원,전라남-영암군,False,
7e524f09164348e3b9b59a8d702e155d,남자,25,20대,검표원,서울-강동구,True,17-21
0d9085eb998a4ae8bbe32b36eee7bcfb,여자,52,50대,무직,경상북-포항시 북구,False,
54c9ffe4898544d4a189f37a39c0d259,여자,21,20대,농약·비료 기술자 및 연구원,충청남-아산시,False,
9355488ba647416dae2431dbf56a53ca,남자,54,50대,시스템 소프트웨어 프로그래머,경기-광명시,False,
ee2e99ef29a4423b8e6f52a73be1d10b,여자,21,20대,무직,경기-고양시 덕양구,False,
de1c4ba68495440197673699fd3f0dcf,남자,76,60대+,하역 및 적재 관련 단순 종사원,경기-고양시 일산동구,False,
2ffe2412bbd140db945fd4f8a23b2e33,남자,63,60대+,무직,경기-수원시 권선구,False,
978a68b1b2f84f9485de14d2845a7079,남자,21,20대,그 외 공학 관련 기술자 및 시험원,경기-시흥시,False,
5d1c32ac4848459dae8c9920fce52e23,여자,31,30대,무직,경기-안양시 만안구,False,
30cc2b214d5c4d98bd908d30f1c51abe,여자,48,40대,체육 및 그 외 분야 교수,경기-용인시 기흥구,False,
7911fd4da216427daea9d195b5b9699b,여자,67,60대+,주방 보조원,강원-인제군,False,
684a366026fb4b1a859e3924568d5c04,남자,33,30대,한복 제조원,서울-강동구,True,14-17
c4277b31e0564c818bd555d988dd88ee,여자,69,60대+,간병인,서울-강동구,False,
370edcd3072b497c8fb7aa95c6d27d2f,여자,29,20대,경리 사무원,서울-관악구,True,17-21
08c8ee55275b445ba586c3e3c35cb048,여자,82,60대+,무직,경기-성남시 분당구,False,
8878a577dad042e6a7670dce74b05077,여자,37,30대,사회복지사,경기-이천시,False,
cdabbdd0d2d544848e80860aaf3599d5,남자,71,60대+,무직,충청북-청주시 상당구,False,
f5bce449a81c482488aadd18f923228d,남자,64,60대+,금속제품 도장기 조작원,경상북-구미시,False,
e0750666362d4ffdbd427bc13a4b1971,남자,28,20대,"전직 소각로 조작원, 현재 구직중",경상남-통영시,False,
f68cec9111a54df7988639a956a74359,남자,21,20대,식품 영업원,부산-부산진구,True,11-14
ed67d86a565748f8bbefbeb6140ed632,남자,40,40대,대형 화물차 운전원,경기-부천시 소사구,False,
ab58ec8ca73541f1b856fdba48658062,여자,33,30대,유치원 교사,서울-관악구,True,17-21
455a2e469d434f409f68c1f8c09a3523,여자,42,40대,"전직 관리 비서, 현재 구직중",경기-남양주시,False,
80ae4f40f049471b8f6db5e573126343,여자,65,60대+,건물 청소원,경상남-창원시 마산회원구,False,
4ebe3437325448929bd11782d1cbf848,남자,50,50대,전기 용접원,경기-평택시,False,
56ac0798fbdd4a50b1f7e07fb9af6b52,남자,73,60대+,일반 비서,경기-부천시 소사구,False,
17d1a3df1c6a4c0986802cc7fb741dae,남자,69,60대+,그 외 기계 조작원,대전-서구,False,
4211d1ffcaa44956b38e62b168e92ab2,남자,89,60대+,무직,경기-하남시,False,
a96b0849a2a149cc86cefceb775181c0,남자,59,50대,신용 분석가,서울-송파구,True,17-21
811e6447213f42ccab8495f68572ef91,여자,82,60대+,무직,서울-마포구,False,
30b994e2c23e493baad2b7829d7ab8aa,여자,28,20대,치과위생사,경기-수원시 팔달구,False,
f2c8ac0b5fbf431c8e927b7480795d6e,남자,25,20대,시설 경비원,경기-화성시,False,
2f452c27304941a4bfe0f67be6229295,여자,87,60대+,무직,인천-강화군,False,
a6effaeed6374c7b8db52e6efed87386,여자,25,20대,한식 조리사,서울-강동구,True,11-14
d0984476d95b496486d088ac973aeaa0,여자,19,10대,무직,대구-남구,False,
64cb3ae0f3b24723b696ce4a06973adc,여자,25,20대,"전직 일반 비서, 현재 구직중",서울-동작구,True,14-17
c9f4d792717e4d04bf475c1231f52504,남자,54,50대,건물용 냉동·냉장·공조기 설치 및 정비원,대구-북구,False,
aee5ea94507e4742831a8a598c0126a7,남자,72,60대+,무직,경기-남양주시,False,
028c2ade99a44b1eb5039f8309d85bf8,남자,55,50대,인조석 설치원,인천-미추홀구,False,
46e3a52db08a4f8da26fc5f9cfa78268,여자,50,50대,경·소형 화물차 운전원,인천-부평구,False,
cd40fc97e0bd42c18e44cbac2bc38cbb,남자,41,40대,계기 검침원,부산-연제구,False,
f3383d9cde464cddbeb950e5451003b0,남자,35,30대,특수 경비원,서울-도봉구,False,
3f4283ed6c8540b7ab19b5e53f25f42b,남자,70,60대+,무직,서울-구로구,False,
ccf5022d310a4a7695eb236c9fc40b13,여자,51,50대,보험 중개인,울산-동구,False,
71796a2df839497eadbead88f3bdd554,여자,36,30대,무직,울산-북구,False,
65fc0ac82aed4819bc21bb1fd4eebc7a,남자,19,10대,그 외 제조 관련 단순 종사원,경기-의정부시,False,
fcef8704780144f0887efffe31c79493,여자,37,30대,경리 사무원,경기-수원시 권선구,False,
b7bac9242e654db0bf7ceb29c5172aef,여자,47,40대,무직,부산-영도구,False,
c8ad1116347843eb970ab0a21f4dad4d,여자,22,20대,무직,서울-노원구,False,
0ccf183e766a4d9e87a2138ebcf89908,남자,34,30대,지방행정 사무원,서울-용산구,False,
1e906967bc014e4db60700c71285ef8a,여자,65,60대+,주방 보조원,부산-기장군,False,
e4467fedb20b41ff9ba40911fe54f561,남자,69,60대+,무직,대구-서구,False,
dc6d79bc3d4b4d2baee2dcac0c2545eb,여자,49,40대,회계 사무원,경기-이천시,False,
3ffea22f29d74065afafd4e4b3102843,남자,52,50대,그 외 목재가공 관련 기계 조작원,부산-북구,False,
fccace36001e4583b433eb29a4e4c0cd,남자,40,40대,하역 및 적재 관련 단순 종사원,경기-평택시,False,
f0f1e8e768ea47eeb9be70df6b6997b1,여자,52,50대,무직,경기-성남시 중원구,False,
66f12a4cba3c4739a309635c5c4288cd,남자,74,60대+,무직,광주-남구,False,
fe298037825d4bc59b08690afb0abcd1,여자,19,10대,무직,강원-동해시,False,
0a02119f536a4a10a0bcdb5926a2835e,남자,32,30대,무직,충청북-청주시 흥덕구,False,
5ac306d4187a4caa94c927a225e1a432,남자,34,30대,영업 관리 사무원,인천-연수구,False,
06f89a52f2a04bd8b2705dbc80043e14,남자,20,20대,"전직 데이터 관리 및 운영자, 현재 구직중",서울-노원구,True,17-21
b7fbc90c0d4b49e182d4c9390f8e5d56,남자,53,50대,경·소형 화물차 운전원,서울-도봉구,False,
bd6ad3cef89f4076a1406b7d12b3eabe,남자,60,60대+,무직,경상북-울진군,False,
4056576937444abc9d701c75f2ab78c4,남자,50,50대,무직,경상남-창원시 의창구,False,
ec8bb50f19664bac8dce0aced6d13438,여자,51,50대,플랜트 배관공,경기-성남시 중원구,True,11-14
b7588e32289c4a5cacdc6dbc91fdc85b,여자,43,40대,무직,서울-동대문구,True,14-17
43f6500155684317a8aa573f9170c584,남자,25,20대,"전직 정보 시스템 운영자, 현재 구직중",서울-강남구,True,17-21
183e222b0c7b4f3485afd25aa67b7fea,여자,45,40대,그 외 일반 영업원,서울-용산구,True,17-21
86b18dbfb6df44ee8ad0c65e9b2fd0cf,남자,56,50대,전화 상담원,경상북-경산시,False,
9f291f34556b4a6facbaf55a0d04e808,남자,66,60대+,지게차 운전원,경상북-경산시,True,00-06
c4edf748422b40508cedf4cda1f13564,남자,65,60대+,무직,전라남-순천시,False,
075a2fa383cd46a6b61e55edaed25eaa,남자,52,50대,공공행정 사무원,경기-화성시,False,
51eed6d26f384c90ab71c71064d34d83,여자,28,20대,유치원 교사,대전-서구,False,
088400c06e7f4bcfb6ffd03d23982244,남자,85,60대+,무직,서울-성북구,False,
9ebc271e644c478691d4c1465fb8716d,여자,93,60대+,무직,전라남-해남군,False,
297732a1934742b1a0eaf25fccffb00f,여자,46,40대,온라인 쇼핑 판매원,서울-도봉구,True,11-14
c7a101b1432540bc9ed0c371f73759d3,남자,44,40대,건물 경비원,대구-달성군,False,
542b3bfb2b4443989272975f532aed81,남자,56,50대,무직,서울-노원구,False,
7edf1dc251974bf295f4d120ebfae515,남자,44,40대,그 외 일반 영업원,서울-금천구,True,17-21
d9566ffe96ec4ef391fe1078609d972f,여자,31,30대,사무 보조원,서울-동작구,True,11-14
5ecaf9aa4ebc42e0839f5ce5dcc36d2d,남자,19,10대,무직,세종-세종시,False,
093bba31dd5f44bf91428d4894c0c1f5,남자,53,50대,무직,부산-중구,True,06-11
de2af5abbbd44c808244ada516c1151f,남자,44,40대,교육 및 훈련 사무원,부산-동래구,False,
0a22127ded57457faeccd819d4a4eab9,남자,59,50대,플랜트공학 기술자 및 연구원,울산-남구,False,
d52679a88df041518c05ab6013ee4275,남자,53,50대,영업 관리 사무원,경상남-창녕군,True,17-21
1a9c343f707b4323b5df53d3c8e59480,여자,24,20대,사진가,대전-중구,True,11-14
a596a17264e245a3b79d6852c20916c7,여자,68,60대+,"전직 그 외 전기·전자기기 설치 및 수리원, 현재 구직중",부산-사하구,False,
554c385b2c2547f1b2d9954ed8e71e01,여자,69,60대+,무직,울산-울주군,False,
725c5b204e7b42d5b3fa9bed9dac4a15,여자,29,20대,무직,경기-부천시 소사구,True,14-17
f3bcf6029fd444a9a87a9305068fe7f5,여자,64,60대+,무직,경기-시흥시,False,
c68212c03e0146af910b153ab8dfbadc,남자,29,20대,플랜트공학 기술자 및 연구원,경기-고양시 덕양구,True,17-21
38e32d53fb4c46d2a447df778355c367,남자,53,50대,경영 컨설턴트,충청북-청주시 흥덕구,True,11-14
2f9b0fc80c3e4e27a42ca7741f99ca77,남자,52,50대,식품 영업원,경기-양평군,True,11-14
6cb6ee7b4409422fa410d9b227f57c3f,남자,24,20대,음료 서비스 종사원,제주-제주시,True,11-14
5cbf92fb4f144f75afbdca029b7611b8,남자,29,20대,발전설비 기술자 및 연구원,경상북-경주시,True,17-21
4f1daa306921424084f80b06d320de9e,여자,20,20대,"전직 음식 서비스 종사원, 현재 구직중",강원-원주시,False,
97f7d4d47913409fa0d19f3f179e4b99,남자,52,50대,무직,서울-강서구,False,
4294778f619b411b98c15e9e50cc1578,남자,61,60대+,신용카드 모집인,경기-부천시 원미구,False,
0c564ee6d8a5425e8d964774d059f86b,남자,88,60대+,무직,충청북-충주시,False,
dcdc9f5515aa4e348f6c4cf562642331,남자,58,50대,위성방송 안테나 설치 및 수리원,울산-동구,False,
748197190df2459f863c0b89634a8d8c,남자,34,30대,그 외 석유 및 화학물 가공 장치 조작원,울산-북구,False,
c0b5643e7284438f9884b24216a2710e,여자,61,60대+,무직,서울-은평구,False,
d8836e2cf4a34bcbad4fcd47efbd15a8,남자,54,50대,그 외 상품 중개인 및 경매사,경기-구리시,True,11-14
f6921681a88d4cf0a0a8132ff9033458,여자,38,30대,축산 및 수의학 연구원,대전-동구,False,
2a91dafda2d14d759338571f09e86d18,남자,20,20대,예약 및 접수 사무원,경기-시흥시,True,17-21
d64a96c5e5234289888cd20f7c969f3c,여자,47,40대,사무 보조원,인천-부평구,False,
65eb42b45b3447409ea47206deefe53a,남자,84,60대+,무직,경상북-영주시,False,
291907f5b5da4e689b4b4c7c031b206c,여자,30,30대,경리 사무원,광주-남구,False,
f916844456da473ebae8b522150fac64,남자,60,60대+,총무 사무원,인천-부평구,False,
94b9b97406c44ee68006d3a5b39eeff8,여자,44,40대,무직,경기-안양시 만안구,False,
44f884d586284afdb1dd7008702cd64e,남자,60,60대+,무직,울산-중구,False,
34402b280bec44089d706738afc1684b,남자,66,60대+,무직,울산-동구,False,
54de10a523f644ae82e0b168203a8624,여자,50,50대,출판 및 자료편집 사무원,광주-북구,False,
238b6ae33ee44ca6827ac61a1f53df66,여자,58,50대,건물 청소원,인천-부평구,False,
fedf47034a00484f81a61c560e8b324b,남자,49,40대,전화 상담원,경상남-양산시,False,
e6e16ded2fcd4f2597db3d47db280e30,여자,83,60대+,무직,강원-삼척시,False,
3b6c9ca459ec4b6783ce247a5529defb,여자,32,30대,무직,광주-서구,False,
6336ebb4c9f84cbc891abd82725d37be,여자,29,20대,그 외 냉동·냉장·공조기 설치 및 정비원,대구-서구,True,11-14
f5749bdf8f874fe3a32d2a7499af487f,남자,49,40대,경영 기획 사무원,서울-성북구,True,17-21
2a9fea35e2f2423ca1975503328c2f7d,여자,56,50대,간병인,경상남-김해시,False,
3b72e7d55b9e4a06a74ef0760b9254b7,남자,67,60대+,그 외 하역 및 적재 단순 종사원,서울-서대문구,True,00-06
a24122f7c6894e7689470fa8da228491,여자,36,30대,무직,경기-파주시,False,
b3b8a4ca73c74bb682b996cf952d730c,남자,52,50대,사무 보조원,전북-익산시,False,
d2ae29c8215949a8b10f133bf00d7a3b,여자,50,50대,냉난방기 관련 설비 조작원,경상남-창원시 진해구,True,11-14
85bac2fea84d46a08ef24fefff84cbc0,여자,57,50대,의류 판매원,경상북-칠곡군,True,11-14
0f744505692646128ca865dfa9c697c2,여자,83,60대+,무직,경상북-구미시,False,
bbe9d0842f194c9d9e247aa12cf6633e,여자,47,40대,텔레마케터,경상북-구미시,False,
a8188333f6b04c5c8f686f9c9352cee4,남자,30,30대,건물 경비원,전라남-목포시,False,
5c8f5a7cd85e4fd6aa80b71c7cb2f734,여자,42,40대,사무 보조원,경기-시흥시,False,
59e346423add4906b41090115ac035b9,남자,63,60대+,기업 고위 임원,경기-성남시 분당구,True,11-14
1fe17d0ba8b543e99c94c67886bab96e,남자,34,30대,조사 전문가,부산-기장군,False,
9d1682050e6749c4867c8b684500b23b,여자,29,20대,경리 사무원,서울-서초구,True,17-21
dcff37c8e3e9483e9a628c45b541683f,남자,45,40대,단말기 및 통신 서비스 판매원,서울-성북구,True,21-24
64daa2e72489422b8e91b2bd507885bc,남자,19,10대,산업용로봇 조작원,경기-수원시 장안구,False,
ce43f20dca174baf9a362ad4d80f65c1,여자,46,40대,사무 보조원,경상남-양산시,False,
d143a49a2cd04dd1b06f9339dea53c54,남자,57,50대,강구조물 건립원,경상북-포항시 북구,False,
0bc7d3716fce44e68c35d886a2b1b94a,남자,68,60대+,시설 경비원,인천-동구,False,
1338dec2e8e1437490464be8fae4fa20,여자,20,20대,사무 보조원,경기-의정부시,False,
fa9748e2dc934228a4500ac36cb979ce,남자,93,60대+,무직,경기-용인시 기흥구,False,
ed7d444abc2342f0bcaec999aac171d2,여자,81,60대+,무직,강원-삼척시,False,
535f8d1ece0441e3aa827946c399cd6a,남자,63,60대+,건물 경비원,세종-세종시,False,
01385d54531f4efc82d170285f2e92d3,여자,57,50대,매장 정리원,서울-영등포구,True,14-17
0c33b5c327524603a5fdef06d2e8fd54,여자,57,50대,산업 안전원,경기-안산시 상록구,False,
8623062a4fc54500b478f848771f81d1,여자,31,30대,변호사,세종-세종시,False,
1d5c42974941471998edb02f91bef1a6,남자,62,60대+,연예인 매니저,경기-고양시 일산동구,True,11-14
9046af52d1ac4ca69f3d039cb5448bc1,여자,64,60대+,무직,전라남-무안군,False,
d72e4b95acf04b88b598de1d650da86c,여자,44,40대,금형원,경기-광주시,False,
6392c12069a7480995c709099fc6809a,남자,20,20대,일반 비서,울산-남구,False,
6f3b1e5755ee4272a27da8c4b40679fd,남자,29,20대,무직,부산-금정구,False,
9180e059b770494b9f254596e96df723,여자,52,50대,건물 경비원,전라남-곡성군,False,
77cf4c7429474745bcde3bb98449e349,여자,49,40대,무직,강원-춘천시,False,
f48d50ae74254403884eb06db6fe203c,남자,53,50대,시설 경비원,경기-안양시 동안구,False,
dbd9877d933a4a85bf63fcc3a8ec4da6,여자,33,30대,일반 비서,서울-은평구,True,17-21
863f2a8f911c41eb8f099ff202665784,여자,55,50대,건물 청소원,경상남-거제시,False,
1ca5ac2489714e2a970b0a6dab247c23,여자,43,40대,웹 운영자,경기-의정부시,True,17-21
9430cabb9f4140a791ea4fd529a6b9e4,여자,64,60대+,무직,경기-수원시 팔달구,False,
d4cac2e0e95e41e8a43c400c9e5b494d,여자,41,40대,무직,서울-관악구,True,14-17
29e30dc8575a4b148b39db02eca75bf4,남자,40,40대,냉난방·공조공학 기술자 및 연구원,경기-수원시 권선구,False,
c99be3aadc324e21bea1f02fe4e3a599,여자,38,30대,무직,광주-동구,False,
64d1e9e473c54cd580fbd3fedcd2b7af,여자,39,30대,소규모 상점 경영자,경상남-양산시,False,
f36f3875c41641f3a46ba2dbf55aac9e,남자,40,40대,통신기기 기술자 및 연구원,대구-중구,False,
cd80d77d43ff4eb0a7b2a5c78585ce25,여자,45,40대,무직,강원-원주시,False,
3c9ae48b21a543489214e52125613c09,남자,48,40대,데이터 관리 및 운영자,서울-구로구,True,17-21
3aa3b166c1764aeca02cf7d0401a5445,남자,73,60대+,무직,대구-북구,False,
ad6c4d0807ce4bc698d384ef754ce1ca,여자,21,20대,"전직 미디어 콘텐츠 창작자, 현재 구직중",인천-미추홀구,True,11-14
89df4687c31a479cb8f907bdc577808c,여자,71,60대+,무직,경기-과천시,False,
2d8f64e1aa84403fab4b07df75faff9f,남자,28,20대,통계 사무원,경상북-포항시 남구,False,
065d9ac00f714b63b6bb823a2ac86665,남자,65,60대+,무직,서울-은평구,False,
8cc165b93b894a038efbe7899cd911d0,여자,68,60대+,무직,서울-강북구,False,
715ae907aaa243da97a3af9377f6b7f3,남자,53,50대,경리 사무원,인천-강화군,False,
50aea7d166dc4ec484409baa41cc2ff8,남자,42,40대,무직,경기-고양시 덕양구,False,
b8cb70fc3dac41a2a755c32305988da1,여자,70,60대+,무직,서울-서초구,False,
1bcd641ac45c4ba4a7766ff1bfbc6f10,여자,21,20대,무직,경기-안산시 상록구,True,14-17
12fa87c995bb49958acea88f794e029d,남자,55,50대,시설 경비원,서울-노원구,False,
e579b4fcada34f909fe50970427e0693,여자,72,60대+,무직,경기-수원시 장안구,False,
ba93ea68807e41a699a39d9c5cbefb74,여자,83,60대+,한식 조리사,경기-이천시,False,
3b83d464b9834c009755fd1a8771bfa3,여자,61,60대+,그 외 서비스 관련 단순 종사원,경기-부천시 소사구,False,
0a1fa1e353754346abae4a565202bbdb,남자,20,20대,경호원,제주-제주시,False,
e60522fdc83446108aa51422129a2fc6,남자,33,30대,회계 사무원,전북-군산시,False,
7d3477050188482ba8fccb0f12c47a72,여자,59,50대,그 외 시설 및 특수 경비원,경기-김포시,False,
deeef4b99d83443fa25fe5ef1dc9cfd7,여자,28,20대,국가행정 사무원,제주-제주시,False,
b2ec439c515844f394d56d2b5ee87351,남자,49,40대,해군 장교,서울-강남구,True,17-21
e975145f9e044082b5a7ecff3874c2d3,여자,52,50대,자동 조립라인 조작원,서울-강서구,False,
eb31f4f2cdbe4bc5af44ca32d0442395,남자,57,50대,바텐더,서울-양천구,True,17-21
31754a139b154873af1bd7419657f995,여자,70,60대+,무직,인천-강화군,False,
2084e4b912144373bd080e5204a441d1,남자,53,50대,무직,인천-서구,False,
056b70789bf847c989a8726ab09688bb,남자,35,30대,정보 통신 컨설턴트,경기-파주시,False,
53ed848240e0400f88f110b9e4c2484d,남자,52,50대,무직,서울-서대문구,False,
2e75a6e9dddc425e9422d8e9cd3c1db2,남자,46,40대,119 구조대원,경상북-울진군,False,
91551d22b67f4b409ecad04f225b4782,남자,53,50대,전자제품 개발 기술자 및 연구원,경상남-거제시,False,
3f9ae1f98e7f4088b8a4b320fe2ea259,여자,62,60대+,무직,서울-강남구,False,
0796841ce1364274ac05edcc8bd05244,여자,63,60대+,무직,울산-울주군,False,
29d3459c4a3445f2868b8d44e38a55f0,남자,64,60대+,무직,충청남-홍성군,False,
7f9d28bcd5ae42ea84d9ae42097ba6d2,남자,68,60대+,회계 사무원,서울-동대문구,True,11-14
2a1a492f2e614968ad060c587270e9ee,여자,56,50대,국가행정 사무원,울산-남구,False,
b2380a5f9642420781471eb63e02d400,여자,48,40대,국가행정 사무원,서울-도봉구,False,
a59df9045bee4248b09c7b088f8ec30f,여자,25,20대,무직,전라남-광양시,False,
ccef60dac2cb4ba38d230a8911b898b3,남자,44,40대,실업 교사,서울-서초구,False,
768761731acb4d3dbc56fc18a395dfe4,남자,57,50대,육아 도우미,강원-삼척시,False,
0e811112d820448f99ef63bbe5291324,여자,47,40대,건물 내 전기 설치 및 정비원,강원-삼척시,False,
f69df15764404ea684124917cf66efa7,여자,42,40대,신용카드 모집인,서울-양천구,False,
828e64ee876f47658559cde54f6dc13d,남자,21,20대,무직,경상북-영주시,False,
e75203739af24ef7bdb645bdaa0f0c8d,여자,75,60대+,그 외 서비스 관련 단순 종사원,충청남-공주시,False,
917a6c776c3a4ed794354d2baf2e3e0c,남자,73,60대+,무직,경상남-통영시,False,
c0f78fe8137f42d493200d0c62d20f9c,여자,39,30대,전화 상담원,충청남-천안시 서북구,False,
32fd22d357244df8aa47af4f7cbdedce,여자,59,50대,그 외 전기·전자 부품 및 제품 조립원,경기-김포시,False,
5d98f80a9d2e48a1ae6deab5d54ffc6a,남자,60,60대+,자재 관리 사무원,서울-영등포구,True,14-17
9091ecd0fe6b460b8b192bb4223198d5,남자,24,20대,그 외 금속 및 재료 공학 시험원,충청남-부여군,True,17-21
2e3c8d1b42d24b68928cc89024efdc51,여자,67,60대+,도배공,대전-서구,False,
480226c3be5b4402a4b1c1b3c1964d59,남자,60,60대+,그 외 상점 판매원,인천-남동구,True,11-14
eae8da9d0cc447209649331023ffb0df,남자,24,20대,철도 기관사,경상북-구미시,False,
f1f57b9ea3134ccfb2c41d85fba13a1c,여자,57,50대,무직,인천-부평구,False,
b4bc8eab4d2f4fb0a5a6481371ed9d5a,여자,44,40대,유치원 교사,서울-송파구,False,
2c6a5fa0efc34c20814ee08a3418879e,여자,58,50대,보육교사,서울-도봉구,False,
3746481b94134db3a226f54032a4d56f,여자,57,50대,콘크리트패널 조립원,경기-평택시,False,
9cf4bdaa0a3a4b3fadb40c4a912e5324,여자,69,60대+,"전직 건물 경비원, 현재 구직중",전북-전주시 덕진구,False,
76887c1aead04327bb6a8750b60b659e,여자,45,40대,자동 조립라인 조작원,울산-북구,False,
e420b0e915d344f9af8a3e8c16b06bb9,남자,72,60대+,무직,대구-달성군,False,
1bbd5cb6995e4d2ca6856154478b103b,남자,72,60대+,철도운송 관련 종사원,경기-부천시 오정구,False,
d579e5a10caa4b01aa88231d346dbeac,남자,32,30대,비파괴 검사원,경기-파주시,False,
9dea0200106c4b2aa5d927b35cddfcd4,남자,39,30대,사무 보조원,경기-의정부시,False,
5ea3c16f9c9542a7a28aa6bd5795e9b7,여자,81,60대+,그 외 기계 조작원,서울-노원구,False,
cd16d1861c4c403a93c86b8f46ad30b0,남자,48,40대,사무 보조원,서울-동대문구,True,17-21
647c4bd8a9d84e79b5505a7bb5e2be62,남자,35,30대,교육 및 훈련 사무원,경기-고양시 덕양구,False,
64cfc1a31ac24940aa63d713d4628e70,남자,73,60대+,환경 관련 관리자,경기-양평군,False,
08d30f2e4d5c411a99b68f2dee0fc9c2,여자,68,60대+,검표원,경기-광명시,False,
0b160d2eaa4f40b6b6af944674bcf52d,여자,49,40대,시설 경비원,경기-남양주시,False,
c8d613644f2d4e8ea7951a9cad4707f1,여자,34,30대,판매 사무원,경기-고양시 일산동구,False,
9aa8e23d9b8f48ac85257c3fe370d0c0,남자,41,40대,용접기 조작원,경상남-양산시,False,
590d90636a5247bab13281a8879c3b4c,남자,78,60대+,부동산 중개사,대구-북구,False,
22d8c2b36eea4331974483a0b866d452,여자,62,60대+,무직,부산-연제구,False,
28d1364c7041433aafbb534d7673ebad,여자,39,30대,웹 운영자,대구-달성군,True,17-21
4ca36c1856194974ae420fee8c06d595,남자,69,60대+,영업 관리 사무원,경기-동두천시,False,
1fe3d33a5142468fa01a23723133b34f,남자,50,50대,하역 및 적재 관련 단순 종사원,경기-부천시 원미구,False,
3e91f492360f40fbaf656cfbfe565910,남자,63,60대+,무직,서울-노원구,False,
fdae07b852e24f598e871e42ab8ce0a6,남자,36,30대,지게차 운전원,대전-유성구,False,
d0a43eadc1f24709947d5fb31067391c,남자,40,40대,무직,부산-남구,False,
0996ba300c5942a294b78f9a1df13d18,남자,27,20대,철도운송 관련 종사원,서울-관악구,False,
31120a3af27f49d0b547414bd17dcd74,남자,19,10대,무직,경기-양주시,False,
65dc801092fd41a79c051ce0724426c4,남자,35,30대,공공행정 사무원,경기-부천시 오정구,True,11-14
99ffcc1c558e45b0a39079054e67197a,여자,69,60대+,텔레마케터,경기-성남시 수정구,False,
0ebf21f3ea794af68ff5f31f09af1059,남자,48,40대,"전직 시설 경비원, 현재 구직중",경기-성남시 중원구,False,
ed04eca3861048749890ea64b67f4797,남자,60,60대+,시설 경비원,충청북-옥천군,False,
cf5289ce47754fdea87a7dfa6f0577e4,여자,68,60대+,무직,서울-성북구,False,
2bd1114582d9468da92dce4dd541a452,여자,81,60대+,수동 포장원,전라남-해남군,False,
f5f9fb8224e14857bb5d0135bd3a1b2e,남자,76,60대+,무직,강원-정선군,False,
56ddcab1cb08458ebe636441d202e897,남자,45,40대,교육 및 훈련 사무원,서울-구로구,True,11-14
e28fdcb5f98c49e5b08015205c24c716,남자,67,60대+,무직,부산-북구,False,
d07e4dc32b784589834dd8accf5d67cd,남자,69,60대+,무직,울산-울주군,False,
ea9f139ba5784c8b9e48ced771f6649a,남자,45,40대,무직,경상북-김천시,False,
8ab4c4fe1b924f79a12d63eaf542a1c2,남자,67,60대+,무직,강원-원주시,False,
b9a7ff0559ce4835a4e031cde65a81c6,남자,32,30대,무직,경기-파주시,False,
3eebd4b47ef348e7910bd7d5d9b8cd52,남자,69,60대+,무직,경상북-포항시 북구,False,
fa9031ef1f2b49499b32c5a464c00209,남자,26,20대,범용 소프트웨어 프로그래머,세종-세종시,True,17-21
7a6aefa700734bdb8b2bebd9716f1998,남자,33,30대,사회 교사,강원-강릉시,False,
6310471aa10c4f02ada664bfb94bc679,여자,49,40대,공공행정 사무원,강원-횡성군,False,
d836c5f283c4490fa82cff90ad1af07b,남자,37,30대,토양 환경 기술자 및 연구원,경상남-창원시 마산합포구,False,
a4397b94ff2842618d6d18bf5de590fb,여자,20,20대,무직,경기-안산시 단원구,True,14-17
71175bf27dcf4aad927cc7415d67e958,여자,34,30대,모바일 애플리케이션 프로그래머,경상북-구미시,True,17-21
44e67c6a354c49248f415605e54a057e,남자,31,30대,무직,경기-가평군,False,
493d6d4fa9f54f68963b0dca28182fbc,남자,50,50대,시설 경비원,제주-제주시,False,
a2980e46b15d4f68a6c8806e94333ef8,여자,63,60대+,무직,경기-의정부시,False,
531c743fb03a414185573b8d23eae957,여자,20,20대,무직,서울-광진구,True,14-17
256f52fda3214d34ad2d1101706b191f,남자,48,40대,시설 경비원,서울-관악구,False,
c01e5cdc65704559ba0e6b71ab04b541,남자,64,60대+,사무 보조원,서울-도봉구,False,
a31f2fa747474e0e92bbccc7b1f5bba5,여자,60,60대+,선박 배관공,경상남-김해시,False,
7ca827fb01a04216bf00483064154697,여자,76,60대+,건물 청소원,부산-동래구,False,
aca5f33d042f426ebdcab489e6e0e3ca,남자,33,30대,산업 안전원,경상북-구미시,False,
63954130b4814485b3a6eda316747205,여자,55,50대,건물 경비원,인천-강화군,False,
058089655aa34263aa2f80125a4ef9e5,남자,36,30대,식품 영업원,서울-구로구,True,11-14
6a3cc20bb86f4f84b9fd1819eb368d53,남자,30,30대,화학제품 생산 관리자,경기-평택시,False,
f62e7789548840a89ecc9ebc75ff5c16,남자,56,50대,노점 및 이동 판매원,대구-중구,True,11-14
b69addc6396b4849a679aca5154b2099,남자,64,60대+,광고 및 홍보 관리자,경기-용인시 수지구,False,
0f2063bb105b49a59716bafcbdbebc6f,남자,45,40대,무직,경기-시흥시,False,
c05e8fa61f9943c1a001a325dbc1e381,남자,43,40대,특허 사무원,대구-동구,False,
21c2c6d36fda4ef595e5620ceb8ceb92,여자,82,60대+,무직,경기-의정부시,False,
7d018048b5b8408782fd609daf64c531,여자,71,60대+,무직,경기-양주시,False,
2ad76cea6cc843faba561ed958e2d0d1,남자,60,60대+,이용사,경상북-구미시,False,
c07244d0c48645c4bcd922b77cc81155,남자,73,60대+,그 외 물품 이동 장비 조작원,서울-영등포구,True,11-14
f900ed2d054b4a2d94272ae8a5bf4f9a,여자,34,30대,경영 컨설턴트,서울-성동구,True,17-21
26d8031729414d839e9f5d7f6e9c1297,남자,67,60대+,무직,경기-여주시,False,
3ff86431cf2b479db1782f34f53da21e,여자,19,10대,무직,전북-김제시,False,
06a59eca525d455ab48f74db7b3f49d7,여자,56,50대,건물 청소원,서울-송파구,True,14-17
567844f4f0994835981b08981f44a695,여자,81,60대+,무직,강원-원주시,False,
ea52ae59801d4c988b7b665b76e8e934,남자,33,30대,도로운송 사무원,경기-고양시 덕양구,False,
01bd9d51cd104522ac02c2bf46919494,남자,26,20대,경·소형 화물차 운전원,인천-서구,True,00-06
e42dec94e7264e7f924644025a60b73f,여자,51,50대,무직,강원-인제군,False,
388909ea83294ee4a7d437cd810be543,여자,27,20대,무직,서울-도봉구,True,17-21
28d3c69ae9dc4b36a89b316d96c44be0,여자,42,40대,유치원 교사,서울-은평구,False,
3ff09e69d13c4296b45cc7405403da8c,남자,54,50대,집행관,강원-영월군,False,
665377f0d74048f0882aac85ca56ad9a,여자,69,60대+,무직,서울-종로구,False,
3d8179576836497e942684c69865c0e7,여자,91,60대+,무직,인천-미추홀구,False,
8f9af056f5a54feb8f767d10e9bf26f5,여자,48,40대,정보 시스템 운영자,경기-수원시 팔달구,False,
43802083871c408c9119d95f517f1568,남자,44,40대,우편집배원,부산-기장군,False,
623ba6f2493c4509aa3c3dcd2a2b7a51,남자,24,20대,무직,경상북-포항시 북구,False,
0810778c6b6c4624ac779e0910ea14b2,남자,39,30대,교육 분야 교수,경기-파주시,False,
ef2973a4ddcb4676a768c9846da94b79,여자,69,60대+,무직,전북-군산시,False,
f6713334a7894e0995b9c7159c73045a,여자,75,60대+,무직,대구-군위군,False,
75e6725f228a4be8946d6ac4ccd0881c,여자,62,60대+,무직,인천-부평구,False,
3ed9b130420246d9a3dcdaf8dde722b9,여자,22,20대,총무 및 인사 관리자,전라남-목포시,False,
015a86d513c84ccbb803d5066179a883,남자,36,30대,중형 화물차 운전원,서울-은평구,False,
c0b2e8b7ceeb42a48dcfa762f112e6f9,남자,31,30대,무직,서울-동대문구,True,14-17
7bef871cfd9e481f848b98ad5757120b,남자,20,20대,그 외 인쇄기 조작원,광주-북구,True,17-21
3198447df76c44519eb37f75c4ef1d57,남자,56,50대,호이스트 운전원,충청북-제천시,False,
9e4fccf894904f8781e2f20769500bc3,여자,74,60대+,무직,인천-계양구,False,
2f4da7f707c6462e87847bb0d13a78be,남자,57,50대,경·소형 화물차 운전원,강원-춘천시,False,
7f8919cc7b9845b4b615e450ff8b2491,남자,42,40대,공학·제조 및 건설 분야 교수,서울-광진구,True,17-21
9eba5dcd039e4d9f8c56633980984960,여자,45,40대,"전직 대리 주차원, 현재 구직중",충청남-태안군,False,
219e6aecc00e407aaba5fc1513f900be,여자,38,30대,경리 사무원,충청남-천안시 동남구,True,17-21
47c9843bdf114ff590d2320f91d3ef3f,남자,70,60대+,무직,경기-이천시,False,
5957b1f986b54be58064c912855abbfb,남자,33,30대,회계 사무원,경기-김포시,True,17-21
24f2e3faf3d54dffae4b890e5cd3cb47,남자,46,40대,정보 보안 전문가,서울-강서구,True,17-21
6308b3b41805416894dd67bac13b4aee,남자,56,50대,그 외 기능 관련 종사원,광주-광산구,False,
b05f92d39bbc4aa49e114ee9822fc211,남자,29,20대,무직,경기-과천시,False,
6d2c51e03fbd42d1bdfe19f16f2eeb08,여자,63,60대+,무직,강원-원주시,False,
977221f07222454d881044d2a08b73b2,남자,42,40대,전기 용접원,강원-철원군,False,
8e2fcefa4c4141348d1cf42530f71cbb,남자,37,30대,무직,서울-송파구,True,14-17
93aff1bffea74f1a852d140543f6b71c,남자,60,60대+,무직,인천-연수구,False,
aa48a1aea05748ebb7867ac57d383e99,남자,41,40대,소규모 상점 경영자,대구-남구,True,11-14
fe979828709f4f08af78f12337da8c12,여자,28,20대,무직,인천-남동구,True,14-17
45b0ef643dbc453ea77424878f098084,남자,43,40대,공군 부사관,서울-중랑구,True,17-21
813cbabf5cb84cfb98ddee141ea1444f,남자,52,50대,건물 경비원,충청남-아산시,False,
bf65767db9e449e889dfc1fe8eef2382,여자,80,60대+,무직,경기-성남시 수정구,False,
c756695c09e9411fb953bdf849848d82,남자,40,40대,영업 관리 사무원,경기-화성시,True,17-21
81f73441dc634e70aa87f7db90b39566,남자,69,60대+,무직,부산-금정구,False,
4aba72ae2aa94dd8973dae61d3ccce59,여자,38,30대,무직,경기-용인시 수지구,False,
d447c90877ba43ecbf817c32d8d1af7a,남자,46,40대,영업 관리 사무원,서울-은평구,True,17-21
86c03640a2f7469288066cc92f5bfda2,남자,26,20대,범용 소프트웨어 프로그래머,서울-구로구,True,17-21
b607382bd2bc4baca861cc70f1a74cea,남자,70,60대+,시설 경비원,강원-춘천시,False,
c350904258474c30a7a25aab43c7c335,남자,24,20대,경영 기획 사무원,경기-김포시,True,14-17
cd8c6030d1d2431a85caab1dc6c56895,여자,77,60대+,무직,제주-서귀포시,False,
caa7e854e50e42b2960538b8ce0f4d5e,남자,35,30대,그 외 기계공학 기술자 및 연구원,대구-달서구,False,
42ab213fa05c44f485da3991ba29db2d,남자,35,30대,산업 안전원,전북-완주군,False,
eff247b7099b46549be5da32b698bb04,여자,46,40대,홍보 전문가,전북-군산시,True,17-21
5c8b75a502e444a28456947a694078eb,여자,42,40대,보육교사,전북-전주시 덕진구,True,14-17
2f733f40c42d4652ae0772f7e2535ac9,남자,55,50대,세제 생산기 조작원,경상북-경주시,False,
5c46c0bd0ec14198905d600978163227,여자,50,50대,무직,경기-화성시,False,
026648d80b534885bc5e1416ed6925e6,남자,41,40대,생산관리 사무원,인천-남동구,True,17-21
586707792ca842e29949dccd94182314,여자,33,30대,하역 및 적재 관련 단순 종사원,전라남-여수시,False,
42da187855f6465dac3178b3924218d4,여자,31,30대,냉난방기 관련 설비 조작원,경기-남양주시,False,
a18b81196f2d4d60ae67b0a40722bf43,여자,24,20대,전화 상담원,경기-안양시 동안구,True,17-21
efa70540da54485f8e04dec1e4ab9680,여자,53,50대,전기 도금기 조작원,경기-안양시 동안구,False,
7a2d1a6373b04695a5dcf4aaa7fed212,여자,29,20대,무직,서울-강동구,True,14-17
864201e1551a4ed0bdf61fa84dc87adb,남자,69,60대+,농업 단순 종사원,경기-부천시 원미구,False,
2b35b8d39e8244bfb5bdf803383f25dc,남자,49,40대,사무 보조원,경기-평택시,True,14-17
e737595e597a47d184226f4de413f230,남자,50,50대,크레인 운전원,서울-강동구,True,21-24
58253d89695943278c13e0d3665b2060,여자,71,60대+,무직,경기-남양주시,False,
990f1b8631934c009ceefb5d83f3c97f,남자,94,60대+,무직,부산-서구,False,
ad5cd33f3ae4460080629d7c1ae39106,여자,63,60대+,무직,서울-강동구,True,14-17
a5f6cfe582c640649704cc7780d0b032,남자,56,50대,상·하수 배관공,전라남-나주시,False,
c218a28f73b347ccaee7216686a7e3a4,여자,52,50대,소각로 조작원,대전-서구,False,
a3162991322049e8b2d1b165c95b5d61,남자,24,20대,온라인 쇼핑 판매원,경기-남양주시,True,17-21
ec0a34721a1048b4a86694eca6d7f54b,남자,67,60대+,그 외 상점 판매원,경기-안산시 상록구,True,11-14
eb44c320d5374ee6a32c8d565486758f,남자,83,60대+,무직,서울-은평구,False,
d9bcbb2b7aab48dd8cfb892de4ec0f10,여자,62,60대+,무직,충청북-제천시,False,
f6f9d92e2450433194d414f600a43493,남자,22,20대,관리 비서,광주-북구,False,
62781af8165c426692bf9cabaf5a1368,여자,45,40대,무직,서울-구로구,False,
a1b62457cd0d48f7bc00797c93f50550,여자,82,60대+,무직,충청남-홍성군,False,
31bab44db3b348a38b0dcc5a8a7c8a39,남자,74,60대+,무직,경기-이천시,False,
80841754a7d0471d9cf7e59de9c35faa,남자,38,30대,생산관리 사무원,부산-북구,False,
d80f98fdc49741a4983b219ec2e1c562,남자,58,50대,시설 경비원,경상남-산청군,False,
0f9be7fc0e3d407b898d4302e505b501,남자,56,50대,무직,충청남-당진시,False,
e0e839b7e6f54b13b1f8e91218bcbe62,남자,50,50대,무직,경기-파주시,False,
2220917143e642a89a76e0ef01eda282,여자,28,20대,텔레마케터,서울-영등포구,True,17-21
2bb5eab2b826448684bef785dd8a103c,남자,23,20대,건축 제도사,경기-오산시,True,14-17
aa8fb61175244caab78362bb4f62d6de,여자,64,60대+,무직,대구-달서구,False,
d0f928cc5bf0420f8f0de35732a88562,남자,21,20대,하역 및 적재 관련 단순 종사원,인천-미추홀구,False,
babb092576d04f1a990e53a9cfa6c038,남자,61,60대+,무직,충청남-공주시,False,
32ffce64651c4eea8df52cae17c4e3e5,남자,69,60대+,시설 경비원,전북-익산시,False,
0d4ab0f5d0cc49649ccf2b1123b05ca1,여자,23,20대,금속 열처리로 조작원,충청북-청주시 청원구,False,
dc52a27c975e42af968426dfc20976bd,여자,27,20대,변호사,서울-강서구,True,17-21
1a03f5cdf04a493e9cba1482bbc48872,여자,65,60대+,무직,충청남-당진시,False,
5c7821dca10248ad914bdc455927f02d,남자,45,40대,플랜트공학 기술자 및 연구원,전북-완주군,False,
83d4558671bc432bbba592909d774dcc,여자,85,60대+,무직,경기-수원시 장안구,False,
0d0e609e4aa24aa9a8c14543c83cb11e,남자,26,20대,토목 관련 관리자,서울-광진구,True,14-17
d21bc44ef7434bd090629451c28f10e2,남자,20,20대,그 외 화학공학 시험원,부산-해운대구,False,
c5d3cf610652449a840a25b92685f9cd,남자,40,40대,간판 제작 및 설치원,제주-제주시,False,
30a85a0b184a4681949421da973f7182,남자,22,20대,영업 관리 사무원,경기-양주시,False,
7c20016583b045c5addf3723b423063a,남자,56,50대,그 외 일반 영업원,경기-수원시 장안구,False,
54d2f048c427400eb082c33d65a8468a,여자,32,30대,주방 보조원,서울-종로구,True,11-14
abc4f928013146b98385038118292920,여자,41,40대,상·하수 배관공,서울-성북구,False,
be84b6a0ea0041858a263691835570a9,여자,55,50대,그 외 기능 관련 종사원,부산-연제구,False,
55fd62ca32a34d89af09e954511a6dbd,남자,81,60대+,무직,전북-완주군,False,
db8ff53040c94581bdeb83ab566b67be,여자,48,40대,그 외 전기·전자 부품 및 제품 조립원,서울-은평구,False,
2f466bc307f94c4ea172e3c07f92a19d,남자,66,60대+,무직,대구-남구,False,
959368453fe54167ade6dcaa3a0b6f6f,남자,70,60대+,무직,서울-금천구,False,
487a35cefa9c4f41b26be223b6f74266,여자,82,60대+,그 외 돌봄 및 보건 서비스 종사원,서울-중랑구,False,
5d421a33c30e4c3184442d032f1a7ab6,남자,50,50대,건물 경비원,서울-강북구,False,
b0faa14e0ce4497c81256a00870ff62a,여자,65,60대+,정육가공원,경기-광주시,False,
18dd730b3ea643d5a0c78ca6913ab859,여자,45,40대,일반 비서,경기-수원시 장안구,False,
df39053d58d0488cb08b5bf2edc65b69,여자,51,50대,무직,경기-이천시,False,
4dc2d64779cd417c8ae2c333044f7b21,여자,74,60대+,무직,인천-미추홀구,False,
8b9f9de3900b4cd2bd1f93bde8cae5d0,남자,50,50대,영업 관리 사무원,부산-북구,False,
9c874a58e87b47be91e2bfe1a79e56c4,남자,54,50대,"전직 하역 및 적재 관련 단순 종사원, 현재 구직중",전라남-장흥군,False,
b18cd8ebd25345faac87b8cb719e1268,여자,59,50대,그 외 판매 관련 단순 종사원,경상북-울진군,False,
3f2b48cc2e5a43fa90731552119dfd55,남자,71,60대+,택시 운전원,서울-성북구,False,
4e7f232b7e0945e9b4bcf6f5dd49dc76,남자,54,50대,검표원,부산-사하구,False,
35766f4c94cf432c82c46d361803feef,남자,61,60대+,무직,경기-평택시,False,
a496621dc5754ae9a29545a700f0e38c,남자,19,10대,무직,서울-광진구,False,
7d9081c923cf4cdb9c11036ea2bf2108,여자,43,40대,국어 교사,경기-용인시 수지구,False,
e5a1999b88dc451a934be5a8cafb7379,여자,81,60대+,간호조무사,경기-고양시 덕양구,False,
33f407976b1247b8b8e1712f72f460ab,남자,66,60대+,그 외 조리사,대전-유성구,False,
cb0dc4ce2d4e495cb5bc25d8bd484172,여자,70,60대+,주방 보조원,전라남-고흥군,False,
b14be1c3bb1e42c7bbb2b8ecff5e6ce4,남자,42,40대,경·소형 화물차 운전원,경상남-창원시 성산구,False,
e2a1d2b5be004e1eb22192823fb19370,남자,70,60대+,그 외 택배원,경기-고양시 일산서구,False,
ee36cf3777344b21a488cf7a2417b1f0,여자,64,60대+,전화 상담원,경상북-김천시,False,
29dc20a574ba43a69267dc2a07d0cc61,남자,25,20대,무직,경상남-창원시 성산구,False,
d0bd87274ba8447e8ccf72ef16f9330e,남자,38,30대,용접기 조작원,대전-서구,False,
bd054e4ba8d24b7681b81938aaf66187,여자,26,20대,무직,부산-남구,True,14-17
953fe414cf50455396fba02403d4d6d6,여자,70,60대+,무직,전북-남원시,False,
439997e8c4f3472498a8b28ef5065fb3,남자,21,20대,헤드헌터,전라남-화순군,False,
a56b11f8593149b7b3aa9800858c0c0b,남자,60,60대+,플랜트 배관공,광주-북구,False,
826bb716aa75414895414868ced0bf40,남자,52,50대,그 외 일반 영업원,서울-중랑구,True,11-14
47fbc7740e6648009e811aaffaa01fde,남자,51,50대,장례 지도사,서울-강동구,True,17-21
1c7e4ecc1b914b8991f3481f1083866c,남자,27,20대,토목 관련 관리자,대전-중구,True,11-14
3e156de95d0b496b83d453843e9f0b4a,남자,73,60대+,건물 경비원,충청남-아산시,False,
8e23368ee44441d792bc2d7b4b745b11,여자,27,20대,신차 영업원,경기-성남시 수정구,True,14-17
5d3e8b1a20c248f1beec8da43dda5811,남자,34,30대,해군 부사관,제주-제주시,False,
a7f51c2e17414fc28c0fe5c49b341a47,남자,40,40대,그 외 법률 관련 사무원,대전-서구,True,11-14
7eea7af5fa9d490f823ed3096b22ac2c,여자,45,40대,컴퓨터 설치 및 수리원,경상남-양산시,False,
9ae9827a7b124a4db29b5212bbc6feb3,여자,48,40대,소규모 상점 경영자,대구-남구,True,11-14
5cf82510915647dfa02606b790471d35,여자,51,50대,마케팅 전문가,부산-동래구,True,17-21
038ed506aa3a478f9532e4969d921e2f,여자,52,50대,사무 보조원,서울-동작구,False,
49c1cf6dccf54d58aec900c561440ec3,여자,83,60대+,무직,제주-제주시,False,
685e1980200143c8911cd918bc45b5b2,남자,66,60대+,사무 보조원,서울-노원구,False,
88e14f92ab2c4a1281b4dc625ca2a10f,여자,57,50대,무직,경기-의정부시,False,
a99c2720117841f99550f2f066554634,여자,46,40대,입학 사정관,인천-서구,False,
64f57e170e2d4a23bf7a19d200e49620,남자,63,60대+,전화 상담원,인천-남동구,False,
70153e688eb34045bfe231708b68753d,여자,64,60대+,무직,경기-양주시,False,
ef12194a1209454582b49ce62f45c328,남자,81,60대+,무직,광주-남구,False,
7c2e831ba6544759b31f12c419217c05,여자,78,60대+,무직,울산-북구,False,
6e13f953da084fa8856989bff69c14bc,남자,22,20대,그 외 상점 판매원,대구-서구,True,11-14
415170e7ca774604a502e4b3558bd68c,남자,40,40대,대기 환경 기술자 및 연구원,경상남-거제시,False,
e8a76b1e2fbf43498772f64248d117aa,남자,24,20대,사무 보조원,충청북-청주시 흥덕구,False,
a8bbf4c3e8b94cc6b9d7278f4de7b37b,여자,26,20대,냉난방기 관련 설비 조작원,부산-북구,False,
e84314921ab842ed921d29c02a4f7eb5,여자,93,60대+,무직,대구-달성군,False,
7d44dae601024433bfc1043355a855f2,남자,48,40대,육군 장교,대구-북구,False,
c94f4ed1ac604b87a49778a4adbd265d,남자,56,50대,휠체어 리프트 설치 및 정비원,경상남-거창군,False,
a539cfebe8104bc39df0963770b18883,남자,65,60대+,무직,부산-영도구,False,
d90744352117495b8eccf5fda45c584c,남자,50,50대,경영 기획 사무원,서울-성북구,True,17-21
cb4cb75a52ca4c1a812c40848ae2a715,남자,69,60대+,무직,서울-송파구,False,
aa29efd532224001929aacf35120a725,여자,57,50대,그 외 기계장비 설치 및 정비원,경상남-양산시,False,
a6b1cb0eed6740bfafad10517889d613,남자,65,60대+,무직,대구-중구,False,
aa50b220469446a7857ce1ed4c87380d,여자,48,40대,관리 비서,대전-유성구,False,
cc66b7d3d7884905b335e950eec0f16c,여자,58,50대,조사 전문가,대구-수성구,False,
f9082c0de3004f38a5e12dae5dfac480,남자,46,40대,모바일 애플리케이션 프로그래머,경기-시흥시,True,17-21
0a3273ece8c14abb87176c1f129da126,여자,66,60대+,차량 도장기 조작원,경상북-경주시,False,
0cc7284552a54b368a9636addf4d0884,여자,43,40대,소규모 상점 경영자,부산-사상구,False,
e1d57b09c7364425860d056953a5bb52,남자,41,40대,산업 안전원,인천-미추홀구,False,
0c251dfc83f34c7c9420524068dcd3bb,남자,56,50대,무직,서울-송파구,False,
e566d51adea24d0c8d0f58a8555519ec,여자,28,20대,무직,부산-연제구,False,
